test/success_rate,stats_o/std,stats_o/mean,test/episode,train/episode,epoch,train/success_rate,test/mean_Q,stats_g/mean,stats_g/std
0.0,0.04891075,0.20316021,20.0,100.0,0,0.04,-2.8277478,0.8441613,0.09141066
0.1,0.050666124,0.20374066,40.0,200.0,1,0.06,-4.4699717,0.84637374,0.09235382
0.05,0.04833179,0.20386913,60.0,300.0,2,0.03,-6.049716,0.84638137,0.09267706
0.0,0.04762852,0.20424147,80.0,400.0,3,0.07,-8.129796,0.8477624,0.09258532
0.05,0.04999411,0.20490639,100.0,500.0,4,0.02,-10.002541,0.8489662,0.092199385
0.0,0.052797455,0.20451656,120.0,600.0,5,0.03,-12.423219,0.8485133,0.09285744
0.05,0.051585365,0.20430066,140.0,700.0,6,0.03,-13.640848,0.8483248,0.093373485
0.1,0.05438876,0.20418073,160.0,800.0,7,0.05,-14.449614,0.8479848,0.094324835
0.15,0.055938795,0.20406894,180.0,900.0,8,0.01,-13.914853,0.8478586,0.093714
0.05,0.05647539,0.20407625,200.0,1000.0,9,0.06,-15.3218565,0.84778553,0.09377732
0.0,0.0562322,0.20424548,220.0,1100.0,10,0.02,-19.539783,0.8479197,0.09444451
0.0,0.057809323,0.20397079,240.0,1200.0,11,0.01,-21.720407,0.8472546,0.09496542
0.0,0.059589606,0.20396571,260.0,1300.0,12,0.04,-21.522215,0.8469853,0.09575393
0.05,0.059309907,0.20399249,280.0,1400.0,13,0.03,-20.44991,0.8469201,0.09575924
0.15,0.06031701,0.20395948,300.0,1500.0,14,0.02,-20.459126,0.84699297,0.09571316
0.1,0.061212942,0.2039696,320.0,1600.0,15,0.04,-22.65656,0.8467911,0.095618226
0.15,0.06281081,0.20389004,340.0,1700.0,16,0.03,-21.843311,0.84669304,0.09610736
0.05,0.06366191,0.20391254,360.0,1800.0,17,0.03,-24.89407,0.84623337,0.09648737
0.05,0.06461327,0.2037819,380.0,1900.0,18,0.0,-25.064323,0.845985,0.09754065
0.15,0.066383846,0.2036936,400.0,2000.0,19,0.04,-23.900509,0.8457745,0.09728757
0.05,0.06676535,0.20357406,420.0,2100.0,20,0.05,-23.627487,0.8457108,0.09726063
0.0,0.06658602,0.20359784,440.0,2200.0,21,0.03,-28.352512,0.8459683,0.09714424
0.05,0.06672207,0.20359284,460.0,2300.0,22,0.03,-25.866856,0.8458836,0.09714251
0.0,0.06737397,0.20353237,480.0,2400.0,23,0.07,-28.56361,0.8457298,0.097334504
0.05,0.068079926,0.20349659,500.0,2500.0,24,0.02,-27.064632,0.8453544,0.097599976
0.05,0.06883584,0.20338663,520.0,2600.0,25,0.04,-27.736185,0.8451924,0.098109305
0.0,0.069579266,0.20336476,540.0,2700.0,26,0.07,-27.64422,0.845416,0.09815484
0.1,0.070413284,0.20344709,560.0,2800.0,27,0.07,-26.778027,0.8453713,0.09796711
0.05,0.07216529,0.20347235,580.0,2900.0,28,0.02,-29.299835,0.8451581,0.09879453
0.05,0.07303585,0.20346102,600.0,3000.0,29,0.03,-27.05506,0.8451081,0.09902674
0.05,0.07426164,0.20337386,620.0,3100.0,30,0.04,-33.027225,0.8450267,0.09926012
0.1,0.07507892,0.20320055,640.0,3200.0,31,0.05,-30.236694,0.8447609,0.09950092
0.0,0.075271495,0.20319109,660.0,3300.0,32,0.09,-27.885365,0.8447485,0.099704824
0.0,0.07586944,0.20341668,680.0,3400.0,33,0.03,-31.428345,0.8449526,0.09989823
0.05,0.07636051,0.20346397,700.0,3500.0,34,0.08,-32.33474,0.84496504,0.10002502
0.05,0.07758089,0.20365475,720.0,3600.0,35,0.1,-29.390339,0.8451479,0.10033071
0.05,0.0774423,0.20373148,740.0,3700.0,36,0.08,-30.376617,0.845382,0.10017017
0.15,0.077705525,0.20366825,760.0,3800.0,37,0.06,-27.350803,0.8452398,0.100395195
0.0,0.07794459,0.20366949,780.0,3900.0,38,0.03,-29.490448,0.8451402,0.10017904
0.15,0.078361996,0.20361888,800.0,4000.0,39,0.05,-23.191616,0.8449188,0.100242086
0.1,0.078637,0.2036987,820.0,4100.0,40,0.06,-24.749287,0.84490246,0.100134514
0.0,0.079844244,0.20375068,840.0,4200.0,41,0.04,-24.748518,0.8449258,0.10014361
0.0,0.08056759,0.2037805,860.0,4300.0,42,0.09,-26.88558,0.8449492,0.10034218
0.0,0.08099701,0.2037983,880.0,4400.0,43,0.04,-25.813168,0.8448732,0.10026809
0.05,0.08120536,0.20379625,900.0,4500.0,44,0.04,-29.720066,0.8447869,0.10015448
0.1,0.08218335,0.2037831,920.0,4600.0,45,0.11,-26.503529,0.8448965,0.10016233
0.05,0.08250917,0.20376533,940.0,4700.0,46,0.04,-29.420898,0.8449359,0.100062646
0.1,0.08303087,0.20378025,960.0,4800.0,47,0.05,-22.691648,0.84486514,0.1001279
0.1,0.08316534,0.20379986,980.0,4900.0,48,0.11,-24.696888,0.8449204,0.100118995
0.05,0.083444156,0.20388383,1000.0,5000.0,49,0.04,-30.276714,0.8450389,0.10011786
0.05,0.08410995,0.2037745,1020.0,5100.0,50,0.12,-26.353619,0.8450305,0.1001113
0.15,0.08482377,0.20364912,1040.0,5200.0,51,0.12,-27.84372,0.84489584,0.10007963
0.05,0.08557355,0.20368575,1060.0,5300.0,52,0.05,-30.462158,0.844806,0.10023231
0.1,0.0861653,0.20370278,1080.0,5400.0,53,0.07,-26.355001,0.84472424,0.10032665
0.1,0.086929426,0.20368057,1100.0,5500.0,54,0.11,-27.118784,0.84470993,0.10025529
0.0,0.08754218,0.20375878,1120.0,5600.0,55,0.11,-28.465519,0.8449423,0.100275956
0.05,0.08777495,0.20381957,1140.0,5700.0,56,0.1,-26.970282,0.8449652,0.100207396
0.05,0.088391826,0.20379375,1160.0,5800.0,57,0.11,-28.270077,0.8448882,0.100703694
0.15,0.08878702,0.20378707,1180.0,5900.0,58,0.07,-23.896477,0.8449637,0.100811936
0.05,0.08948152,0.20377724,1200.0,6000.0,59,0.08,-23.576902,0.8448091,0.100981414
0.1,0.08981439,0.20373696,1220.0,6100.0,60,0.07,-23.176702,0.84465986,0.10127848
0.05,0.089951344,0.20372431,1240.0,6200.0,61,0.13,-25.561289,0.8447153,0.101199895
0.1,0.09016861,0.2036558,1260.0,6300.0,62,0.13,-21.633837,0.8447764,0.10119194
0.2,0.09055227,0.20366126,1280.0,6400.0,63,0.13,-21.506113,0.8447282,0.10125498
0.1,0.09117572,0.20368437,1300.0,6500.0,64,0.08,-19.3314,0.8447048,0.10145221
0.05,0.091686495,0.20377332,1320.0,6600.0,65,0.08,-21.50263,0.8447463,0.101385266
0.1,0.09210773,0.20373374,1340.0,6700.0,66,0.12,-24.167635,0.844763,0.101376176
0.1,0.0922794,0.20369789,1360.0,6800.0,67,0.13,-26.89418,0.8448027,0.10129581
0.1,0.09270948,0.20368364,1380.0,6900.0,68,0.18,-23.442877,0.8448023,0.101225354
0.15,0.093157746,0.20375894,1400.0,7000.0,69,0.16,-23.617903,0.8448672,0.10130852
0.05,0.09370256,0.20384236,1420.0,7100.0,70,0.19,-30.265223,0.84483576,0.10157373
0.2,0.09403209,0.20389439,1440.0,7200.0,71,0.11,-16.830067,0.84495115,0.101636924
0.2,0.094422534,0.20397206,1460.0,7300.0,72,0.12,-20.910997,0.84506875,0.10147811
0.1,0.09476114,0.20390812,1480.0,7400.0,73,0.12,-20.411007,0.8451457,0.10142535
0.1,0.0950978,0.20390578,1500.0,7500.0,74,0.15,-17.878506,0.8451016,0.101487674
0.2,0.0954551,0.20394841,1520.0,7600.0,75,0.23,-21.054173,0.8451279,0.10149675
0.25,0.096053295,0.20386639,1540.0,7700.0,76,0.21,-22.531462,0.84513664,0.10145835
0.15,0.09640969,0.20388836,1560.0,7800.0,77,0.22,-17.793575,0.8451297,0.10149336
0.1,0.096895024,0.20387487,1580.0,7900.0,78,0.17,-26.569967,0.8450055,0.10172701
0.25,0.09711442,0.20389618,1600.0,8000.0,79,0.26,-21.7813,0.8450744,0.10187086
0.15,0.09759594,0.20385914,1620.0,8100.0,80,0.2,-17.158691,0.8449957,0.10211033
0.25,0.09793943,0.2039028,1640.0,8200.0,81,0.13,-20.877056,0.8450708,0.102226324
0.5,0.09848768,0.20392665,1660.0,8300.0,82,0.19,-14.258474,0.8451471,0.10246781
0.3,0.09902733,0.20394698,1680.0,8400.0,83,0.22,-20.28184,0.8451927,0.102916606
0.25,0.09935543,0.20392406,1700.0,8500.0,84,0.15,-19.82163,0.84526294,0.102980584
0.3,0.0997745,0.20392153,1720.0,8600.0,85,0.23,-20.250977,0.845277,0.103041925
0.5,0.10023075,0.20391569,1740.0,8700.0,86,0.2,-17.594576,0.8453453,0.10302354
0.3,0.10061515,0.20397261,1760.0,8800.0,87,0.21,-19.2001,0.84527946,0.10309824
0.2,0.10087871,0.20397638,1780.0,8900.0,88,0.16,-21.297985,0.8453044,0.103083365
0.25,0.10106515,0.20397316,1800.0,9000.0,89,0.21,-22.127642,0.8452778,0.10323695
0.25,0.10140964,0.20401119,1820.0,9100.0,90,0.19,-23.483189,0.8452695,0.10352268
0.4,0.10189799,0.20404495,1840.0,9200.0,91,0.17,-18.226679,0.84525794,0.10369562
0.3,0.1023756,0.2040791,1860.0,9300.0,92,0.29,-24.641668,0.84528184,0.10388594
0.3,0.102774985,0.20405403,1880.0,9400.0,93,0.28,-21.099285,0.8452638,0.103931956
0.25,0.10318885,0.20404541,1900.0,9500.0,94,0.22,-23.358376,0.84516245,0.1039451
0.3,0.10343535,0.20412092,1920.0,9600.0,95,0.26,-14.981936,0.8451684,0.10387204
0.4,0.10363132,0.20410225,1940.0,9700.0,96,0.16,-15.880908,0.8451662,0.10385701
0.25,0.10384855,0.20414099,1960.0,9800.0,97,0.2,-20.772373,0.84522915,0.10382864
0.2,0.104040354,0.20420237,1980.0,9900.0,98,0.22,-17.579622,0.8453481,0.10368035
0.2,0.1045833,0.2042787,2000.0,10000.0,99,0.22,-22.429483,0.8453455,0.10396693
0.4,0.10510553,0.20426667,2020.0,10100.0,100,0.34,-13.428368,0.845275,0.10406945
0.4,0.105328456,0.20426908,2040.0,10200.0,101,0.21,-20.662703,0.84530026,0.10406827
0.35,0.10563114,0.20427848,2060.0,10300.0,102,0.21,-20.438955,0.8453073,0.10414312
0.25,0.1058066,0.2042754,2080.0,10400.0,103,0.23,-17.25303,0.84531665,0.10419179
0.35,0.106157504,0.20427631,2100.0,10500.0,104,0.27,-15.802213,0.8453104,0.10415673
0.3,0.10625601,0.20426296,2120.0,10600.0,105,0.46,-22.247074,0.8452751,0.10414386
0.3,0.10647026,0.20428774,2140.0,10700.0,106,0.3,-18.936777,0.8452466,0.10416039
0.35,0.1067647,0.20432323,2160.0,10800.0,107,0.27,-17.260675,0.84526247,0.10437509
0.25,0.10700484,0.20430136,2180.0,10900.0,108,0.39,-22.862247,0.84524745,0.1042935
0.5,0.10719443,0.20429012,2200.0,11000.0,109,0.37,-19.277477,0.8452688,0.10427754
0.45,0.107479274,0.2042512,2220.0,11100.0,110,0.36,-15.7628145,0.84519696,0.10436938
0.3,0.10777777,0.20427886,2240.0,11200.0,111,0.28,-21.593964,0.8452251,0.10440708
0.35,0.10801683,0.20425597,2260.0,11300.0,112,0.31,-16.866877,0.8453007,0.10446825
0.5,0.1085013,0.20422202,2280.0,11400.0,113,0.3,-17.960766,0.8453122,0.10458195
0.2,0.10896462,0.20421061,2300.0,11500.0,114,0.34,-23.695765,0.8452851,0.104777984
0.4,0.109183304,0.20423637,2320.0,11600.0,115,0.43,-17.710585,0.8453371,0.10471343
0.4,0.109522894,0.20419896,2340.0,11700.0,116,0.37,-18.678667,0.8452811,0.10484255
0.4,0.109950885,0.2041451,2360.0,11800.0,117,0.38,-16.772154,0.8452826,0.10499828
0.55,0.110461004,0.20414592,2380.0,11900.0,118,0.3,-17.556831,0.8452516,0.10519099
0.4,0.11072581,0.20411691,2400.0,12000.0,119,0.37,-14.129657,0.8451614,0.10531897
0.45,0.11107551,0.20406301,2420.0,12100.0,120,0.34,-13.80511,0.8451166,0.10533416
0.6,0.11136216,0.20406328,2440.0,12200.0,121,0.33,-10.833747,0.8451542,0.10526351
0.7,0.111569464,0.20405613,2460.0,12300.0,122,0.33,-10.530638,0.84514815,0.10527098
0.6,0.11180608,0.20408174,2480.0,12400.0,123,0.36,-11.550541,0.84519297,0.10525199
0.45,0.11197158,0.20406836,2500.0,12500.0,124,0.29,-17.914997,0.8451762,0.105431356
0.3,0.112033874,0.20408528,2520.0,12600.0,125,0.36,-18.792313,0.84516066,0.10544544
0.45,0.11246235,0.20408602,2540.0,12700.0,126,0.29,-15.107323,0.8451371,0.10560388
0.55,0.1127159,0.2041362,2560.0,12800.0,127,0.39,-14.1066265,0.8451512,0.10562325
0.45,0.11290195,0.20414092,2580.0,12900.0,128,0.35,-17.701694,0.84509367,0.10561773
0.5,0.11315573,0.20415853,2600.0,13000.0,129,0.4,-16.026026,0.84506965,0.105708696
0.6,0.11330159,0.20413324,2620.0,13100.0,130,0.33,-14.349887,0.8450162,0.10578146
0.55,0.11342072,0.20414141,2640.0,13200.0,131,0.41,-11.973101,0.84498495,0.10580466
0.55,0.113525316,0.20415781,2660.0,13300.0,132,0.4,-14.792033,0.84499353,0.105835535
0.35,0.11365697,0.20417127,2680.0,13400.0,133,0.33,-18.295664,0.8449784,0.10574752
0.45,0.11373233,0.20423324,2700.0,13500.0,134,0.43,-19.829342,0.8450465,0.10565809
0.45,0.113898925,0.20426115,2720.0,13600.0,135,0.4,-15.123962,0.845033,0.105598025
0.5,0.1140918,0.20426825,2740.0,13700.0,136,0.4,-14.663315,0.8450237,0.10552815
0.35,0.114238575,0.20429915,2760.0,13800.0,137,0.44,-19.789686,0.8450339,0.10546375
0.75,0.114403225,0.2043235,2780.0,13900.0,138,0.44,-8.11046,0.845027,0.10540807
0.8,0.11458723,0.20431006,2800.0,14000.0,139,0.38,-5.790195,0.84500307,0.105398536
0.65,0.114913575,0.20432082,2820.0,14100.0,140,0.48,-10.049721,0.84502774,0.105333276
0.6,0.11517869,0.20431475,2840.0,14200.0,141,0.44,-11.034788,0.8450051,0.10531387
0.3,0.115371615,0.20426728,2860.0,14300.0,142,0.35,-17.67992,0.8450179,0.105226494
0.5,0.11552964,0.2042895,2880.0,14400.0,143,0.37,-14.915972,0.8450587,0.10524988
0.6,0.11561592,0.20431085,2900.0,14500.0,144,0.46,-10.653448,0.8451202,0.10528928
0.7,0.11581373,0.20430192,2920.0,14600.0,145,0.44,-10.94517,0.84513944,0.10525739
0.45,0.11592879,0.20430014,2940.0,14700.0,146,0.52,-17.511179,0.84515375,0.10517218
0.35,0.115952075,0.20430818,2960.0,14800.0,147,0.4,-21.134872,0.84520525,0.105097264
0.45,0.11608024,0.20431536,2980.0,14900.0,148,0.4,-16.906834,0.8452417,0.105068065
0.5,0.11629088,0.20431697,3000.0,15000.0,149,0.44,-16.623116,0.8452363,0.105057456
0.6,0.11636148,0.20433366,3020.0,15100.0,150,0.4,-15.762629,0.8452613,0.105156064
0.55,0.11644682,0.20432746,3040.0,15200.0,151,0.44,-14.8267565,0.8452652,0.105114706
0.75,0.1165255,0.20428194,3060.0,15300.0,152,0.39,-10.7633505,0.84526324,0.105051346
0.5,0.11659269,0.20429307,3080.0,15400.0,153,0.4,-17.812922,0.8452559,0.105121285
0.55,0.11670399,0.20426524,3100.0,15500.0,154,0.47,-14.444626,0.845242,0.10507063
0.75,0.11677708,0.20428944,3120.0,15600.0,155,0.44,-11.379703,0.84524083,0.105057485
0.7,0.11687727,0.20431662,3140.0,15700.0,156,0.42,-12.344294,0.84526366,0.10505355
0.7,0.11695077,0.20428553,3160.0,15800.0,157,0.46,-11.92188,0.84523934,0.10504681
0.6,0.117130585,0.20432436,3180.0,15900.0,158,0.25,-14.686566,0.8452284,0.10504386
0.4,0.1172182,0.20431428,3200.0,16000.0,159,0.45,-22.69316,0.8452317,0.105092436
0.45,0.11727729,0.20430653,3220.0,16100.0,160,0.47,-17.11044,0.8452079,0.105070055
0.7,0.11730207,0.20430048,3240.0,16200.0,161,0.41,-9.814594,0.8451805,0.10502917
0.45,0.117464535,0.20433187,3260.0,16300.0,162,0.47,-17.992361,0.84518796,0.10501567
0.85,0.11751276,0.20432931,3280.0,16400.0,163,0.49,-8.363057,0.84517163,0.10497522
0.4,0.11750718,0.20432402,3300.0,16500.0,164,0.52,-22.550686,0.84514284,0.1048964
0.6,0.117508605,0.20433192,3320.0,16600.0,165,0.54,-12.440336,0.84513307,0.10485976
0.55,0.11750791,0.20434082,3340.0,16700.0,166,0.42,-17.739178,0.8451407,0.104836725
0.45,0.11767234,0.20436499,3360.0,16800.0,167,0.38,-19.269115,0.8451853,0.10483959
0.85,0.117744245,0.20437077,3380.0,16900.0,168,0.49,-7.2443514,0.8451817,0.10485238
0.55,0.11781645,0.20439324,3400.0,17000.0,169,0.47,-16.826607,0.8451426,0.1049341
0.45,0.11792972,0.20440477,3420.0,17100.0,170,0.36,-21.93516,0.8451434,0.10497854
0.65,0.11800857,0.2044405,3440.0,17200.0,171,0.42,-14.299158,0.845114,0.10502116
0.45,0.11803882,0.20445818,3460.0,17300.0,172,0.45,-20.63348,0.84510916,0.10504932
0.85,0.11799316,0.20447133,3480.0,17400.0,173,0.46,-8.766205,0.84509593,0.10505416
0.5,0.117999725,0.20447756,3500.0,17500.0,174,0.5,-17.726845,0.8450556,0.10513234
0.7,0.11807847,0.20445429,3520.0,17600.0,175,0.44,-10.111583,0.84502894,0.10517334
0.7,0.11811621,0.20449704,3540.0,17700.0,176,0.43,-14.288524,0.8450346,0.105189025
0.7,0.11808209,0.20453086,3560.0,17800.0,177,0.45,-12.116377,0.84504676,0.10516274
0.65,0.118143246,0.20455156,3580.0,17900.0,178,0.48,-15.798111,0.8450598,0.10514077
0.55,0.11815191,0.20456512,3600.0,18000.0,179,0.58,-16.59795,0.8450907,0.10510949
0.75,0.118281275,0.20456743,3620.0,18100.0,180,0.45,-10.186792,0.84511256,0.10517148
0.55,0.11828585,0.20460445,3640.0,18200.0,181,0.48,-15.967667,0.8451309,0.10528255
0.6,0.118377015,0.20456517,3660.0,18300.0,182,0.49,-12.598651,0.84508175,0.10542046
0.6,0.11838427,0.20454624,3680.0,18400.0,183,0.55,-13.543312,0.8450784,0.1054487
0.6,0.11843218,0.20454374,3700.0,18500.0,184,0.45,-15.875265,0.8450463,0.10544941
0.5,0.118480675,0.20455007,3720.0,18600.0,185,0.45,-15.472882,0.84503835,0.10553324
0.75,0.11842891,0.20454475,3740.0,18700.0,186,0.53,-9.801559,0.8450435,0.1055155
0.7,0.11853675,0.20457663,3760.0,18800.0,187,0.55,-13.3893585,0.84501153,0.10557423
0.55,0.11860994,0.20460346,3780.0,18900.0,188,0.46,-17.659985,0.8450368,0.10564524
0.65,0.11869414,0.20462812,3800.0,19000.0,189,0.4,-9.559074,0.8449917,0.105799936
0.5,0.11870984,0.2046217,3820.0,19100.0,190,0.56,-16.13401,0.84497815,0.10585198
0.65,0.11869111,0.20463562,3840.0,19200.0,191,0.53,-7.0961137,0.8449978,0.10583079
0.65,0.118782,0.20462231,3860.0,19300.0,192,0.49,-8.07923,0.845046,0.105864346
0.65,0.118826024,0.2046417,3880.0,19400.0,193,0.45,-15.079242,0.8450296,0.105910085
0.7,0.118886806,0.2046656,3900.0,19500.0,194,0.5,-11.379053,0.8450644,0.106021464
0.55,0.11892114,0.20462511,3920.0,19600.0,195,0.48,-15.862793,0.84510946,0.10604604
0.75,0.11898432,0.20461151,3940.0,19700.0,196,0.42,-9.286253,0.84511536,0.10606677
0.85,0.119074315,0.20458904,3960.0,19800.0,197,0.47,-5.9146967,0.8450866,0.10618662
0.45,0.11907766,0.20460168,3980.0,19900.0,198,0.59,-16.754265,0.84512216,0.10611236
0.6,0.11909504,0.20459631,4000.0,20000.0,199,0.45,-10.466532,0.845114,0.10613497
0.7,0.119169444,0.20458509,4020.0,20100.0,200,0.45,-11.354684,0.8450656,0.10616552
0.6,0.119155414,0.20458847,4040.0,20200.0,201,0.55,-10.526034,0.8450685,0.10622402
0.7,0.119171426,0.20460413,4060.0,20300.0,202,0.46,-7.4377794,0.8450869,0.106184185
0.7,0.11915357,0.20461252,4080.0,20400.0,203,0.45,-5.378808,0.84509826,0.10614892
0.7,0.11917105,0.20459904,4100.0,20500.0,204,0.44,-9.926774,0.84506804,0.10626874
0.7,0.1192138,0.20459343,4120.0,20600.0,205,0.49,-10.931094,0.8450442,0.10634635
0.85,0.1191848,0.20459463,4140.0,20700.0,206,0.5,-5.781859,0.84506464,0.106330395
0.7,0.11920469,0.20458339,4160.0,20800.0,207,0.45,-6.4945717,0.8450467,0.1064345
0.55,0.119206704,0.2045897,4180.0,20900.0,208,0.45,-15.055499,0.8450992,0.10644609
0.75,0.11920491,0.20460373,4200.0,21000.0,209,0.43,-7.4352427,0.84511214,0.10652122
0.75,0.1191814,0.20462343,4220.0,21100.0,210,0.4,-9.492999,0.8451169,0.10652693
0.75,0.11920513,0.20461585,4240.0,21200.0,211,0.52,-9.666835,0.8451163,0.10650513
0.7,0.119259745,0.20460851,4260.0,21300.0,212,0.53,-11.425624,0.8450723,0.106586486
0.55,0.11923845,0.20460911,4280.0,21400.0,213,0.48,-9.330558,0.84511,0.1065891
0.7,0.11923302,0.20460021,4300.0,21500.0,214,0.55,-10.3274145,0.8451404,0.106561035
0.65,0.11921928,0.20459835,4320.0,21600.0,215,0.51,-9.917955,0.8451581,0.10655495
0.75,0.11923681,0.20461796,4340.0,21700.0,216,0.46,-6.6947603,0.8452103,0.10655952
0.55,0.119255275,0.20460069,4360.0,21800.0,217,0.52,-12.685369,0.8452048,0.106562085
0.6,0.119348675,0.2045777,4380.0,21900.0,218,0.53,-8.759154,0.84519416,0.10660148
0.9,0.11940317,0.20456122,4400.0,22000.0,219,0.49,-4.902416,0.8451936,0.10668823
0.65,0.11951753,0.20455408,4420.0,22100.0,220,0.52,-9.30863,0.84515876,0.106861986
0.75,0.11965519,0.20454258,4440.0,22200.0,221,0.56,-6.064114,0.845102,0.10701551
0.7,0.119839974,0.20455082,4460.0,22300.0,222,0.51,-9.140617,0.84505194,0.10725167
0.75,0.11987904,0.20457277,4480.0,22400.0,223,0.56,-5.814753,0.845053,0.107248396
0.65,0.11989518,0.20455492,4500.0,22500.0,224,0.42,-9.823447,0.84501165,0.10729862
0.9,0.11985755,0.20456158,4520.0,22600.0,225,0.49,-5.18005,0.84502524,0.107307665
0.65,0.11978884,0.20456745,4540.0,22700.0,226,0.53,-11.098509,0.84503514,0.10730192
0.7,0.11977501,0.20458561,4560.0,22800.0,227,0.48,-10.292238,0.8450479,0.1072973
0.75,0.11972142,0.20458275,4580.0,22900.0,228,0.45,-7.057395,0.8450776,0.10728381
0.85,0.11971698,0.2045728,4600.0,23000.0,229,0.53,-4.8286448,0.8451035,0.10725802
0.9,0.119775936,0.20458573,4620.0,23100.0,230,0.46,-4.640428,0.84508276,0.10730547
0.85,0.119786,0.20459187,4640.0,23200.0,231,0.51,-5.347508,0.84508055,0.10729792
0.8,0.119819105,0.2046066,4660.0,23300.0,232,0.5,-7.9099283,0.8451026,0.107309796
0.6,0.11985037,0.20460215,4680.0,23400.0,233,0.5,-8.528774,0.8451626,0.10742313
0.65,0.119859315,0.20460367,4700.0,23500.0,234,0.58,-7.4091845,0.8451646,0.10750991
0.85,0.119884044,0.20461588,4720.0,23600.0,235,0.47,-4.122504,0.8451776,0.10756383
0.85,0.11990574,0.2045924,4740.0,23700.0,236,0.57,-2.2370694,0.8451882,0.1076133
0.75,0.11993422,0.20459193,4760.0,23800.0,237,0.46,-7.421885,0.8451912,0.10763675
0.65,0.119975284,0.20458417,4780.0,23900.0,238,0.55,-9.037883,0.8451829,0.10770082
0.7,0.12000643,0.20459399,4800.0,24000.0,239,0.64,-8.70981,0.84519273,0.107778974
0.85,0.12006428,0.20463917,4820.0,24100.0,240,0.54,-5.8172746,0.84519964,0.10778911
0.9,0.120129004,0.20466259,4840.0,24200.0,241,0.54,-1.8491882,0.84523153,0.10789243
0.75,0.12018789,0.20465147,4860.0,24300.0,242,0.57,-4.7081842,0.84522265,0.10789299
0.65,0.120170444,0.20467143,4880.0,24400.0,243,0.56,-8.909662,0.845228,0.10784122
0.8,0.12016235,0.20468025,4900.0,24500.0,244,0.58,-5.205014,0.84520364,0.10784018
0.75,0.12020482,0.20467572,4920.0,24600.0,245,0.47,-5.5206766,0.8452365,0.10785369
0.8,0.12016916,0.20468132,4940.0,24700.0,246,0.46,-4.4337726,0.84526855,0.107852824
0.65,0.12017339,0.204691,4960.0,24800.0,247,0.53,-6.551535,0.84527296,0.10784552
0.7,0.12019698,0.20468308,4980.0,24900.0,248,0.57,-4.501219,0.84526443,0.10788021
0.85,0.1202219,0.20470385,5000.0,25000.0,249,0.56,-4.331266,0.8452697,0.10790348
1.0,0.120255224,0.2047172,5020.0,25100.0,250,0.59,-1.0211934,0.8452721,0.10797751
0.65,0.12025067,0.204718,5040.0,25200.0,251,0.46,-5.501943,0.8452325,0.10812846
0.85,0.120257035,0.20472492,5060.0,25300.0,252,0.56,-3.1341126,0.84522086,0.1081732
0.65,0.12020275,0.20472124,5080.0,25400.0,253,0.55,-6.285432,0.8452323,0.108157836
0.85,0.12017012,0.20473288,5100.0,25500.0,254,0.64,-3.3954582,0.84525126,0.10810831
0.85,0.12015173,0.20471998,5120.0,25600.0,255,0.44,-4.018116,0.8452854,0.108127855
0.85,0.12015805,0.20473991,5140.0,25700.0,256,0.56,-3.1553779,0.8453114,0.108161114
0.95,0.120157,0.20474643,5160.0,25800.0,257,0.6,-1.7653068,0.8453265,0.10815161
0.8,0.12011892,0.20476009,5180.0,25900.0,258,0.54,-3.8292687,0.84535575,0.10813885
0.85,0.12010885,0.2047869,5200.0,26000.0,259,0.63,-2.98455,0.8453548,0.10812373
0.75,0.12011195,0.20480727,5220.0,26100.0,260,0.64,-3.8679702,0.84538007,0.108099066
0.85,0.12013351,0.2048156,5240.0,26200.0,261,0.56,-2.326721,0.84538776,0.10812979
0.7,0.120132074,0.20481996,5260.0,26300.0,262,0.67,-4.1125736,0.84540296,0.108104855
0.8,0.12011702,0.20484087,5280.0,26400.0,263,0.5,-3.0371747,0.84543824,0.1080982
0.9,0.12008772,0.2048417,5300.0,26500.0,264,0.62,-1.8199823,0.8454593,0.10807548
1.0,0.12005933,0.20485815,5320.0,26600.0,265,0.57,-1.0621588,0.8454769,0.108089976
0.7,0.120039135,0.20489618,5340.0,26700.0,266,0.59,-3.632122,0.8455065,0.10808736
0.8,0.12005899,0.20491804,5360.0,26800.0,267,0.5,-2.9306223,0.8455567,0.10809336
0.85,0.12005793,0.20492846,5380.0,26900.0,268,0.58,-2.755114,0.8455531,0.10809973
0.9,0.120027065,0.20493625,5400.0,27000.0,269,0.55,-1.8687792,0.8455716,0.1080963
0.95,0.12001001,0.20494671,5420.0,27100.0,270,0.57,-1.9361312,0.8456464,0.10808656
0.75,0.119952776,0.20495638,5440.0,27200.0,271,0.59,-3.4312892,0.8456941,0.1080688
0.85,0.11996812,0.2049925,5460.0,27300.0,272,0.55,-2.366539,0.8457307,0.108032875
0.85,0.11998354,0.20501696,5480.0,27400.0,273,0.6,-2.9604354,0.84574246,0.10799324
0.8,0.11996637,0.20501329,5500.0,27500.0,274,0.58,-3.2115085,0.845762,0.108004846
0.85,0.119944334,0.20504177,5520.0,27600.0,275,0.61,-2.0244439,0.845798,0.10797312
0.95,0.11995057,0.20506524,5540.0,27700.0,276,0.59,-0.9691251,0.8458681,0.10806322
0.9,0.11991516,0.20508367,5560.0,27800.0,277,0.57,-1.3025715,0.8459328,0.108064264
0.65,0.11988568,0.20510706,5580.0,27900.0,278,0.56,-3.0947945,0.84600514,0.10808367
0.8,0.119867936,0.20513201,5600.0,28000.0,279,0.61,-2.1194725,0.84602475,0.108037256
1.0,0.11987968,0.20515274,5620.0,28100.0,280,0.65,-1.6621666,0.84604406,0.10803526
0.95,0.11986715,0.20515846,5640.0,28200.0,281,0.61,-1.1822295,0.846091,0.108022094
0.9,0.119869165,0.20516612,5660.0,28300.0,282,0.61,-1.5706971,0.846131,0.10802252
0.8,0.119885854,0.20518522,5680.0,28400.0,283,0.52,-2.232657,0.8461779,0.108077794
0.7,0.11985663,0.20518547,5700.0,28500.0,284,0.63,-2.1767848,0.8462084,0.10805842
0.9,0.11985408,0.20520122,5720.0,28600.0,285,0.6,-1.3318564,0.84627366,0.10805866
0.8,0.119844906,0.2052143,5740.0,28700.0,286,0.49,-2.846642,0.846309,0.108089715
0.75,0.11982324,0.20522463,5760.0,28800.0,287,0.62,-2.5006711,0.8463511,0.10814602
0.85,0.119791955,0.20523196,5780.0,28900.0,288,0.61,-1.670109,0.84637284,0.10813177
0.75,0.119810924,0.20523907,5800.0,29000.0,289,0.56,-2.0430827,0.8463998,0.108163096
0.8,0.119754836,0.20525607,5820.0,29100.0,290,0.57,-1.8740088,0.8464534,0.10818023
0.9,0.119766325,0.20527965,5840.0,29200.0,291,0.57,-2.8035045,0.84648895,0.10821458
0.95,0.119744204,0.2052871,5860.0,29300.0,292,0.58,-0.9986761,0.84652525,0.10823191
0.85,0.11976208,0.20529309,5880.0,29400.0,293,0.56,-1.7318542,0.8465529,0.10823855
0.85,0.11976096,0.20530981,5900.0,29500.0,294,0.59,-3.1557977,0.8465776,0.108250566
0.95,0.11976369,0.20532745,5920.0,29600.0,295,0.54,-1.3655717,0.8465975,0.1082584
0.95,0.11975339,0.20535721,5940.0,29700.0,296,0.55,-1.1779648,0.84666055,0.10826137
0.9,0.11974334,0.20537052,5960.0,29800.0,297,0.53,-1.2721627,0.84670186,0.10824486
0.85,0.11973057,0.2053957,5980.0,29900.0,298,0.61,-1.2126569,0.8467502,0.10824957
0.95,0.11974433,0.20541866,6000.0,30000.0,299,0.59,-1.2762663,0.8467427,0.1082261
0.9,0.11974625,0.20546263,6020.0,30100.0,300,0.59,-0.9766878,0.84679365,0.10822704
0.85,0.11978203,0.20548066,6040.0,30200.0,301,0.6,-2.0184512,0.8468167,0.1082396
0.9,0.119785614,0.20550133,6060.0,30300.0,302,0.53,-1.345396,0.84687096,0.10827866
0.9,0.119786,0.20552783,6080.0,30400.0,303,0.6,-1.4651108,0.8469262,0.10826423
0.9,0.11978629,0.20554617,6100.0,30500.0,304,0.59,-1.4485843,0.8469751,0.108261704
0.95,0.11975926,0.20556347,6120.0,30600.0,305,0.57,-1.3508322,0.8470108,0.10826525
0.9,0.119706385,0.20558377,6140.0,30700.0,306,0.59,-1.5480331,0.8470748,0.10825109
0.95,0.11970093,0.20562242,6160.0,30800.0,307,0.44,-0.9416708,0.84712166,0.108273976
1.0,0.119668715,0.20563433,6180.0,30900.0,308,0.55,-1.0953648,0.8471589,0.1082645
0.95,0.11968588,0.20567161,6200.0,31000.0,309,0.57,-1.5779884,0.84721947,0.10831394
0.8,0.11967107,0.20570321,6220.0,31100.0,310,0.58,-2.548291,0.84723645,0.1083205
0.95,0.1196511,0.20571615,6240.0,31200.0,311,0.59,-1.3170583,0.8472776,0.10832116
1.0,0.11962145,0.20573673,6260.0,31300.0,312,0.63,-1.913847,0.84730846,0.108323954
0.9,0.11958466,0.20574236,6280.0,31400.0,313,0.68,-1.1137818,0.84733266,0.108280204
0.9,0.11958087,0.20576836,6300.0,31500.0,314,0.52,-1.969335,0.8473835,0.108287506
0.95,0.11959204,0.20577425,6320.0,31600.0,315,0.51,-1.2873442,0.8473974,0.10831517
0.95,0.11954998,0.20577623,6340.0,31700.0,316,0.62,-1.0116956,0.8474341,0.108290665
0.9,0.11952693,0.20579542,6360.0,31800.0,317,0.52,-1.4544184,0.8474691,0.10827881
0.9,0.119525544,0.20581281,6380.0,31900.0,318,0.6,-1.3952143,0.84749323,0.10830041
0.85,0.11953736,0.20580776,6400.0,32000.0,319,0.6,-1.2923067,0.847521,0.108323894
0.85,0.11955177,0.20582916,6420.0,32100.0,320,0.6,-1.0298301,0.8475449,0.10830492
0.9,0.11950104,0.20584746,6440.0,32200.0,321,0.63,-1.2227275,0.847572,0.108308695
1.0,0.11945104,0.20586306,6460.0,32300.0,322,0.58,-0.82648706,0.84757966,0.10828614
0.75,0.119430296,0.20587417,6480.0,32400.0,323,0.5,-1.7090228,0.8476184,0.10832977
0.9,0.119451016,0.2058872,6500.0,32500.0,324,0.54,-1.2213738,0.84765166,0.10834577
0.85,0.11943532,0.205891,6520.0,32600.0,325,0.62,-1.2969192,0.847658,0.108326815
0.75,0.11941325,0.20590782,6540.0,32700.0,326,0.64,-1.6896813,0.8476779,0.10830597
0.8,0.11941183,0.20592286,6560.0,32800.0,327,0.43,-1.2396857,0.8477399,0.10836954
0.85,0.11937524,0.20592722,6580.0,32900.0,328,0.59,-1.5085632,0.847773,0.10835991
1.0,0.11934719,0.20593357,6600.0,33000.0,329,0.59,-0.92405224,0.8477788,0.10832408
0.9,0.1193253,0.20595619,6620.0,33100.0,330,0.54,-1.2903057,0.84782606,0.1083061
1.0,0.11931174,0.20594959,6640.0,33200.0,331,0.56,-0.840916,0.8478361,0.10835251
0.95,0.119300544,0.20597562,6660.0,33300.0,332,0.61,-1.3393295,0.8478754,0.108355634
0.9,0.11928497,0.20598514,6680.0,33400.0,333,0.54,-1.3566239,0.84790224,0.108371936
1.0,0.11928573,0.20599726,6700.0,33500.0,334,0.53,-0.96516037,0.84792966,0.108349584
0.85,0.11926876,0.20602395,6720.0,33600.0,335,0.7,-1.5366766,0.8479642,0.1083273
0.9,0.119278885,0.20605569,6740.0,33700.0,336,0.57,-1.0462316,0.84799784,0.108338974
0.85,0.11926944,0.20608222,6760.0,33800.0,337,0.54,-1.5288799,0.8480261,0.10836824
0.85,0.11931051,0.20608385,6780.0,33900.0,338,0.58,-1.0096002,0.8480463,0.10839456
0.95,0.11930528,0.20610236,6800.0,34000.0,339,0.59,-0.90515816,0.8480768,0.10839524
0.95,0.119274266,0.20612416,6820.0,34100.0,340,0.53,-1.0983963,0.8480938,0.108395964
0.9,0.11925401,0.2061305,6840.0,34200.0,341,0.63,-1.164587,0.8481142,0.10839957
0.95,0.11920429,0.2061232,6860.0,34300.0,342,0.55,-1.0297743,0.8481249,0.10838293
0.95,0.11918234,0.20612499,6880.0,34400.0,343,0.51,-1.3328457,0.8481436,0.10840913
0.95,0.11916395,0.20611948,6900.0,34500.0,344,0.65,-1.2689954,0.8481521,0.108377725
0.9,0.11914066,0.2061181,6920.0,34600.0,345,0.55,-1.1385574,0.84817934,0.108369194
0.95,0.119127825,0.20612764,6940.0,34700.0,346,0.58,-0.90082633,0.8482041,0.10838532
0.9,0.11910827,0.2061449,6960.0,34800.0,347,0.58,-1.1279167,0.8482225,0.10837083
0.85,0.11908755,0.20614183,6980.0,34900.0,348,0.51,-1.285448,0.84824604,0.10836175
0.9,0.119077265,0.2061566,7000.0,35000.0,349,0.51,-1.0822107,0.8482859,0.10837782
1.0,0.119062155,0.20615263,7020.0,35100.0,350,0.64,-0.9816786,0.84829086,0.1083741
0.9,0.119057424,0.20615722,7040.0,35200.0,351,0.57,-0.9574806,0.848311,0.10835757
1.0,0.11905306,0.20616435,7060.0,35300.0,352,0.6,-0.82847226,0.8483065,0.108342834
0.9,0.11900913,0.20616789,7080.0,35400.0,353,0.68,-1.2837236,0.8482964,0.10831068
1.0,0.11899771,0.20617306,7100.0,35500.0,354,0.54,-0.9556972,0.8483343,0.10831087
0.85,0.11897326,0.20616743,7120.0,35600.0,355,0.64,-1.2856917,0.848331,0.10828408
0.75,0.118949786,0.206181,7140.0,35700.0,356,0.59,-1.7025265,0.8483725,0.10826841
0.9,0.118922606,0.20618983,7160.0,35800.0,357,0.68,-1.3215919,0.8483766,0.108279265
0.95,0.118907616,0.20619401,7180.0,35900.0,358,0.57,-1.3272017,0.8483958,0.108264945
0.8,0.118929125,0.2062155,7200.0,36000.0,359,0.6,-1.3251073,0.8484056,0.10826171
1.0,0.11892924,0.20621373,7220.0,36100.0,360,0.66,-1.0903666,0.84842014,0.10825932
0.95,0.11892755,0.20622408,7240.0,36200.0,361,0.59,-0.9943514,0.84842247,0.1082812
1.0,0.11890868,0.20623642,7260.0,36300.0,362,0.58,-1.1943812,0.848455,0.10826683
0.95,0.11890412,0.20624603,7280.0,36400.0,363,0.55,-1.3732843,0.84847045,0.10827131
1.0,0.118877575,0.20626116,7300.0,36500.0,364,0.59,-1.1114401,0.8484749,0.108261965
0.9,0.11885095,0.20627186,7320.0,36600.0,365,0.59,-1.2669001,0.8484747,0.10827429
0.9,0.11884242,0.20628136,7340.0,36700.0,366,0.57,-1.0884902,0.8484922,0.10824443
1.0,0.1187969,0.20628761,7360.0,36800.0,367,0.54,-1.1041565,0.8485115,0.10823978
0.95,0.11878708,0.20628433,7380.0,36900.0,368,0.61,-1.1396757,0.8485406,0.10824775
1.0,0.11874454,0.20627528,7400.0,37000.0,369,0.62,-1.0287734,0.8485615,0.10821273
1.0,0.1187248,0.20629735,7420.0,37100.0,370,0.53,-0.9907409,0.84858423,0.1082188
0.95,0.118708655,0.20629627,7440.0,37200.0,371,0.64,-1.486845,0.8485864,0.10819269
0.95,0.11867237,0.20630854,7460.0,37300.0,372,0.51,-1.0147247,0.8485952,0.10820046
1.0,0.11861988,0.20630164,7480.0,37400.0,373,0.6,-1.061,0.8486126,0.10817932
0.95,0.11861941,0.2063091,7500.0,37500.0,374,0.66,-1.1228244,0.8486321,0.10817704
1.0,0.11861884,0.20631109,7520.0,37600.0,375,0.55,-1.0418416,0.84864545,0.10819813
1.0,0.11862216,0.20630634,7540.0,37700.0,376,0.54,-0.6900002,0.84866196,0.1082022
0.9,0.11860973,0.20629534,7560.0,37800.0,377,0.6,-1.2606087,0.84866166,0.108187735
0.95,0.11860963,0.20630783,7580.0,37900.0,378,0.57,-1.0751394,0.8486783,0.10819309
1.0,0.11860404,0.2063168,7600.0,38000.0,379,0.58,-1.0451134,0.8486967,0.10819093
1.0,0.118593045,0.20631932,7620.0,38100.0,380,0.67,-0.9271957,0.8487062,0.10816499
0.95,0.11860027,0.20631938,7640.0,38200.0,381,0.65,-1.06862,0.8486943,0.10814003
0.9,0.118609875,0.20632349,7660.0,38300.0,382,0.51,-1.2037996,0.84871584,0.10816332
1.0,0.11861722,0.20633063,7680.0,38400.0,383,0.56,-0.792946,0.84870505,0.10816907
1.0,0.118584424,0.20633365,7700.0,38500.0,384,0.61,-0.94178945,0.84872085,0.10813728
1.0,0.118575916,0.20634592,7720.0,38600.0,385,0.5,-1.0790496,0.8487312,0.10812473
1.0,0.11855977,0.2063501,7740.0,38700.0,386,0.56,-1.1708884,0.84873396,0.10810402
0.9,0.11853839,0.20635319,7760.0,38800.0,387,0.45,-1.031761,0.8487552,0.10809797
1.0,0.11855078,0.20636858,7780.0,38900.0,388,0.61,-1.0930276,0.8487608,0.10809788
1.0,0.11850329,0.20637245,7800.0,39000.0,389,0.64,-0.87524545,0.84877247,0.10805377
0.95,0.118481606,0.20638303,7820.0,39100.0,390,0.57,-1.2888533,0.8487808,0.1080722
1.0,0.118454844,0.20637861,7840.0,39200.0,391,0.57,-0.9361432,0.8487678,0.10803261
1.0,0.11841123,0.20637839,7860.0,39300.0,392,0.61,-0.8509954,0.84878916,0.10798901
1.0,0.118401565,0.2063727,7880.0,39400.0,393,0.55,-1.0728921,0.84879667,0.10799557
0.9,0.118405454,0.20638019,7900.0,39500.0,394,0.47,-1.0359912,0.848804,0.10801452
0.95,0.11842718,0.20637585,7920.0,39600.0,395,0.52,-1.2509823,0.8488144,0.108020924
0.95,0.11842625,0.20638385,7940.0,39700.0,396,0.5,-1.5024154,0.84885234,0.10803393
0.95,0.1184095,0.20639353,7960.0,39800.0,397,0.54,-1.5475378,0.84887725,0.10804666
0.95,0.11842196,0.20639421,7980.0,39900.0,398,0.59,-0.9656577,0.8488975,0.10801968
0.9,0.118448935,0.20640543,8000.0,40000.0,399,0.57,-1.3501714,0.848908,0.10803893
0.9,0.118444316,0.20640196,8020.0,40100.0,400,0.61,-1.1192765,0.84891087,0.10801661
1.0,0.11844544,0.20640355,8040.0,40200.0,401,0.62,-1.1055219,0.84892553,0.107992865
0.9,0.11848875,0.2064063,8060.0,40300.0,402,0.56,-1.4436395,0.8489401,0.10802394
0.95,0.11845507,0.20641308,8080.0,40400.0,403,0.54,-1.0787643,0.8489463,0.10801625
0.95,0.11848282,0.20640984,8100.0,40500.0,404,0.53,-1.1961443,0.84894943,0.10804855
0.9,0.11845278,0.2064088,8120.0,40600.0,405,0.57,-1.1486521,0.8489859,0.10803265
0.95,0.118436195,0.20640811,8140.0,40700.0,406,0.53,-1.0135739,0.84898233,0.10800865
0.9,0.118423946,0.2064151,8160.0,40800.0,407,0.6,-1.4969008,0.84900886,0.10800654
1.0,0.118436396,0.20641688,8180.0,40900.0,408,0.55,-1.0095551,0.84902316,0.10800574
0.95,0.11840859,0.20642753,8200.0,41000.0,409,0.57,-1.2566613,0.8490383,0.107979976
0.95,0.11840871,0.2064391,8220.0,41100.0,410,0.6,-1.6034429,0.84903526,0.10796956
1.0,0.11838736,0.20645311,8240.0,41200.0,411,0.58,-0.9104884,0.84906095,0.10794902
0.95,0.11837348,0.20645168,8260.0,41300.0,412,0.45,-1.0179967,0.84908754,0.10793116
0.85,0.118392974,0.2064737,8280.0,41400.0,413,0.62,-1.3017308,0.84910685,0.10792305
1.0,0.11835715,0.20647539,8300.0,41500.0,414,0.62,-0.7730422,0.8491049,0.10790491
0.95,0.11835861,0.20646802,8320.0,41600.0,415,0.57,-1.0735834,0.8491106,0.10791705
1.0,0.118339166,0.2064593,8340.0,41700.0,416,0.49,-0.77836543,0.8491311,0.107910335
1.0,0.11833709,0.20646116,8360.0,41800.0,417,0.49,-1.0146368,0.84912354,0.10790961
1.0,0.1183177,0.20646374,8380.0,41900.0,418,0.56,-1.0384165,0.8491387,0.10789057
0.9,0.11830523,0.20645323,8400.0,42000.0,419,0.54,-1.2966652,0.84915334,0.1078885
0.9,0.11827834,0.20644951,8420.0,42100.0,420,0.46,-1.4336216,0.84917253,0.10789225
1.0,0.118267335,0.20645414,8440.0,42200.0,421,0.62,-0.85613716,0.84918404,0.10786561
1.0,0.11826454,0.20645781,8460.0,42300.0,422,0.57,-1.0243083,0.84919286,0.107849754
0.95,0.118265875,0.20646763,8480.0,42400.0,423,0.49,-1.0628393,0.84921044,0.107851
0.95,0.11825666,0.20646709,8500.0,42500.0,424,0.52,-1.09866,0.8492322,0.1078578
1.0,0.11823365,0.20646761,8520.0,42600.0,425,0.59,-0.98231345,0.84924394,0.107846715
0.95,0.11824023,0.20646586,8540.0,42700.0,426,0.58,-1.0299313,0.84924906,0.10785237
0.95,0.1182506,0.20646009,8560.0,42800.0,427,0.58,-1.0792613,0.8492329,0.10785455
1.0,0.118226975,0.20646313,8580.0,42900.0,428,0.64,-1.0340331,0.84923106,0.10785461
1.0,0.118196316,0.20646389,8600.0,43000.0,429,0.52,-1.0862831,0.84924835,0.107852064
0.95,0.11817518,0.2064714,8620.0,43100.0,430,0.47,-1.107164,0.8492798,0.10783821
0.95,0.11817436,0.2064763,8640.0,43200.0,431,0.52,-1.1120621,0.8492902,0.107833445
0.95,0.11813882,0.20647776,8660.0,43300.0,432,0.63,-0.94988555,0.8492957,0.1077975
1.0,0.11813453,0.20647722,8680.0,43400.0,433,0.55,-1.0849533,0.84930784,0.10781377
0.95,0.1181316,0.20647663,8700.0,43500.0,434,0.51,-0.88471395,0.8493226,0.10782387
1.0,0.1181328,0.20648566,8720.0,43600.0,435,0.61,-1.0746012,0.849318,0.1077966
1.0,0.118094884,0.20647608,8740.0,43700.0,436,0.61,-0.999431,0.8493314,0.10778377
0.95,0.118083,0.2064856,8760.0,43800.0,437,0.55,-1.2615672,0.84933466,0.10778884
1.0,0.11805706,0.20648465,8780.0,43900.0,438,0.52,-0.76501215,0.84932667,0.10780221
1.0,0.118044525,0.20648111,8800.0,44000.0,439,0.59,-0.9547552,0.84933704,0.10780039
0.9,0.11805413,0.2064838,8820.0,44100.0,440,0.6,-1.5726638,0.84934855,0.10780742
1.0,0.11803416,0.20648757,8840.0,44200.0,441,0.55,-1.0631889,0.8493759,0.10779663
0.95,0.118021555,0.20647813,8860.0,44300.0,442,0.55,-1.3407573,0.84937596,0.10778163
0.95,0.118019685,0.2064852,8880.0,44400.0,443,0.53,-1.2953858,0.84938836,0.1078169
0.95,0.118016556,0.20649338,8900.0,44500.0,444,0.53,-1.1143249,0.8494115,0.10779288
0.95,0.11804104,0.20649944,8920.0,44600.0,445,0.55,-1.3335913,0.84942055,0.10778455
1.0,0.11804542,0.20649357,8940.0,44700.0,446,0.54,-0.8509763,0.8494191,0.107776016
0.9,0.118041925,0.20649065,8960.0,44800.0,447,0.59,-1.3144461,0.84942836,0.10775753
0.85,0.11801496,0.20649624,8980.0,44900.0,448,0.57,-1.280177,0.8494263,0.10773152
0.95,0.11805115,0.2065138,9000.0,45000.0,449,0.43,-1.2987273,0.8494368,0.10777837
1.0,0.11804873,0.20651232,9020.0,45100.0,450,0.55,-1.3054832,0.8494568,0.10777562
1.0,0.11804409,0.20651497,9040.0,45200.0,451,0.58,-1.0411928,0.84946394,0.10777822
0.9,0.118064344,0.20650576,9060.0,45300.0,452,0.55,-1.3685879,0.84947425,0.10777406
1.0,0.118059285,0.20650938,9080.0,45400.0,453,0.47,-0.9800252,0.8494754,0.10777163
1.0,0.11804188,0.20650691,9100.0,45500.0,454,0.55,-1.2072289,0.8494778,0.1077624
1.0,0.118034385,0.20650837,9120.0,45600.0,455,0.54,-1.1109865,0.84949595,0.107757516
1.0,0.11802218,0.20650385,9140.0,45700.0,456,0.45,-0.92788583,0.84949136,0.10777503
0.95,0.11799295,0.20651701,9160.0,45800.0,457,0.49,-1.2776133,0.8494985,0.10776702
0.95,0.11797162,0.20651634,9180.0,45900.0,458,0.58,-0.9993741,0.849483,0.10776651
1.0,0.11797101,0.20651765,9200.0,46000.0,459,0.5,-1.1911978,0.84949636,0.107747585
1.0,0.11795957,0.20651822,9220.0,46100.0,460,0.58,-1.2156667,0.8495013,0.10772365
0.9,0.117940575,0.20652647,9240.0,46200.0,461,0.64,-1.3835514,0.84950733,0.107723676
1.0,0.11791379,0.20651297,9260.0,46300.0,462,0.47,-0.8913949,0.8495102,0.10771611
0.95,0.117923945,0.20651594,9280.0,46400.0,463,0.58,-0.96228665,0.84951955,0.10770697
1.0,0.11791019,0.20650777,9300.0,46500.0,464,0.57,-1.1048949,0.8495286,0.10768207
1.0,0.11787919,0.20650679,9320.0,46600.0,465,0.58,-0.6502677,0.84952694,0.107658125
0.95,0.11786974,0.20651333,9340.0,46700.0,466,0.58,-1.22611,0.84953004,0.10765653
1.0,0.117851,0.20651184,9360.0,46800.0,467,0.57,-1.1525457,0.8495361,0.10763543
1.0,0.1178597,0.2065076,9380.0,46900.0,468,0.58,-1.1520679,0.8495371,0.10763038
0.95,0.11785297,0.20650153,9400.0,47000.0,469,0.5,-1.1964842,0.84955406,0.107620835
1.0,0.11785953,0.20648819,9420.0,47100.0,470,0.53,-1.0076134,0.8495471,0.10765558
1.0,0.117858924,0.20649956,9440.0,47200.0,471,0.54,-1.3174682,0.84955883,0.10767082
1.0,0.11785299,0.20650221,9460.0,47300.0,472,0.44,-1.0729587,0.8495601,0.1076759
0.9,0.11785338,0.20650135,9480.0,47400.0,473,0.42,-1.1843307,0.84957594,0.10771044
1.0,0.11785712,0.20649904,9500.0,47500.0,474,0.49,-1.2241533,0.84956557,0.10773223
0.85,0.11783214,0.2065078,9520.0,47600.0,475,0.57,-1.324518,0.8495817,0.10770785
0.95,0.11781763,0.2065206,9540.0,47700.0,476,0.53,-1.4860703,0.84960884,0.107697345
1.0,0.1178272,0.20651722,9560.0,47800.0,477,0.51,-0.7696025,0.84959316,0.10771742
1.0,0.11781106,0.20652388,9580.0,47900.0,478,0.55,-1.0517014,0.84960884,0.107716076
1.0,0.11780388,0.20652007,9600.0,48000.0,479,0.54,-1.2004774,0.84962654,0.10772354
0.9,0.117797166,0.20652571,9620.0,48100.0,480,0.53,-1.3242526,0.8496458,0.10771624
0.95,0.11778614,0.20652813,9640.0,48200.0,481,0.52,-1.2923255,0.84965044,0.10769536
0.9,0.117768854,0.20652682,9660.0,48300.0,482,0.59,-1.3597324,0.8496688,0.107694834
1.0,0.11775832,0.20653297,9680.0,48400.0,483,0.54,-1.2716715,0.849678,0.10770106
1.0,0.11773368,0.2065353,9700.0,48500.0,484,0.51,-1.2049055,0.8497092,0.10770801
0.9,0.11773538,0.20653719,9720.0,48600.0,485,0.52,-1.6388769,0.8497003,0.107701935
1.0,0.117700756,0.20653567,9740.0,48700.0,486,0.62,-1.3561494,0.8497185,0.10770319
1.0,0.1176793,0.20652695,9760.0,48800.0,487,0.58,-1.0426165,0.84971744,0.107687674
1.0,0.11767478,0.2065245,9780.0,48900.0,488,0.59,-1.1046689,0.8497316,0.10767401
0.95,0.11765177,0.20652552,9800.0,49000.0,489,0.54,-1.1876853,0.84974545,0.107673556
0.95,0.11764645,0.20651938,9820.0,49100.0,490,0.5,-1.1800026,0.849755,0.10768131
0.95,0.11762276,0.20652065,9840.0,49200.0,491,0.54,-1.3205681,0.84977484,0.10767203
1.0,0.11760531,0.20651905,9860.0,49300.0,492,0.59,-0.9620395,0.84977835,0.10766899
1.0,0.11761581,0.20651837,9880.0,49400.0,493,0.52,-1.0501066,0.8497649,0.10771849
1.0,0.117601365,0.20651512,9900.0,49500.0,494,0.6,-1.0906336,0.8497636,0.10771031
1.0,0.1175828,0.20650713,9920.0,49600.0,495,0.54,-1.3228496,0.84977275,0.10770204
1.0,0.11756875,0.20651686,9940.0,49700.0,496,0.54,-0.8326707,0.84977025,0.10769316
0.95,0.11757039,0.20651811,9960.0,49800.0,497,0.61,-1.2029318,0.8497755,0.10766181
1.0,0.117550895,0.20651707,9980.0,49900.0,498,0.67,-1.1381602,0.84978837,0.107649244
0.95,0.117544524,0.20652615,10000.0,50000.0,499,0.5,-1.1913112,0.84979945,0.10765333
0.95,0.117558315,0.20652232,10020.0,50100.0,500,0.48,-0.94183236,0.84979373,0.107662715
1.0,0.11754129,0.20652255,10040.0,50200.0,501,0.43,-1.0218916,0.8498061,0.107655905
0.9,0.11755462,0.2065252,10060.0,50300.0,502,0.47,-1.3820174,0.84981376,0.107678026
1.0,0.117527045,0.20652361,10080.0,50400.0,503,0.45,-1.0095159,0.8498201,0.10768417
1.0,0.1175318,0.2065055,10100.0,50500.0,504,0.47,-0.85951585,0.8498206,0.10768437
1.0,0.11753097,0.2065034,10120.0,50600.0,505,0.51,-1.1735265,0.8498065,0.10770441
1.0,0.117534906,0.20649849,10140.0,50700.0,506,0.51,-1.0258964,0.849806,0.10770553
0.95,0.11751491,0.2064988,10160.0,50800.0,507,0.58,-1.0359468,0.8498025,0.10768762
1.0,0.11751184,0.20649064,10180.0,50900.0,508,0.47,-0.98772085,0.8498001,0.1076918
0.9,0.117495336,0.2064934,10200.0,51000.0,509,0.54,-1.6557398,0.849792,0.10768553
0.95,0.11747493,0.20648478,10220.0,51100.0,510,0.51,-1.1054541,0.84980017,0.10766988
0.95,0.11746413,0.20649248,10240.0,51200.0,511,0.55,-1.1422325,0.8498053,0.107668936
0.95,0.11745123,0.20649092,10260.0,51300.0,512,0.56,-1.2936713,0.84980965,0.107655086
1.0,0.11744093,0.20648372,10280.0,51400.0,513,0.58,-0.74067205,0.8498072,0.10763369
0.95,0.11742273,0.20648977,10300.0,51500.0,514,0.5,-1.1308556,0.84983534,0.1076233
1.0,0.11741791,0.20649779,10320.0,51600.0,515,0.54,-0.5710369,0.8498538,0.107642956
0.95,0.117393516,0.20650391,10340.0,51700.0,516,0.64,-0.84109944,0.8498635,0.107625365
0.9,0.11737776,0.20650123,10360.0,51800.0,517,0.56,-1.6478231,0.84987766,0.107634805
0.95,0.11736107,0.20649949,10380.0,51900.0,518,0.66,-1.0081729,0.8498915,0.107631214
1.0,0.11734333,0.20650129,10400.0,52000.0,519,0.53,-1.177864,0.84989625,0.10761932
1.0,0.11733058,0.2065063,10420.0,52100.0,520,0.56,-0.8079551,0.8499155,0.10762098
1.0,0.11732973,0.20650236,10440.0,52200.0,521,0.54,-0.9809495,0.84992486,0.1076254
0.85,0.11730697,0.20650573,10460.0,52300.0,522,0.59,-1.4163663,0.8499324,0.107620396
0.95,0.11728025,0.20651226,10480.0,52400.0,523,0.53,-1.0062128,0.84993243,0.10764104
0.95,0.11728451,0.20650473,10500.0,52500.0,524,0.49,-0.9861247,0.84994286,0.107652254
0.95,0.11727073,0.20650545,10520.0,52600.0,525,0.53,-1.022506,0.8499568,0.10763407
1.0,0.117261745,0.20650658,10540.0,52700.0,526,0.54,-0.73309404,0.84996843,0.10764176
1.0,0.11724697,0.20650706,10560.0,52800.0,527,0.47,-0.73039687,0.849976,0.10763779
1.0,0.11722247,0.20650178,10580.0,52900.0,528,0.56,-0.9494589,0.8499835,0.107627265
0.9,0.11721738,0.2065004,10600.0,53000.0,529,0.58,-1.3027899,0.8499916,0.10762644
1.0,0.117224455,0.20651451,10620.0,53100.0,530,0.58,-1.772242,0.85001063,0.107640065
1.0,0.11720902,0.20651008,10640.0,53200.0,531,0.57,-0.8631501,0.85001445,0.10763834
0.95,0.11720981,0.20651585,10660.0,53300.0,532,0.55,-1.0621505,0.85001945,0.107622825
0.95,0.11719302,0.20651625,10680.0,53400.0,533,0.59,-1.184169,0.850025,0.10759598
1.0,0.117172234,0.2065196,10700.0,53500.0,534,0.5,-0.85775363,0.8500429,0.10759422
0.95,0.117151044,0.20651884,10720.0,53600.0,535,0.58,-0.91299313,0.85004973,0.107569374
1.0,0.11716461,0.20651817,10740.0,53700.0,536,0.51,-1.0970504,0.8500552,0.1075828
1.0,0.11714803,0.20652466,10760.0,53800.0,537,0.53,-0.8772689,0.8500566,0.10758093
0.95,0.11716384,0.20652466,10780.0,53900.0,538,0.53,-1.1088521,0.8500569,0.10759604
0.95,0.11716328,0.20653178,10800.0,54000.0,539,0.58,-1.3313528,0.8500703,0.10760051
1.0,0.117159024,0.20654063,10820.0,54100.0,540,0.56,-0.9954699,0.85008186,0.10760216
0.95,0.1171544,0.20654467,10840.0,54200.0,541,0.56,-1.1713207,0.85008353,0.10760214
1.0,0.117157355,0.20654203,10860.0,54300.0,542,0.54,-0.98618,0.85008883,0.10760132
1.0,0.11715867,0.20654112,10880.0,54400.0,543,0.59,-1.0534526,0.8500866,0.10759186
0.95,0.11714962,0.20653541,10900.0,54500.0,544,0.59,-1.0571833,0.85009986,0.10759237
1.0,0.117155,0.20653439,10920.0,54600.0,545,0.49,-1.0065855,0.85010505,0.10758076
1.0,0.11713998,0.20653468,10940.0,54700.0,546,0.45,-1.1051406,0.85011,0.107593
1.0,0.11713221,0.206534,10960.0,54800.0,547,0.58,-0.98597145,0.85011476,0.107589655
1.0,0.11712054,0.20654353,10980.0,54900.0,548,0.53,-0.73706895,0.8501424,0.10758301
0.95,0.11712204,0.20654699,11000.0,55000.0,549,0.61,-0.9756645,0.85015076,0.10757045
0.95,0.11710701,0.20655201,11020.0,55100.0,550,0.52,-0.9680208,0.8501551,0.107557535
0.9,0.117089875,0.2065498,11040.0,55200.0,551,0.55,-1.0353124,0.85015345,0.10755361
1.0,0.11707984,0.2065515,11060.0,55300.0,552,0.52,-0.89757395,0.85015744,0.10753671
1.0,0.1170682,0.20654595,11080.0,55400.0,553,0.51,-1.0265406,0.8501629,0.10753244
1.0,0.117059916,0.20654769,11100.0,55500.0,554,0.53,-0.94246495,0.8501654,0.10752988
0.85,0.11705391,0.20654163,11120.0,55600.0,555,0.55,-1.3806771,0.8501673,0.10752318
0.95,0.11705195,0.20654722,11140.0,55700.0,556,0.56,-1.080205,0.8501726,0.107527085
0.9,0.11704538,0.20655258,11160.0,55800.0,557,0.49,-1.2241342,0.8501738,0.10752689
0.95,0.117029,0.2065486,11180.0,55900.0,558,0.53,-1.2055935,0.8501776,0.10752696
1.0,0.11703031,0.2065516,11200.0,56000.0,559,0.52,-1.2020115,0.8501868,0.10751438
0.9,0.11701646,0.2065572,11220.0,56100.0,560,0.55,-1.4031318,0.8501958,0.10750318
1.0,0.1169951,0.20655122,11240.0,56200.0,561,0.63,-1.2315265,0.85021305,0.10748705
1.0,0.11697125,0.20654863,11260.0,56300.0,562,0.5,-1.0437003,0.8502133,0.107473254
1.0,0.11697128,0.20654722,11280.0,56400.0,563,0.46,-1.169079,0.85022473,0.10747703
1.0,0.11696281,0.20654972,11300.0,56500.0,564,0.56,-1.0039139,0.85024077,0.10748025
0.95,0.11696331,0.20655707,11320.0,56600.0,565,0.51,-0.97514963,0.85024166,0.1074816
0.95,0.11694439,0.20656028,11340.0,56700.0,566,0.49,-1.5553377,0.8502392,0.10746684
0.95,0.116958246,0.20655654,11360.0,56800.0,567,0.58,-1.2585974,0.8502536,0.10746956
0.95,0.11694746,0.20655733,11380.0,56900.0,568,0.58,-1.1470972,0.85024685,0.10746395
1.0,0.116926946,0.2065593,11400.0,57000.0,569,0.51,-1.1187373,0.8502448,0.10745802
1.0,0.116906956,0.20655523,11420.0,57100.0,570,0.52,-1.0094769,0.85025054,0.107442655
0.95,0.1168911,0.20654781,11440.0,57200.0,571,0.51,-0.99522465,0.8502614,0.10744571
1.0,0.11687183,0.20655079,11460.0,57300.0,572,0.6,-1.0514678,0.85026985,0.107426964
1.0,0.1168737,0.20655257,11480.0,57400.0,573,0.6,-0.8058224,0.8502765,0.10742704
0.95,0.116861284,0.20654857,11500.0,57500.0,574,0.55,-1.2065529,0.8502824,0.107422955
0.9,0.11685992,0.20654899,11520.0,57600.0,575,0.55,-2.4213648,0.8502891,0.10743045
1.0,0.11687518,0.2065489,11540.0,57700.0,576,0.42,-0.9877467,0.8502905,0.10746048
1.0,0.116849214,0.20655793,11560.0,57800.0,577,0.54,-1.3060479,0.85028833,0.107455246
0.95,0.11684381,0.20655611,11580.0,57900.0,578,0.48,-1.5175198,0.8502898,0.10745304
1.0,0.116838045,0.20655337,11600.0,58000.0,579,0.54,-0.8681515,0.8502924,0.107459776
0.95,0.11682417,0.2065536,11620.0,58100.0,580,0.49,-1.2247725,0.8502982,0.10744818
0.95,0.11683291,0.20655817,11640.0,58200.0,581,0.53,-0.9548769,0.85030395,0.1074532
1.0,0.11683226,0.20656025,11660.0,58300.0,582,0.44,-1.2796986,0.8503105,0.1074695
1.0,0.116851814,0.20656425,11680.0,58400.0,583,0.48,-1.0518647,0.8503154,0.10747864
1.0,0.116862476,0.20656192,11700.0,58500.0,584,0.44,-0.8238827,0.8503313,0.107491255
1.0,0.11686921,0.20657136,11720.0,58600.0,585,0.57,-1.0728872,0.85032773,0.10749609
0.9,0.11685828,0.20657143,11740.0,58700.0,586,0.59,-1.4800365,0.8503351,0.10747411
0.95,0.116842076,0.20657657,11760.0,58800.0,587,0.61,-0.9388895,0.8503456,0.10746803
1.0,0.11683404,0.20658205,11780.0,58900.0,588,0.59,-0.936468,0.85036033,0.10747402
0.95,0.11681969,0.20657846,11800.0,59000.0,589,0.55,-1.2513205,0.8503688,0.1074619
1.0,0.11682197,0.2065771,11820.0,59100.0,590,0.57,-1.1085703,0.85037714,0.10747362
1.0,0.11683302,0.20657185,11840.0,59200.0,591,0.53,-0.5483731,0.85037106,0.10747575
1.0,0.11682525,0.20657444,11860.0,59300.0,592,0.56,-1.1936371,0.85035735,0.10746115
0.9,0.11683054,0.20657592,11880.0,59400.0,593,0.61,-1.2696602,0.85035706,0.10744377
1.0,0.11683538,0.20657204,11900.0,59500.0,594,0.53,-0.8968959,0.85034007,0.10744708
1.0,0.1168416,0.20657167,11920.0,59600.0,595,0.51,-1.0741832,0.8503484,0.10745392
1.0,0.11682663,0.2065748,11940.0,59700.0,596,0.46,-0.711173,0.85034657,0.107441954
1.0,0.11681328,0.20658062,11960.0,59800.0,597,0.62,-1.0184339,0.8503387,0.10741719
0.9,0.11680071,0.20658423,11980.0,59900.0,598,0.54,-1.2921804,0.85034305,0.10740519
1.0,0.11681148,0.20658746,12000.0,60000.0,599,0.5,-1.2430782,0.85034037,0.10740786
0.9,0.11679789,0.20659077,12020.0,60100.0,600,0.5,-1.4009559,0.8503356,0.107387446
0.95,0.11677973,0.20659128,12040.0,60200.0,601,0.57,-1.0136099,0.8503356,0.10737
1.0,0.116773225,0.20659891,12060.0,60300.0,602,0.56,-1.1053777,0.8503395,0.107378446
1.0,0.116749555,0.2066044,12080.0,60400.0,603,0.47,-1.0897249,0.8503571,0.10737008
0.9,0.116738774,0.20660196,12100.0,60500.0,604,0.47,-1.127811,0.8503661,0.10736836
1.0,0.116742745,0.2066015,12120.0,60600.0,605,0.58,-1.160482,0.85037094,0.107352614
0.95,0.116751835,0.20660044,12140.0,60700.0,606,0.46,-1.0420104,0.8503702,0.1073608
1.0,0.116727926,0.2065953,12160.0,60800.0,607,0.54,-1.4870552,0.85036427,0.10735291
0.9,0.11669574,0.20659237,12180.0,60900.0,608,0.53,-1.3708045,0.8503584,0.107346475
0.9,0.11667742,0.20659596,12200.0,61000.0,609,0.53,-1.330239,0.8503518,0.10734568
1.0,0.116674036,0.2066036,12220.0,61100.0,610,0.51,-0.9604257,0.8503642,0.107352115
1.0,0.1166684,0.20660093,12240.0,61200.0,611,0.6,-1.1351241,0.85036635,0.107332565
1.0,0.11666295,0.20660517,12260.0,61300.0,612,0.53,-1.1552277,0.85037166,0.107325785
0.9,0.11666247,0.20660123,12280.0,61400.0,613,0.51,-1.3678066,0.85035944,0.10732172
1.0,0.11668092,0.20659503,12300.0,61500.0,614,0.49,-0.9001856,0.8503489,0.107333936
0.95,0.11666254,0.20659488,12320.0,61600.0,615,0.45,-1.2095245,0.8503464,0.10733033
1.0,0.11665093,0.20659365,12340.0,61700.0,616,0.54,-1.1427538,0.8503601,0.10732023
0.95,0.116637945,0.2065919,12360.0,61800.0,617,0.56,-1.1481555,0.85036135,0.10730577
0.95,0.11663771,0.2066008,12380.0,61900.0,618,0.52,-1.2341008,0.8503719,0.107295424
1.0,0.11662363,0.20659629,12400.0,62000.0,619,0.62,-1.2978809,0.85036486,0.10728842
0.8,0.11661424,0.20660545,12420.0,62100.0,620,0.61,-1.2335012,0.8503687,0.107275255
1.0,0.11661001,0.20660013,12440.0,62200.0,621,0.49,-1.2567306,0.850373,0.10726669
0.95,0.11660914,0.2066034,12460.0,62300.0,622,0.39,-1.0311713,0.8503795,0.10727092
0.95,0.11661417,0.20660892,12480.0,62400.0,623,0.56,-1.182616,0.8503739,0.10726154
0.95,0.11662115,0.2066138,12500.0,62500.0,624,0.48,-1.0736997,0.8503837,0.10728401
0.95,0.116597995,0.20660657,12520.0,62600.0,625,0.62,-1.1153499,0.85037977,0.10726104
1.0,0.11657555,0.206601,12540.0,62700.0,626,0.62,-1.1304277,0.85036844,0.10724878
1.0,0.116601326,0.20660155,12560.0,62800.0,627,0.51,-0.9737271,0.85036755,0.10727758
1.0,0.11659669,0.20659576,12580.0,62900.0,628,0.48,-1.1226637,0.8503639,0.107284814
1.0,0.11658472,0.20659834,12600.0,63000.0,629,0.52,-0.8453596,0.8503745,0.10727482
0.9,0.11657432,0.20659949,12620.0,63100.0,630,0.55,-1.1989874,0.85036755,0.107256174
1.0,0.116583884,0.20659395,12640.0,63200.0,631,0.46,-1.1308476,0.85036874,0.107251175
0.95,0.11656661,0.20659721,12660.0,63300.0,632,0.61,-0.9977398,0.8503556,0.107228346
0.95,0.11657276,0.20659639,12680.0,63400.0,633,0.51,-1.2076051,0.85036373,0.10723954
0.95,0.11655372,0.20659733,12700.0,63500.0,634,0.45,-1.1485072,0.8503747,0.107234836
1.0,0.11654506,0.20660263,12720.0,63600.0,635,0.43,-0.9544365,0.8503849,0.107250385
0.95,0.11653144,0.20659775,12740.0,63700.0,636,0.46,-1.0204569,0.8503723,0.107253276
0.95,0.11653497,0.20660011,12760.0,63800.0,637,0.53,-1.0396218,0.850377,0.10724395
0.9,0.11652197,0.206604,12780.0,63900.0,638,0.57,-1.5560924,0.850391,0.10724416
0.85,0.11651239,0.206601,12800.0,64000.0,639,0.5,-1.218147,0.8503887,0.10725423
0.9,0.11650474,0.20659986,12820.0,64100.0,640,0.52,-1.1038011,0.850377,0.10724648
0.95,0.11649118,0.20660381,12840.0,64200.0,641,0.48,-1.042083,0.8503778,0.10724819
1.0,0.116489895,0.20660476,12860.0,64300.0,642,0.5,-0.69409895,0.85037804,0.10725746
0.9,0.11647589,0.2065981,12880.0,64400.0,643,0.53,-1.1035154,0.8503828,0.10724153
0.95,0.11647138,0.20659381,12900.0,64500.0,644,0.56,-1.2345302,0.85038394,0.10724201
0.95,0.11647667,0.20659193,12920.0,64600.0,645,0.58,-1.1707432,0.8503871,0.10724918
0.9,0.11646605,0.20659406,12940.0,64700.0,646,0.54,-1.0093379,0.8503907,0.10724471
0.95,0.1164505,0.20659214,12960.0,64800.0,647,0.53,-1.1906296,0.8503967,0.10724727
1.0,0.11645245,0.20658793,12980.0,64900.0,648,0.47,-1.1329435,0.85040617,0.10725031
0.9,0.11644502,0.20659025,13000.0,65000.0,649,0.53,-1.1747696,0.85040575,0.10724155
1.0,0.11646404,0.20659056,13020.0,65100.0,650,0.49,-1.1391203,0.85041124,0.107265554
1.0,0.11646568,0.20659535,13040.0,65200.0,651,0.52,-0.8879194,0.8504241,0.10727363
0.95,0.11647572,0.20659156,13060.0,65300.0,652,0.45,-1.3114153,0.8504324,0.107280634
1.0,0.1164719,0.20659608,13080.0,65400.0,653,0.53,-0.8157056,0.85043913,0.10728303
0.9,0.116461664,0.20659424,13100.0,65500.0,654,0.53,-0.9654749,0.8504358,0.10727015
0.9,0.11647445,0.20659858,13120.0,65600.0,655,0.44,-1.43255,0.8504374,0.10727552
1.0,0.1164575,0.20659564,13140.0,65700.0,656,0.58,-0.72756374,0.850444,0.1072644
1.0,0.11644012,0.20659567,13160.0,65800.0,657,0.45,-0.8964244,0.8504486,0.107266776
1.0,0.11642452,0.20659581,13180.0,65900.0,658,0.5,-0.9133543,0.85044646,0.10725099
0.9,0.116424516,0.2066019,13200.0,66000.0,659,0.46,-1.4982376,0.850447,0.10724944
1.0,0.1164157,0.20659487,13220.0,66100.0,660,0.49,-1.4396557,0.8504512,0.107234895
0.85,0.11641561,0.2065933,13240.0,66200.0,661,0.46,-0.9261988,0.85044575,0.107224375
0.9,0.11641533,0.20659563,13260.0,66300.0,662,0.59,-1.1540534,0.8504362,0.107229985
0.95,0.11641461,0.20659372,13280.0,66400.0,663,0.45,-0.8751817,0.8504365,0.107223146
1.0,0.11641025,0.20660484,13300.0,66500.0,664,0.48,-0.93376714,0.85045785,0.10722542
0.95,0.11640614,0.20660515,13320.0,66600.0,665,0.47,-1.1329522,0.8504684,0.10722858
1.0,0.11640705,0.20660883,13340.0,66700.0,666,0.48,-1.1866164,0.8504695,0.107236125
0.95,0.11642213,0.20660895,13360.0,66800.0,667,0.58,-1.0274037,0.85046226,0.10724265
1.0,0.116434544,0.20660986,13380.0,66900.0,668,0.57,-1.080837,0.8504645,0.10724971
0.9,0.11644024,0.20660752,13400.0,67000.0,669,0.52,-1.1349511,0.8504553,0.10726484
1.0,0.11642814,0.20661093,13420.0,67100.0,670,0.48,-1.0597584,0.85046357,0.10726968
0.95,0.11643898,0.20660457,13440.0,67200.0,671,0.5,-1.0361202,0.85045594,0.10728484
0.9,0.116449594,0.20660782,13460.0,67300.0,672,0.4,-1.3828758,0.8504503,0.10729533
0.95,0.11646575,0.20660913,13480.0,67400.0,673,0.47,-1.335593,0.85043645,0.10729766
1.0,0.11646448,0.20661522,13500.0,67500.0,674,0.47,-0.61270905,0.85042906,0.107300766
1.0,0.11645222,0.20661587,13520.0,67600.0,675,0.53,-0.9092885,0.85043025,0.10729291
0.95,0.11644005,0.20661801,13540.0,67700.0,676,0.56,-1.0555211,0.8504331,0.107281156
1.0,0.11641321,0.2066158,13560.0,67800.0,677,0.59,-1.082034,0.8504398,0.10727007
1.0,0.11641556,0.20661832,13580.0,67900.0,678,0.54,-1.1276017,0.85043484,0.10727396
1.0,0.116407976,0.20661621,13600.0,68000.0,679,0.57,-0.99868983,0.8504289,0.107257985
1.0,0.11640205,0.20661825,13620.0,68100.0,680,0.51,-0.81536376,0.8504327,0.107252955
0.95,0.116390064,0.20662408,13640.0,68200.0,681,0.52,-1.2211187,0.8504335,0.10725237
1.0,0.11638887,0.20662208,13660.0,68300.0,682,0.46,-1.0154508,0.8504371,0.10725838
0.9,0.116381034,0.20662582,13680.0,68400.0,683,0.52,-1.2321686,0.85044336,0.10725886
0.85,0.11639908,0.2066254,13700.0,68500.0,684,0.44,-0.9657558,0.85044646,0.1072742
0.95,0.11639074,0.20662288,13720.0,68600.0,685,0.55,-0.87142056,0.8504312,0.10727554
0.95,0.11638889,0.20661688,13740.0,68700.0,686,0.52,-1.1742139,0.8504338,0.10726321
0.95,0.116405696,0.206616,13760.0,68800.0,687,0.48,-1.1402107,0.8504458,0.10727305
0.85,0.11639899,0.20660885,13780.0,68900.0,688,0.42,-1.7448603,0.850436,0.10726126
0.9,0.11639471,0.2066124,13800.0,69000.0,689,0.51,-0.83456457,0.8504479,0.10726604
1.0,0.11638539,0.2066124,13820.0,69100.0,690,0.47,-1.1824764,0.8504475,0.10725736
1.0,0.11639258,0.20661339,13840.0,69200.0,691,0.52,-1.0141411,0.8504505,0.10725501
0.95,0.11640858,0.20661886,13860.0,69300.0,692,0.43,-1.0449798,0.8504607,0.10727009
1.0,0.11640654,0.20661941,13880.0,69400.0,693,0.51,-1.1589277,0.8504639,0.107269175
0.9,0.11638758,0.20661992,13900.0,69500.0,694,0.51,-1.2007613,0.8504593,0.10726419
1.0,0.11637399,0.20662569,13920.0,69600.0,695,0.61,-0.8929189,0.8504725,0.107246965
0.95,0.1163543,0.20661736,13940.0,69700.0,696,0.5,-0.91773146,0.85046124,0.10723538
1.0,0.11634772,0.20661588,13960.0,69800.0,697,0.58,-1.2005001,0.8504599,0.10722303
0.8,0.11635042,0.20660971,13980.0,69900.0,698,0.52,-1.3068542,0.8504643,0.107211985
1.0,0.11634408,0.20660311,14000.0,70000.0,699,0.52,-1.1697779,0.8504701,0.107199885
0.95,0.116323106,0.20660576,14020.0,70100.0,700,0.53,-1.129487,0.8504758,0.107187666
1.0,0.11631152,0.2066057,14040.0,70200.0,701,0.56,-0.9965369,0.8504844,0.10718901
1.0,0.11631397,0.20659846,14060.0,70300.0,702,0.5,-0.7690643,0.8504824,0.107190974
0.9,0.1162965,0.20660025,14080.0,70400.0,703,0.57,-1.2519976,0.85047704,0.10718074
0.85,0.116288185,0.20660001,14100.0,70500.0,704,0.56,-1.1083963,0.8504844,0.10717297
0.85,0.116276845,0.20659149,14120.0,70600.0,705,0.4,-1.3297291,0.8504958,0.10716503
0.95,0.116292134,0.20658678,14140.0,70700.0,706,0.54,-1.1779516,0.8504972,0.1071915
1.0,0.11628354,0.20659149,14160.0,70800.0,707,0.6,-0.9816843,0.8505009,0.10718963
1.0,0.11626439,0.20659126,14180.0,70900.0,708,0.59,-1.2551674,0.85049266,0.10717863
0.9,0.1162572,0.20659798,14200.0,71000.0,709,0.49,-1.2354534,0.8504904,0.107165016
0.9,0.116240405,0.20659761,14220.0,71100.0,710,0.53,-1.0892824,0.85049677,0.10716373
1.0,0.116220705,0.20659864,14240.0,71200.0,711,0.58,-1.2353215,0.85050184,0.107161194
0.95,0.11620184,0.2065984,14260.0,71300.0,712,0.55,-0.9576783,0.8505084,0.10715324
1.0,0.11618159,0.20659912,14280.0,71400.0,713,0.5,-1.0979408,0.850513,0.1071485
0.95,0.116173,0.20659737,14300.0,71500.0,714,0.51,-0.9035454,0.85051423,0.10714676
0.95,0.11616121,0.2065989,14320.0,71600.0,715,0.53,-1.2060947,0.8505273,0.10715451
0.9,0.11616113,0.20660475,14340.0,71700.0,716,0.52,-1.3514274,0.85053414,0.107162826
1.0,0.11614698,0.20661388,14360.0,71800.0,717,0.47,-0.8975094,0.8505475,0.107165046
1.0,0.11614388,0.20661545,14380.0,71900.0,718,0.47,-1.1145353,0.850547,0.107168995
1.0,0.11613662,0.20661183,14400.0,72000.0,719,0.5,-0.715021,0.8505537,0.10717854
1.0,0.11613479,0.2066123,14420.0,72100.0,720,0.62,-1.3212379,0.85055375,0.107171655
0.9,0.116133735,0.20661116,14440.0,72200.0,721,0.57,-1.3661416,0.8505476,0.107174166
0.95,0.11612511,0.20662068,14460.0,72300.0,722,0.41,-1.0948565,0.8505518,0.1071614
1.0,0.11611557,0.20661801,14480.0,72400.0,723,0.54,-1.0661935,0.8505549,0.10716504
1.0,0.116120294,0.20661886,14500.0,72500.0,724,0.46,-0.78551614,0.85056275,0.107156724
0.95,0.11614204,0.20662217,14520.0,72600.0,725,0.54,-1.1083034,0.8505547,0.10716364
0.9,0.11613514,0.20662081,14540.0,72700.0,726,0.56,-1.3754022,0.85054284,0.10716802
0.95,0.116116054,0.20661525,14560.0,72800.0,727,0.54,-1.2313929,0.8505408,0.107163936
0.9,0.11610863,0.206617,14580.0,72900.0,728,0.46,-1.2383554,0.85053897,0.10716075
0.9,0.11610853,0.20662078,14600.0,73000.0,729,0.48,-1.7085369,0.8505418,0.10716117
1.0,0.116098024,0.20661974,14620.0,73100.0,730,0.56,-0.82245797,0.85054255,0.107153185
0.95,0.11610391,0.20662445,14640.0,73200.0,731,0.51,-1.2255907,0.85055333,0.1071733
1.0,0.11609688,0.20662694,14660.0,73300.0,732,0.54,-0.851435,0.85054713,0.10716211
1.0,0.11610345,0.20662731,14680.0,73400.0,733,0.47,-1.1882596,0.85053796,0.10716318
1.0,0.11609598,0.20662498,14700.0,73500.0,734,0.57,-0.9296762,0.85054034,0.1071555
1.0,0.116104536,0.20662548,14720.0,73600.0,735,0.4,-0.80835915,0.8505439,0.10716244
0.95,0.11609833,0.20662105,14740.0,73700.0,736,0.53,-1.1181501,0.8505376,0.10715728
1.0,0.116091155,0.20662197,14760.0,73800.0,737,0.51,-1.3068063,0.8505413,0.10715561
1.0,0.11608094,0.20662309,14780.0,73900.0,738,0.47,-0.93586874,0.8505494,0.10715013
0.9,0.116078354,0.20662121,14800.0,74000.0,739,0.52,-1.249881,0.8505464,0.10715511
0.85,0.11607612,0.20661995,14820.0,74100.0,740,0.61,-1.4630907,0.8505397,0.10715068
1.0,0.11605609,0.20662177,14840.0,74200.0,741,0.52,-1.2753406,0.8505308,0.1071404
1.0,0.116044655,0.20661676,14860.0,74300.0,742,0.55,-0.6850143,0.8505345,0.10712846
1.0,0.11604948,0.20661354,14880.0,74400.0,743,0.45,-0.9041942,0.8505354,0.107134886
0.9,0.11605495,0.2066166,14900.0,74500.0,744,0.58,-1.2713462,0.8505388,0.1071254
0.95,0.11606428,0.2066216,14920.0,74600.0,745,0.49,-1.0901049,0.8505363,0.107144155
1.0,0.116052754,0.20661792,14940.0,74700.0,746,0.5,-0.840168,0.8505378,0.10712846
1.0,0.116050154,0.20662117,14960.0,74800.0,747,0.57,-0.9934424,0.8505439,0.10713959
0.95,0.1160534,0.20661826,14980.0,74900.0,748,0.53,-0.83956355,0.8505468,0.107118405
1.0,0.11606822,0.20661728,15000.0,75000.0,749,0.45,-0.97592324,0.8505599,0.10713357
0.95,0.11605429,0.2066167,15020.0,75100.0,750,0.52,-1.1961081,0.85056,0.1071358
0.95,0.11605484,0.20662035,15040.0,75200.0,751,0.47,-1.506207,0.8505645,0.10713395
0.9,0.11604318,0.20662004,15060.0,75300.0,752,0.55,-1.9069134,0.85057026,0.10713002
0.95,0.1160447,0.20661755,15080.0,75400.0,753,0.55,-1.4306799,0.85056883,0.10711321
0.8,0.116068296,0.20661896,15100.0,75500.0,754,0.46,-1.3470156,0.85056275,0.10713663
1.0,0.11605356,0.20661543,15120.0,75600.0,755,0.58,-1.4660221,0.8505632,0.10712254
0.95,0.11605694,0.20661688,15140.0,75700.0,756,0.52,-1.270771,0.85057026,0.107120864
1.0,0.11605012,0.20661226,15160.0,75800.0,757,0.49,-0.8241533,0.85057205,0.10711566
1.0,0.11605454,0.20661211,15180.0,75900.0,758,0.52,-0.78306496,0.8505747,0.10711229
0.95,0.1160394,0.20661372,15200.0,76000.0,759,0.51,-1.119283,0.8505818,0.10710409
0.95,0.11602794,0.20661251,15220.0,76100.0,760,0.61,-1.21483,0.8505779,0.10709598
1.0,0.116014436,0.20661594,15240.0,76200.0,761,0.45,-1.068747,0.8505892,0.10708978
1.0,0.11601551,0.20661098,15260.0,76300.0,762,0.6,-1.0598214,0.85059375,0.10708433
1.0,0.116021015,0.20660144,15280.0,76400.0,763,0.45,-0.99276924,0.85059005,0.10709091
1.0,0.11600821,0.20659898,15300.0,76500.0,764,0.55,-0.85055983,0.850591,0.10708034
0.95,0.11598798,0.20659487,15320.0,76600.0,765,0.6,-1.1863639,0.85059863,0.10706844
1.0,0.11598369,0.20658839,15340.0,76700.0,766,0.49,-0.9265351,0.85061103,0.107069016
1.0,0.11597875,0.20659079,15360.0,76800.0,767,0.56,-1.0552307,0.85061073,0.10705956
0.95,0.11597306,0.20658576,15380.0,76900.0,768,0.62,-1.2791278,0.8506133,0.1070539
1.0,0.115982816,0.20658427,15400.0,77000.0,769,0.57,-0.92907983,0.85062075,0.107057
0.95,0.1159745,0.20658024,15420.0,77100.0,770,0.53,-0.953122,0.8506255,0.107046045
0.95,0.11596776,0.2065818,15440.0,77200.0,771,0.61,-0.8187386,0.8506313,0.107032694
1.0,0.1159735,0.20658113,15460.0,77300.0,772,0.54,-1.0389721,0.85063195,0.107029855
0.95,0.1159559,0.20657586,15480.0,77400.0,773,0.51,-0.9869364,0.8506424,0.10704283
0.85,0.115953885,0.20657887,15500.0,77500.0,774,0.48,-1.1936576,0.8506465,0.107035615
1.0,0.115952365,0.20658079,15520.0,77600.0,775,0.42,-0.6165134,0.8506558,0.1070331
0.95,0.115937084,0.20657614,15540.0,77700.0,776,0.56,-1.1552751,0.8506568,0.10702914
0.95,0.11591565,0.20657596,15560.0,77800.0,777,0.57,-1.3624952,0.8506553,0.10701246
1.0,0.11592016,0.20656937,15580.0,77900.0,778,0.52,-0.9391495,0.8506601,0.10701072
0.9,0.1159171,0.20657118,15600.0,78000.0,779,0.49,-1.0224121,0.85066766,0.10699258
1.0,0.11592822,0.20656735,15620.0,78100.0,780,0.49,-0.9370386,0.8506775,0.10699279
1.0,0.11592254,0.20656824,15640.0,78200.0,781,0.45,-1.076209,0.8506829,0.10699723
0.95,0.115927935,0.20656967,15660.0,78300.0,782,0.53,-1.0982298,0.850688,0.107009865
1.0,0.115922555,0.20657146,15680.0,78400.0,783,0.49,-0.9663044,0.8506821,0.10700205
0.9,0.115926266,0.20657922,15700.0,78500.0,784,0.44,-1.3177608,0.8506848,0.10700238
1.0,0.115921184,0.2065823,15720.0,78600.0,785,0.44,-1.5440186,0.85069245,0.106995165
0.95,0.11591011,0.20658618,15740.0,78700.0,786,0.51,-1.0303551,0.8507018,0.106978685
0.95,0.1159002,0.20659217,15760.0,78800.0,787,0.51,-1.1667051,0.85070986,0.10696745
0.95,0.11588458,0.20658976,15780.0,78900.0,788,0.58,-0.93388766,0.85071045,0.10695401
0.95,0.11587297,0.2065874,15800.0,79000.0,789,0.46,-0.87738115,0.85070896,0.10694325
0.95,0.11588062,0.20658359,15820.0,79100.0,790,0.54,-1.3498349,0.85070974,0.10694488
0.95,0.11587215,0.20658192,15840.0,79200.0,791,0.61,-1.1274608,0.8507135,0.10694724
0.9,0.11587019,0.20658521,15860.0,79300.0,792,0.54,-1.3186731,0.8507145,0.10693943
0.95,0.11585716,0.2065878,15880.0,79400.0,793,0.52,-1.3650453,0.8507159,0.106927246
0.95,0.115849406,0.20657995,15900.0,79500.0,794,0.45,-1.3482013,0.85071653,0.10692769
1.0,0.11584286,0.20658542,15920.0,79600.0,795,0.53,-0.79269874,0.8507313,0.10691842
1.0,0.1158451,0.20659064,15940.0,79700.0,796,0.51,-1.3357751,0.8507386,0.10691648
0.9,0.11586371,0.20659316,15960.0,79800.0,797,0.52,-1.3243644,0.85074854,0.10693598
0.85,0.11586316,0.20659357,15980.0,79900.0,798,0.48,-1.5045755,0.8507633,0.10693729
0.9,0.115854934,0.20659596,16000.0,80000.0,799,0.48,-1.3113717,0.85076934,0.10692487
1.0,0.11584548,0.2065954,16020.0,80100.0,800,0.48,-0.8400148,0.8507786,0.10691703
0.95,0.115830585,0.20660277,16040.0,80200.0,801,0.55,-1.1044055,0.85079,0.10690942
0.9,0.11583259,0.20659888,16060.0,80300.0,802,0.45,-1.4362262,0.8507901,0.106914945
1.0,0.115809344,0.2066004,16080.0,80400.0,803,0.65,-1.3114213,0.85078114,0.10689784
0.95,0.11579995,0.20660439,16100.0,80500.0,804,0.51,-0.98752975,0.8507838,0.106887855
1.0,0.11578782,0.20660828,16120.0,80600.0,805,0.57,-1.0630554,0.8507833,0.106876045
0.95,0.11577266,0.20661171,16140.0,80700.0,806,0.61,-1.483103,0.8507881,0.106857985
0.95,0.1157605,0.20661448,16160.0,80800.0,807,0.49,-1.0578412,0.85079366,0.106863536
1.0,0.11574823,0.2066123,16180.0,80900.0,808,0.47,-0.98783934,0.850795,0.10684898
1.0,0.11573992,0.20661423,16200.0,81000.0,809,0.58,-1.33968,0.85079217,0.10685293
0.95,0.11575072,0.20661737,16220.0,81100.0,810,0.51,-0.9471675,0.85079175,0.10685006
0.95,0.115740016,0.20661987,16240.0,81200.0,811,0.49,-1.2828994,0.8507864,0.10684306
0.95,0.11573546,0.20662004,16260.0,81300.0,812,0.43,-0.8326335,0.8507826,0.10684493
1.0,0.11573942,0.20662183,16280.0,81400.0,813,0.5,-0.8885461,0.85079074,0.10684774
0.95,0.115739554,0.20662814,16300.0,81500.0,814,0.58,-0.8794382,0.8507963,0.10684221
1.0,0.11571816,0.20662607,16320.0,81600.0,815,0.45,-0.8595915,0.8508024,0.10683372
0.9,0.1157263,0.20662503,16340.0,81700.0,816,0.48,-0.93840873,0.85079867,0.10683495
1.0,0.11571812,0.20662707,16360.0,81800.0,817,0.58,-1.0211653,0.85079867,0.10683101
0.95,0.115710884,0.20663491,16380.0,81900.0,818,0.53,-1.157516,0.8507962,0.10681794
0.95,0.11569973,0.20664006,16400.0,82000.0,819,0.49,-1.3552947,0.85080767,0.106816135
1.0,0.11569966,0.20663336,16420.0,82100.0,820,0.55,-0.8455594,0.8508021,0.106817305
1.0,0.11568472,0.20663445,16440.0,82200.0,821,0.55,-1.0907149,0.8508058,0.106803566
1.0,0.11568661,0.20663477,16460.0,82300.0,822,0.51,-1.2705448,0.850811,0.10682106
1.0,0.11568549,0.20664093,16480.0,82400.0,823,0.5,-0.7361469,0.8508155,0.106820226
1.0,0.11569105,0.20664084,16500.0,82500.0,824,0.53,-0.8788597,0.8508146,0.106816135
0.95,0.11568865,0.20664611,16520.0,82600.0,825,0.45,-1.3019114,0.85082453,0.10681187
0.95,0.115672596,0.20664561,16540.0,82700.0,826,0.54,-0.798945,0.8508217,0.10679447
0.85,0.11564718,0.20665066,16560.0,82800.0,827,0.61,-1.2688913,0.85083073,0.1067824
0.75,0.11563275,0.20665392,16580.0,82900.0,828,0.6,-1.5909331,0.8508418,0.10676869
1.0,0.11564335,0.20665006,16600.0,83000.0,829,0.52,-1.2070888,0.8508415,0.10677254
0.95,0.11564173,0.20665416,16620.0,83100.0,830,0.51,-1.2160981,0.8508465,0.10676869
0.9,0.115635864,0.20665321,16640.0,83200.0,831,0.56,-1.1379448,0.85084134,0.10677037
0.95,0.1156221,0.20665585,16660.0,83300.0,832,0.64,-1.3564999,0.8508449,0.10675847
0.9,0.11561224,0.20666005,16680.0,83400.0,833,0.47,-1.3860896,0.8508472,0.1067527
0.95,0.115602076,0.20665991,16700.0,83500.0,834,0.55,-1.0147339,0.85083866,0.10675115
0.9,0.11559116,0.20666462,16720.0,83600.0,835,0.51,-1.1592412,0.8508424,0.10673817
0.95,0.11557858,0.20666677,16740.0,83700.0,836,0.55,-0.78770137,0.8508436,0.106716074
0.85,0.115573734,0.20666982,16760.0,83800.0,837,0.54,-1.0004652,0.85084504,0.106714986
1.0,0.11557161,0.2066733,16780.0,83900.0,838,0.53,-1.0851133,0.85084414,0.106703244
0.95,0.11556437,0.20667294,16800.0,84000.0,839,0.43,-1.2396251,0.85084945,0.10670566
0.9,0.11555377,0.20667279,16820.0,84100.0,840,0.49,-1.4647058,0.8508527,0.10670513
0.9,0.11554299,0.20667462,16840.0,84200.0,841,0.53,-1.2595665,0.85085183,0.10669321
1.0,0.115542844,0.20667684,16860.0,84300.0,842,0.45,-1.1347835,0.8508622,0.1066893
0.9,0.11553812,0.20667744,16880.0,84400.0,843,0.64,-1.1180394,0.8508685,0.106672406
0.95,0.115538046,0.20667146,16900.0,84500.0,844,0.53,-1.13356,0.850866,0.106663205
0.95,0.11552426,0.2066705,16920.0,84600.0,845,0.6,-1.0442094,0.85086775,0.10665363
1.0,0.11552015,0.20666942,16940.0,84700.0,846,0.54,-0.9933604,0.8508764,0.10665042
0.95,0.11553937,0.20667149,16960.0,84800.0,847,0.51,-1.1062969,0.8508773,0.106658556
0.95,0.11553218,0.20666625,16980.0,84900.0,848,0.62,-1.1593826,0.85088444,0.106653206
0.9,0.11553118,0.20666537,17000.0,85000.0,849,0.55,-1.4951643,0.8508795,0.106650434
1.0,0.115525335,0.20665818,17020.0,85100.0,850,0.55,-0.8271408,0.85088396,0.1066402
0.95,0.11550969,0.20665719,17040.0,85200.0,851,0.57,-1.0474741,0.8508788,0.10663054
1.0,0.11548093,0.206656,17060.0,85300.0,852,0.57,-1.4396669,0.8508871,0.10662321
1.0,0.1154639,0.2066576,17080.0,85400.0,853,0.47,-1.109009,0.85088724,0.10661394
1.0,0.115462005,0.20665702,17100.0,85500.0,854,0.49,-0.9949309,0.8508889,0.106601715
0.95,0.11545434,0.20665298,17120.0,85600.0,855,0.55,-1.0622463,0.8508889,0.10659361
0.95,0.115446165,0.20664746,17140.0,85700.0,856,0.57,-1.1541525,0.8508885,0.10659634
1.0,0.11543972,0.20664747,17160.0,85800.0,857,0.57,-0.68594116,0.85088515,0.106608815
0.95,0.1154229,0.20665187,17180.0,85900.0,858,0.52,-1.2009733,0.8508816,0.1065993
0.95,0.11543229,0.20665427,17200.0,86000.0,859,0.55,-1.3524882,0.8508746,0.106592596
0.95,0.11543211,0.20664944,17220.0,86100.0,860,0.57,-1.3802743,0.8508709,0.106596254
0.9,0.11542778,0.2066486,17240.0,86200.0,861,0.46,-0.99867785,0.85087466,0.106593825
0.95,0.11542432,0.20664595,17260.0,86300.0,862,0.52,-1.2910922,0.85087425,0.10657755
1.0,0.11541207,0.2066434,17280.0,86400.0,863,0.41,-1.0070845,0.85087776,0.10658028
1.0,0.11541272,0.20663941,17300.0,86500.0,864,0.48,-1.000389,0.8508827,0.106582165
0.9,0.115404256,0.20663495,17320.0,86600.0,865,0.37,-1.1951287,0.8508877,0.10659056
0.95,0.11539733,0.20663556,17340.0,86700.0,866,0.5,-1.1297085,0.850895,0.10658371
0.85,0.115404606,0.20663853,17360.0,86800.0,867,0.47,-1.2516675,0.8509,0.106595725
0.95,0.11539227,0.20663719,17380.0,86900.0,868,0.48,-1.4984154,0.8508997,0.10658512
0.95,0.1153947,0.20663887,17400.0,87000.0,869,0.44,-0.8902525,0.8508987,0.1065921
0.95,0.11539752,0.20663273,17420.0,87100.0,870,0.5,-1.0395267,0.8508871,0.10659471
0.95,0.11539194,0.20663331,17440.0,87200.0,871,0.58,-1.2725316,0.85089016,0.1065884
1.0,0.115399554,0.2066298,17460.0,87300.0,872,0.53,-0.73715657,0.850882,0.106584154
0.95,0.11540285,0.20662941,17480.0,87400.0,873,0.52,-1.126034,0.85088044,0.106580056
0.95,0.11540536,0.20663086,17500.0,87500.0,874,0.48,-1.0186931,0.8508757,0.10657359
1.0,0.11539476,0.20663282,17520.0,87600.0,875,0.59,-0.8612056,0.85087293,0.10656544
1.0,0.115390755,0.20663247,17540.0,87700.0,876,0.57,-0.8497532,0.85087115,0.1065622
1.0,0.1153767,0.20664138,17560.0,87800.0,877,0.48,-1.0647763,0.8508727,0.10654986
1.0,0.11536872,0.2066425,17580.0,87900.0,878,0.5,-0.956638,0.8508795,0.10654951
1.0,0.11536574,0.20664322,17600.0,88000.0,879,0.42,-1.0573707,0.8508896,0.10655693
1.0,0.11536432,0.20664479,17620.0,88100.0,880,0.48,-0.98913515,0.8508963,0.10655201
0.95,0.115363844,0.20664465,17640.0,88200.0,881,0.55,-1.3887408,0.850897,0.10654673
0.95,0.115364105,0.20664865,17660.0,88300.0,882,0.57,-0.68851554,0.85089606,0.106546156
1.0,0.11535594,0.20665306,17680.0,88400.0,883,0.45,-0.98157483,0.85090226,0.1065422
1.0,0.115350716,0.20665604,17700.0,88500.0,884,0.48,-1.1540127,0.85090256,0.1065402
0.9,0.115343705,0.2066553,17720.0,88600.0,885,0.48,-1.5616101,0.85091066,0.106549166
1.0,0.115352176,0.20665991,17740.0,88700.0,886,0.51,-0.79656565,0.8509171,0.10656557
0.95,0.11536078,0.20665857,17760.0,88800.0,887,0.46,-1.0794432,0.85091716,0.106583126
0.95,0.11536309,0.20665202,17780.0,88900.0,888,0.58,-1.3047123,0.8509218,0.106580645
1.0,0.11535421,0.20665354,17800.0,89000.0,889,0.47,-1.1093242,0.8509241,0.106583804
1.0,0.115350336,0.20665024,17820.0,89100.0,890,0.52,-0.9880347,0.8509242,0.10658429
1.0,0.115345575,0.20665026,17840.0,89200.0,891,0.6,-0.70619595,0.85092497,0.106568374
1.0,0.115342654,0.20664862,17860.0,89300.0,892,0.56,-1.3588743,0.850925,0.106572606
1.0,0.11533559,0.20664938,17880.0,89400.0,893,0.45,-1.2907966,0.8509276,0.10657647
1.0,0.11531952,0.20664956,17900.0,89500.0,894,0.57,-0.9884947,0.8509278,0.10656089
1.0,0.11532344,0.2066448,17920.0,89600.0,895,0.46,-0.78493375,0.8509254,0.106558524
0.95,0.115317985,0.20664242,17940.0,89700.0,896,0.58,-1.3798857,0.8509329,0.10654801
1.0,0.11532542,0.20664115,17960.0,89800.0,897,0.49,-0.9462962,0.8509407,0.106561065
1.0,0.11534212,0.20664626,17980.0,89900.0,898,0.55,-1.0498195,0.85094213,0.10657817
0.95,0.11532501,0.20664874,18000.0,90000.0,899,0.54,-1.2980682,0.850945,0.10658035
1.0,0.11531752,0.20665538,18020.0,90100.0,900,0.43,-1.0008242,0.850957,0.10657632
0.95,0.115310155,0.2066544,18040.0,90200.0,901,0.51,-0.9858775,0.850961,0.10656622
0.95,0.11531265,0.20665523,18060.0,90300.0,902,0.59,-1.0414246,0.8509653,0.10654896
1.0,0.11530473,0.2066536,18080.0,90400.0,903,0.52,-0.9516505,0.85097116,0.10653841
0.95,0.11530007,0.20665762,18100.0,90500.0,904,0.51,-0.99742794,0.850988,0.106538825
1.0,0.115300275,0.20665964,18120.0,90600.0,905,0.49,-0.82415456,0.8509841,0.10652846
1.0,0.11530347,0.20665488,18140.0,90700.0,906,0.46,-0.8521932,0.8509825,0.10653138
0.9,0.115304366,0.20665278,18160.0,90800.0,907,0.51,-1.3030714,0.85097474,0.106526315
1.0,0.11532016,0.20665175,18180.0,90900.0,908,0.47,-1.1264409,0.85098153,0.10654881
0.9,0.11532998,0.20665188,18200.0,91000.0,909,0.44,-0.9820889,0.85098505,0.106550775
1.0,0.11532721,0.20664707,18220.0,91100.0,910,0.59,-0.9064752,0.8509789,0.10654762
1.0,0.11532566,0.20664966,18240.0,91200.0,911,0.56,-0.78576565,0.8509708,0.10654804
0.9,0.11532739,0.20664494,18260.0,91300.0,912,0.48,-1.1444141,0.85096645,0.1065393
1.0,0.11532554,0.20664929,18280.0,91400.0,913,0.57,-0.76109797,0.85096675,0.106544994
1.0,0.1153357,0.20665252,18300.0,91500.0,914,0.53,-1.2321894,0.8509676,0.106542535
1.0,0.11533448,0.2066491,18320.0,91600.0,915,0.49,-0.913838,0.85096973,0.10653976
0.85,0.1153214,0.20665313,18340.0,91700.0,916,0.54,-1.3640904,0.8509752,0.10653602
0.95,0.1153263,0.20665148,18360.0,91800.0,917,0.52,-0.9451765,0.8509772,0.10653916
1.0,0.11531806,0.20665655,18380.0,91900.0,918,0.54,-0.85493535,0.8509833,0.106525205
1.0,0.11530703,0.20665795,18400.0,92000.0,919,0.5,-0.96068037,0.85099125,0.10652097
1.0,0.11530194,0.20665994,18420.0,92100.0,920,0.54,-0.99057543,0.8509906,0.10651871
0.95,0.11530273,0.20666231,18440.0,92200.0,921,0.48,-1.1205864,0.8509938,0.10652334
1.0,0.11529494,0.20666198,18460.0,92300.0,922,0.4,-1.0244701,0.8509999,0.10651829
1.0,0.11530373,0.20666477,18480.0,92400.0,923,0.49,-0.76232797,0.8510038,0.106522
1.0,0.11529929,0.20666735,18500.0,92500.0,924,0.49,-0.9748393,0.8510082,0.10651816
1.0,0.115308285,0.20666727,18520.0,92600.0,925,0.47,-0.84806716,0.85100985,0.10652846
0.9,0.11531622,0.20666932,18540.0,92700.0,926,0.4,-1.0146859,0.8510093,0.10654372
1.0,0.115314715,0.20666485,18560.0,92800.0,927,0.44,-1.4225882,0.8510017,0.106549114
0.95,0.115318194,0.20666721,18580.0,92900.0,928,0.54,-0.98064834,0.8509962,0.10654477
0.85,0.115309805,0.20666881,18600.0,93000.0,929,0.56,-1.0740213,0.85099363,0.10654333
0.95,0.115306586,0.20666738,18620.0,93100.0,930,0.53,-1.0676453,0.8509868,0.10654671
0.9,0.1153045,0.20666635,18640.0,93200.0,931,0.51,-1.2652156,0.8509824,0.10654416
0.9,0.1152967,0.20666476,18660.0,93300.0,932,0.49,-1.4001309,0.85098004,0.106542766
1.0,0.115281574,0.20666073,18680.0,93400.0,933,0.55,-0.7839788,0.8509788,0.106527545
1.0,0.115275696,0.20666075,18700.0,93500.0,934,0.52,-0.97280645,0.8509856,0.10652133
1.0,0.1152592,0.20666105,18720.0,93600.0,935,0.47,-0.82506627,0.8509846,0.106508546
0.95,0.11524295,0.20665814,18740.0,93700.0,936,0.44,-1.2075449,0.8509821,0.10649705
0.9,0.11524772,0.20665869,18760.0,93800.0,937,0.54,-1.34145,0.8509817,0.10649079
0.9,0.11523509,0.20665464,18780.0,93900.0,938,0.63,-0.9874096,0.8509745,0.10647782
1.0,0.11523352,0.20665051,18800.0,94000.0,939,0.41,-0.9092835,0.8509818,0.10648205
1.0,0.11522466,0.20665379,18820.0,94100.0,940,0.58,-0.7707251,0.8509888,0.106465876
0.9,0.11521527,0.20665467,18840.0,94200.0,941,0.49,-1.1059806,0.85099053,0.10646173
0.85,0.11520491,0.20665126,18860.0,94300.0,942,0.54,-1.5389453,0.8509915,0.10644724
1.0,0.11518724,0.20665543,18880.0,94400.0,943,0.53,-1.0639251,0.85099894,0.106442034
0.95,0.11517746,0.20665483,18900.0,94500.0,944,0.48,-1.0292021,0.8510069,0.10643649
0.95,0.115166865,0.20665531,18920.0,94600.0,945,0.55,-0.9931997,0.85100704,0.106426366
0.95,0.115155794,0.20665896,18940.0,94700.0,946,0.52,-1.1064268,0.85100967,0.106419176
0.95,0.11515381,0.20665793,18960.0,94800.0,947,0.55,-1.3412583,0.8510124,0.106402285
0.9,0.115150526,0.20665762,18980.0,94900.0,948,0.55,-1.2015054,0.8510089,0.10640793
0.9,0.11515635,0.206664,19000.0,95000.0,949,0.5,-1.1551632,0.8510155,0.10641078
0.9,0.11514464,0.20666331,19020.0,95100.0,950,0.54,-1.0737932,0.8510118,0.106413156
1.0,0.11513166,0.20666312,19040.0,95200.0,951,0.56,-0.7882364,0.8510074,0.10640147
0.95,0.11512054,0.20666574,19060.0,95300.0,952,0.55,-1.3573644,0.8510131,0.10639695
1.0,0.115110874,0.20666626,19080.0,95400.0,953,0.5,-0.91516334,0.8510166,0.10639235
0.9,0.11511265,0.2066614,19100.0,95500.0,954,0.49,-1.0328919,0.85101485,0.10638716
0.9,0.115099326,0.2066634,19120.0,95600.0,955,0.49,-1.0512553,0.85101676,0.10638384
1.0,0.1151017,0.20666298,19140.0,95700.0,956,0.54,-1.04723,0.8510075,0.10638768
0.85,0.11509915,0.20666395,19160.0,95800.0,957,0.58,-1.5472372,0.8510038,0.10637939
1.0,0.11508954,0.20665906,19180.0,95900.0,958,0.53,-0.7538479,0.8510117,0.106368385
0.95,0.11507733,0.20666052,19200.0,96000.0,959,0.53,-1.0088316,0.8510192,0.106358595
1.0,0.115074135,0.20666577,19220.0,96100.0,960,0.52,-0.6835292,0.8510232,0.10635171
0.9,0.11507599,0.20666704,19240.0,96200.0,961,0.43,-1.601677,0.85103005,0.10635641
0.85,0.11507042,0.20666312,19260.0,96300.0,962,0.41,-1.7667818,0.85102963,0.10634545
0.95,0.115071714,0.20666343,19280.0,96400.0,963,0.48,-1.158111,0.8510332,0.10634422
0.9,0.11507003,0.20666762,19300.0,96500.0,964,0.55,-1.3298954,0.8510349,0.10634046
1.0,0.11506203,0.20666574,19320.0,96600.0,965,0.51,-1.2512052,0.8510411,0.10632944
1.0,0.115056545,0.20666213,19340.0,96700.0,966,0.57,-1.0539141,0.85103035,0.10633554
0.9,0.11505134,0.20665975,19360.0,96800.0,967,0.5,-1.3268781,0.8510349,0.10632681
0.95,0.11504225,0.20665483,19380.0,96900.0,968,0.5,-1.0465237,0.85103005,0.106325306
0.95,0.115033194,0.20665474,19400.0,97000.0,969,0.42,-1.237711,0.8510334,0.10632054
0.95,0.11502847,0.20665346,19420.0,97100.0,970,0.5,-1.1672457,0.85103506,0.10631446
1.0,0.11503432,0.20665735,19440.0,97200.0,971,0.48,-0.6783213,0.85103756,0.10632748
0.95,0.11502985,0.20666002,19460.0,97300.0,972,0.53,-0.96028966,0.85103923,0.106327295
1.0,0.11502658,0.20665838,19480.0,97400.0,973,0.62,-1.3226464,0.8510367,0.10631146
0.95,0.11501661,0.20665552,19500.0,97500.0,974,0.53,-1.0923296,0.8510304,0.10630832
0.85,0.11501251,0.20665759,19520.0,97600.0,975,0.44,-1.0318844,0.8510358,0.10631794
0.95,0.11500298,0.20665939,19540.0,97700.0,976,0.54,-1.063285,0.85103947,0.10631602
1.0,0.11500167,0.20665355,19560.0,97800.0,977,0.53,-0.97730464,0.8510406,0.10631157
0.95,0.11500557,0.20665209,19580.0,97900.0,978,0.51,-0.89877254,0.8510432,0.10630851
1.0,0.11499469,0.20665164,19600.0,98000.0,979,0.47,-0.8709817,0.85104185,0.10630402
1.0,0.1149807,0.20665187,19620.0,98100.0,980,0.47,-1.2323883,0.8510453,0.10629126
1.0,0.114961214,0.20665114,19640.0,98200.0,981,0.56,-0.99025404,0.8510463,0.10627594
0.95,0.11496101,0.20665216,19660.0,98300.0,982,0.48,-0.8059888,0.8510535,0.10626804
0.9,0.11495202,0.20664972,19680.0,98400.0,983,0.56,-1.1223975,0.8510516,0.10626229
1.0,0.11495025,0.20665082,19700.0,98500.0,984,0.54,-0.81358993,0.85105234,0.10625545
0.95,0.11495402,0.2066527,19720.0,98600.0,985,0.59,-1.100634,0.8510578,0.10624722
0.95,0.114945605,0.20664895,19740.0,98700.0,986,0.58,-1.5049801,0.8510585,0.106234156
1.0,0.114934824,0.2066495,19760.0,98800.0,987,0.5,-0.8543048,0.8510623,0.106223226
0.9,0.1149338,0.20664519,19780.0,98900.0,988,0.56,-1.2249641,0.8510697,0.106219195
0.9,0.11491698,0.20664765,19800.0,99000.0,989,0.57,-0.9993485,0.8510758,0.106212474
1.0,0.1149184,0.20664868,19820.0,99100.0,990,0.39,-0.84757245,0.8510755,0.10620896
0.9,0.114904426,0.20664257,19840.0,99200.0,991,0.49,-1.4279891,0.8510775,0.10619923
0.95,0.114892766,0.20664097,19860.0,99300.0,992,0.51,-1.180853,0.85107595,0.106188916
0.95,0.114895195,0.20664024,19880.0,99400.0,993,0.51,-0.86551297,0.8510755,0.10617757
0.9,0.11489112,0.20664486,19900.0,99500.0,994,0.5,-0.96535987,0.8510771,0.106167644
0.95,0.11488922,0.2066484,19920.0,99600.0,995,0.55,-1.1776612,0.8510776,0.106167786
0.95,0.11488435,0.20664895,19940.0,99700.0,996,0.56,-0.9341987,0.85108405,0.10615808
0.85,0.11488506,0.20664969,19960.0,99800.0,997,0.55,-1.0888159,0.8510821,0.106153965
0.95,0.11488332,0.20664908,19980.0,99900.0,998,0.48,-1.0997382,0.85107917,0.10615429
0.9,0.11488147,0.2066453,20000.0,100000.0,999,0.47,-1.43798,0.8510831,0.10616332
