train/episode,test/episode,test/success_rate,stats_o/std,stats_g/std,stats_o/mean,epoch,train/success_rate,test/mean_Q,stats_g/mean
100.0,20.0,0.1,0.042368088,0.06110036,0.20015837,0,0.05,-2.7338915,0.842892
200.0,40.0,0.0,0.04209294,0.062271014,0.20062251,1,0.11,-4.878637,0.84289557
300.0,60.0,0.1,0.04011708,0.061792057,0.20066063,2,0.05,-5.8306417,0.84189653
400.0,80.0,0.05,0.04207129,0.061344836,0.2013347,3,0.09,-8.223243,0.840089
500.0,100.0,0.0,0.041206494,0.061011408,0.20185097,4,0.08,-10.636659,0.8403223
600.0,120.0,0.1,0.044137534,0.06048565,0.20177755,5,0.03,-11.140676,0.8408602
700.0,140.0,0.2,0.04437,0.060349796,0.20158687,6,0.05,-10.982008,0.8405063
800.0,160.0,0.1,0.046704758,0.060461447,0.20153666,7,0.12,-13.591296,0.840688
900.0,180.0,0.1,0.047224827,0.060578313,0.2013126,8,0.08,-15.591616,0.8405883
1000.0,200.0,0.05,0.04664178,0.060583685,0.2011454,9,0.07,-17.364355,0.84068465
1100.0,220.0,0.15,0.04685564,0.060256865,0.2013177,10,0.08,-15.18423,0.84016705
1200.0,240.0,0.0,0.04669815,0.060410652,0.20115581,11,0.05,-20.509575,0.8403716
1300.0,260.0,0.0,0.047029972,0.060168173,0.20130312,12,0.07,-21.674353,0.8398678
1400.0,280.0,0.05,0.047947273,0.06011188,0.20123735,13,0.05,-21.454443,0.83975774
1500.0,300.0,0.05,0.047692243,0.060262933,0.20117918,14,0.05,-23.433615,0.83972
1600.0,320.0,0.05,0.048107374,0.060293898,0.20123136,15,0.06,-25.408375,0.83989364
1700.0,340.0,0.1,0.048103195,0.060484704,0.20136309,16,0.04,-22.747673,0.83996874
1800.0,360.0,0.05,0.04796919,0.060713634,0.20139374,17,0.11,-26.614752,0.8398811
1900.0,380.0,0.1,0.048502635,0.060668025,0.20124836,18,0.1,-22.78552,0.83984447
2000.0,400.0,0.1,0.048622064,0.060727883,0.20114163,19,0.11,-23.514072,0.8396569
2100.0,420.0,0.0,0.048959494,0.06072582,0.2011347,20,0.02,-29.451656,0.83955544
2200.0,440.0,0.15,0.049202975,0.060840663,0.2011508,21,0.04,-25.333565,0.8393066
2300.0,460.0,0.1,0.0492864,0.06071255,0.2010028,22,0.05,-27.438091,0.839264
2400.0,480.0,0.15,0.049448367,0.06072012,0.20094353,23,0.1,-28.168945,0.83924013
2500.0,500.0,0.05,0.04950125,0.060699362,0.20091954,24,0.07,-29.165207,0.83931994
2600.0,520.0,0.1,0.04951276,0.060719576,0.20093262,25,0.04,-28.362286,0.8392945
2700.0,540.0,0.0,0.04986089,0.060825467,0.20089735,26,0.14,-35.41732,0.83915734
2800.0,560.0,0.0,0.0499259,0.060821295,0.20086841,27,0.05,-31.270514,0.83926195
2900.0,580.0,0.1,0.050196476,0.06062968,0.2008174,28,0.03,-30.241726,0.8392418
3000.0,600.0,0.0,0.05041814,0.060596857,0.20082693,29,0.06,-34.992695,0.8390346
3100.0,620.0,0.0,0.050862975,0.060558032,0.20084465,30,0.07,-26.695248,0.83906746
3200.0,640.0,0.05,0.051027022,0.060590748,0.20089701,31,0.05,-33.75402,0.83899385
3300.0,660.0,0.05,0.051266767,0.06062382,0.20097199,32,0.08,-29.787476,0.839135
3400.0,680.0,0.1,0.051743917,0.060663942,0.20105961,33,0.05,-28.797024,0.8389551
3500.0,700.0,0.05,0.051984414,0.060678944,0.20106834,34,0.07,-30.913656,0.83895683
3600.0,720.0,0.2,0.052456494,0.060686376,0.2010684,35,0.08,-23.712029,0.8389246
3700.0,740.0,0.0,0.05256098,0.060726818,0.2010689,36,0.08,-33.253105,0.838882
3800.0,760.0,0.1,0.052937288,0.060646128,0.20107962,37,0.03,-28.462292,0.83885425
3900.0,780.0,0.2,0.05368659,0.06063923,0.2010935,38,0.06,-24.581493,0.83882195
4000.0,800.0,0.05,0.05441082,0.06060153,0.20110102,39,0.03,-27.979595,0.8387354
4100.0,820.0,0.1,0.054654654,0.060618725,0.2010874,40,0.09,-30.83067,0.8386736
4200.0,840.0,0.1,0.05469182,0.06063475,0.20108075,41,0.05,-31.667847,0.8387762
4300.0,860.0,0.15,0.054954764,0.0606226,0.20112507,42,0.04,-31.552288,0.8386448
4400.0,880.0,0.05,0.05488096,0.060579285,0.20111208,43,0.09,-34.32804,0.8388295
4500.0,900.0,0.05,0.055338297,0.060598295,0.20108476,44,0.04,-31.68475,0.83900636
4600.0,920.0,0.1,0.05555871,0.060639795,0.20113721,45,0.09,-30.230429,0.838996
4700.0,940.0,0.0,0.055380043,0.0607129,0.20114468,46,0.1,-35.11451,0.8389527
4800.0,960.0,0.15,0.05550051,0.06069995,0.20113307,47,0.06,-28.272852,0.83897066
4900.0,980.0,0.1,0.055474844,0.060655277,0.20111965,48,0.09,-28.010477,0.83905214
5000.0,1000.0,0.1,0.05535717,0.06065515,0.2011,49,0.11,-30.527515,0.8391168
5100.0,1020.0,0.05,0.055406407,0.060676184,0.20113972,50,0.07,-36.781807,0.8391013
5200.0,1040.0,0.05,0.0553253,0.06070228,0.2011612,51,0.11,-34.07789,0.8391156
5300.0,1060.0,0.15,0.055598665,0.06069709,0.20118336,52,0.07,-32.549187,0.8391071
5400.0,1080.0,0.05,0.055540882,0.060711626,0.20120151,53,0.05,-30.567432,0.83909434
5500.0,1100.0,0.1,0.055529404,0.060781192,0.20118314,54,0.03,-32.64046,0.8390322
5600.0,1120.0,0.05,0.05554714,0.060800895,0.20118923,55,0.07,-34.721596,0.8391698
5700.0,1140.0,0.1,0.055653915,0.060807005,0.20119578,56,0.05,-31.898355,0.8391488
5800.0,1160.0,0.0,0.05594636,0.06079076,0.20119931,57,0.11,-36.28366,0.8392327
5900.0,1180.0,0.15,0.056277566,0.060757194,0.20122784,58,0.07,-32.570812,0.8391705
6000.0,1200.0,0.0,0.05624325,0.06079583,0.20123586,59,0.05,-36.84437,0.8390226
6100.0,1220.0,0.05,0.056477636,0.06079259,0.20128365,60,0.11,-38.264412,0.8390352
6200.0,1240.0,0.1,0.056715813,0.060775056,0.20131171,61,0.05,-33.60588,0.8390425
6300.0,1260.0,0.05,0.057147894,0.060787354,0.20124453,62,0.07,-33.52586,0.83899736
6400.0,1280.0,0.05,0.057025984,0.060808208,0.20124054,63,0.09,-37.063744,0.83892936
6500.0,1300.0,0.1,0.057163727,0.060828123,0.20128086,64,0.04,-36.802727,0.8389123
6600.0,1320.0,0.0,0.05711896,0.0608013,0.2012846,65,0.08,-41.94784,0.83886415
6700.0,1340.0,0.1,0.05722019,0.06082299,0.2012564,66,0.07,-36.565372,0.83886
6800.0,1360.0,0.0,0.057293072,0.06083673,0.20126234,67,0.09,-39.924953,0.83883476
6900.0,1380.0,0.15,0.05735908,0.06079583,0.20128107,68,0.08,-33.867363,0.8388099
7000.0,1400.0,0.05,0.057228357,0.06078774,0.20129,69,0.09,-40.284527,0.83882767
7100.0,1420.0,0.05,0.057054814,0.060797084,0.20127775,70,0.06,-41.090126,0.83884335
7200.0,1440.0,0.0,0.05702543,0.060805276,0.20128508,71,0.11,-43.90748,0.8388183
7300.0,1460.0,0.05,0.05712659,0.06080016,0.20130602,72,0.1,-35.02764,0.8388342
7400.0,1480.0,0.1,0.057039887,0.06079425,0.20132567,73,0.07,-34.734306,0.8388433
7500.0,1500.0,0.05,0.056995966,0.060810402,0.20131992,74,0.06,-37.651245,0.8388224
7600.0,1520.0,0.2,0.05697531,0.060841624,0.2013366,75,0.08,-33.75269,0.83876324
7700.0,1540.0,0.1,0.0571381,0.060839072,0.20131908,76,0.06,-34.62137,0.8387849
7800.0,1560.0,0.05,0.05708516,0.060825124,0.201315,77,0.09,-41.022243,0.8387901
7900.0,1580.0,0.0,0.057166643,0.060809795,0.20135994,78,0.11,-42.68682,0.83879423
8000.0,1600.0,0.0,0.057171945,0.06078365,0.20136404,79,0.09,-38.960197,0.838778
8100.0,1620.0,0.0,0.057177678,0.060785744,0.20135169,80,0.07,-41.26327,0.8387911
8200.0,1640.0,0.0,0.05725396,0.060756132,0.20135844,81,0.1,-40.692284,0.8388192
8300.0,1660.0,0.0,0.05719514,0.06076478,0.20135847,82,0.1,-42.11331,0.8388379
8400.0,1680.0,0.05,0.057186216,0.06078953,0.20136806,83,0.03,-39.953983,0.8388576
8500.0,1700.0,0.15,0.05730772,0.060800117,0.20137791,84,0.11,-35.250538,0.83888316
8600.0,1720.0,0.05,0.05735527,0.06081685,0.2013554,85,0.06,-38.671078,0.83889765
8700.0,1740.0,0.15,0.057454795,0.0608232,0.2013555,86,0.08,-33.123825,0.8389039
8800.0,1760.0,0.15,0.057535592,0.060823206,0.20135486,87,0.07,-35.639153,0.8389354
8900.0,1780.0,0.1,0.057651352,0.060836565,0.20138325,88,0.05,-36.619896,0.83894247
9000.0,1800.0,0.15,0.057662386,0.060823444,0.20138419,89,0.11,-35.186363,0.838924
9100.0,1820.0,0.05,0.057637595,0.060831293,0.20136955,90,0.06,-32.00924,0.83892107
9200.0,1840.0,0.1,0.057627514,0.060817823,0.20137691,91,0.05,-37.725407,0.8389043
9300.0,1860.0,0.15,0.057605788,0.06082448,0.20137587,92,0.1,-33.14012,0.8389199
9400.0,1880.0,0.0,0.057517346,0.06085903,0.20136459,93,0.12,-36.200592,0.83892035
9500.0,1900.0,0.1,0.057538234,0.06089656,0.20136556,94,0.05,-28.636536,0.8388578
9600.0,1920.0,0.1,0.05755584,0.060934167,0.20136501,95,0.1,-30.739697,0.8388112
9700.0,1940.0,0.05,0.057583656,0.060899407,0.20135641,96,0.1,-39.641697,0.8388419
9800.0,1960.0,0.1,0.057595097,0.060934797,0.20134857,97,0.11,-38.66717,0.83885694
9900.0,1980.0,0.05,0.057548314,0.060950164,0.20134683,98,0.05,-38.533493,0.8388651
10000.0,2000.0,0.25,0.057562754,0.060959503,0.20137182,99,0.09,-29.378193,0.8388533
10100.0,2020.0,0.0,0.05762695,0.060949862,0.20138228,100,0.09,-40.850666,0.838875
10200.0,2040.0,0.05,0.057692736,0.06093873,0.20139627,101,0.06,-37.705116,0.838819
10300.0,2060.0,0.0,0.057757467,0.060905512,0.20139484,102,0.04,-40.916866,0.8388281
10400.0,2080.0,0.05,0.05770489,0.06094164,0.20139308,103,0.09,-38.213917,0.8388705
10500.0,2100.0,0.0,0.05767489,0.0609599,0.20138428,104,0.09,-38.513786,0.83891916
10600.0,2120.0,0.05,0.05763042,0.06097653,0.20138747,105,0.06,-32.21528,0.8389189
10700.0,2140.0,0.05,0.05764958,0.06099042,0.2013957,106,0.07,-38.84717,0.8388725
10800.0,2160.0,0.05,0.05773752,0.060990438,0.2013926,107,0.04,-37.580196,0.838872
10900.0,2180.0,0.05,0.05769494,0.060984835,0.2013822,108,0.11,-37.642136,0.83882314
11000.0,2200.0,0.05,0.057653867,0.06098233,0.20137672,109,0.05,-38.57193,0.8388303
11100.0,2220.0,0.0,0.05762866,0.06097969,0.20138006,110,0.05,-38.718933,0.83884364
11200.0,2240.0,0.15,0.057575494,0.060991194,0.20137985,111,0.06,-35.02855,0.83885187
11300.0,2260.0,0.05,0.057568178,0.060998205,0.20137425,112,0.05,-32.580467,0.83884937
11400.0,2280.0,0.05,0.057599284,0.061010834,0.20139703,113,0.08,-29.236832,0.8387699
11500.0,2300.0,0.0,0.05761693,0.06100854,0.20139444,114,0.08,-41.136482,0.8387742
11600.0,2320.0,0.05,0.057593852,0.061007496,0.20140553,115,0.06,-36.54345,0.83876467
11700.0,2340.0,0.2,0.057584524,0.061022546,0.20140773,116,0.02,-30.187845,0.8387237
11800.0,2360.0,0.15,0.0576009,0.06102783,0.2014003,117,0.07,-33.333084,0.8386604
11900.0,2380.0,0.1,0.057541132,0.061034027,0.2013895,118,0.06,-35.089382,0.8386356
12000.0,2400.0,0.05,0.057515077,0.06103988,0.20139301,119,0.06,-37.34916,0.8386035
12100.0,2420.0,0.15,0.05748494,0.061034832,0.2013893,120,0.05,-36.7582,0.838573
12200.0,2440.0,0.15,0.057510603,0.061023235,0.20139028,121,0.03,-33.62472,0.83855504
12300.0,2460.0,0.05,0.057442687,0.06105962,0.20139423,122,0.09,-33.634502,0.8385587
12400.0,2480.0,0.05,0.057388477,0.061079804,0.20138904,123,0.08,-39.991745,0.8386157
12500.0,2500.0,0.1,0.05734611,0.061082784,0.20139402,124,0.05,-33.433727,0.838617
12600.0,2520.0,0.05,0.057351332,0.061077967,0.2013894,125,0.03,-35.54517,0.8385934
12700.0,2540.0,0.0,0.057596255,0.06107774,0.20141485,126,0.05,-42.035133,0.8385834
12800.0,2560.0,0.05,0.05765785,0.06109047,0.2014049,127,0.06,-40.998867,0.8385634
12900.0,2580.0,0.0,0.05765773,0.061089203,0.20139095,128,0.06,-43.58883,0.8385678
13000.0,2600.0,0.1,0.05760452,0.061088745,0.20140314,129,0.04,-36.489532,0.83853173
13100.0,2620.0,0.15,0.057537433,0.061106388,0.20141213,130,0.18,-39.00701,0.8385442
13200.0,2640.0,0.1,0.05749329,0.06109791,0.20138851,131,0.08,-31.793484,0.8385168
13300.0,2660.0,0.1,0.05745188,0.061085645,0.20138603,132,0.1,-36.068516,0.8384907
13400.0,2680.0,0.15,0.057388116,0.061069246,0.20139046,133,0.11,-35.55432,0.83851886
13500.0,2700.0,0.25,0.057361394,0.061060067,0.20139553,134,0.07,-29.305408,0.838512
13600.0,2720.0,0.1,0.057303093,0.06105353,0.20140572,135,0.09,-33.01437,0.83850247
13700.0,2740.0,0.0,0.05725036,0.06103826,0.20141163,136,0.07,-37.499474,0.8385267
13800.0,2760.0,0.05,0.05717645,0.061031494,0.20140435,137,0.06,-38.037914,0.8385513
13900.0,2780.0,0.0,0.057104662,0.061023567,0.20141329,138,0.02,-42.90279,0.8385699
14000.0,2800.0,0.05,0.057062045,0.061031487,0.20142105,139,0.07,-39.186943,0.83858013
14100.0,2820.0,0.0,0.05701148,0.061015878,0.20142876,140,0.05,-43.602676,0.8385771
14200.0,2840.0,0.05,0.056997433,0.06102186,0.20142339,141,0.06,-39.11568,0.838567
14300.0,2860.0,0.0,0.056948032,0.061036427,0.20141342,142,0.09,-40.648556,0.838551
14400.0,2880.0,0.05,0.05688257,0.061039295,0.20140915,143,0.1,-38.661797,0.83853704
14500.0,2900.0,0.05,0.056890182,0.061018284,0.2014045,144,0.07,-42.05656,0.8384938
14600.0,2920.0,0.05,0.05691968,0.061031144,0.20140696,145,0.1,-42.423244,0.8384796
14700.0,2940.0,0.1,0.056884818,0.06103973,0.20141606,146,0.07,-39.204735,0.83847433
14800.0,2960.0,0.05,0.056913543,0.06104779,0.20141062,147,0.09,-43.710335,0.83851194
14900.0,2980.0,0.1,0.056847382,0.06104572,0.20140655,148,0.03,-37.74116,0.83851266
15000.0,3000.0,0.0,0.056803778,0.06105927,0.20139523,149,0.1,-40.64805,0.8385024
15100.0,3020.0,0.0,0.056762513,0.0610346,0.20138986,150,0.04,-39.104702,0.83849716
15200.0,3040.0,0.15,0.056730174,0.06103632,0.2013949,151,0.09,-37.071484,0.83855313
15300.0,3060.0,0.1,0.05667414,0.061055597,0.20138477,152,0.07,-36.58152,0.8385396
15400.0,3080.0,0.05,0.056805097,0.061067764,0.20140652,153,0.02,-37.420094,0.83850783
15500.0,3100.0,0.05,0.056772232,0.06106168,0.20140417,154,0.08,-39.01939,0.83851224
15600.0,3120.0,0.0,0.056769155,0.061056633,0.20139408,155,0.05,-42.043007,0.8385542
15700.0,3140.0,0.0,0.056752253,0.06106248,0.20138808,156,0.06,-43.023575,0.83853227
15800.0,3160.0,0.1,0.056701194,0.061052844,0.20139211,157,0.07,-32.713814,0.83853716
15900.0,3180.0,0.05,0.056668703,0.061052155,0.20137887,158,0.06,-39.65843,0.8385258
16000.0,3200.0,0.1,0.05664292,0.0610463,0.20136586,159,0.05,-40.534935,0.8385288
16100.0,3220.0,0.0,0.05658562,0.06106693,0.20136324,160,0.05,-40.744816,0.83853054
16200.0,3240.0,0.2,0.05655968,0.061082765,0.20135812,161,0.1,-31.749683,0.8385388
16300.0,3260.0,0.15,0.056502484,0.061062578,0.20134908,162,0.09,-32.651947,0.83853453
16400.0,3280.0,0.05,0.056529664,0.061060283,0.20134401,163,0.11,-34.23556,0.83851796
16500.0,3300.0,0.1,0.056515425,0.06105421,0.2013471,164,0.07,-38.14451,0.83853036
16600.0,3320.0,0.05,0.056490347,0.061075773,0.20134415,165,0.08,-37.03446,0.8385401
16700.0,3340.0,0.05,0.056444105,0.061061773,0.20135671,166,0.11,-38.20252,0.8385212
16800.0,3360.0,0.0,0.05639381,0.06107301,0.20136148,167,0.05,-41.202023,0.8385768
16900.0,3380.0,0.1,0.056366447,0.061072882,0.20136099,168,0.03,-37.01064,0.8385672
17000.0,3400.0,0.05,0.05632336,0.061064173,0.20136395,169,0.06,-39.951054,0.83856004
17100.0,3420.0,0.05,0.056292534,0.06107497,0.201359,170,0.05,-43.11864,0.83853024
17200.0,3440.0,0.05,0.05629544,0.06107898,0.20135984,171,0.07,-42.95919,0.83856416
17300.0,3460.0,0.15,0.056242805,0.061065003,0.20137537,172,0.08,-37.736267,0.8385393
17400.0,3480.0,0.05,0.05620534,0.061074868,0.20137747,173,0.04,-37.788246,0.83853227
17500.0,3500.0,0.05,0.056167636,0.06105524,0.20136902,174,0.06,-40.1538,0.8385463
17600.0,3520.0,0.1,0.056155764,0.061051115,0.20137349,175,0.07,-36.886784,0.8385372
17700.0,3540.0,0.1,0.05614647,0.06104377,0.20137453,176,0.08,-39.861046,0.83859825
17800.0,3560.0,0.05,0.056132488,0.061049625,0.2013706,177,0.06,-39.182472,0.8385932
17900.0,3580.0,0.05,0.05615938,0.061066594,0.2013663,178,0.05,-40.955345,0.83860475
18000.0,3600.0,0.1,0.056183454,0.061067853,0.20136699,179,0.02,-39.642967,0.8385882
18100.0,3620.0,0.1,0.056170996,0.061060395,0.20138016,180,0.07,-38.014942,0.8385639
18200.0,3640.0,0.1,0.056205917,0.061064973,0.20138337,181,0.06,-36.357906,0.83855563
18300.0,3660.0,0.0,0.056166876,0.061048683,0.2013821,182,0.06,-44.36777,0.83851415
18400.0,3680.0,0.1,0.056113895,0.06104053,0.20139013,183,0.07,-37.193527,0.8385644
18500.0,3700.0,0.15,0.056088373,0.06103674,0.20139143,184,0.03,-39.263805,0.83852345
18600.0,3720.0,0.0,0.05607607,0.061022397,0.20138925,185,0.06,-44.31611,0.83853656
18700.0,3740.0,0.05,0.05603755,0.061024103,0.20138575,186,0.05,-39.005608,0.83849174
18800.0,3760.0,0.05,0.055992264,0.06104465,0.20139304,187,0.15,-45.034462,0.838537
18900.0,3780.0,0.0,0.05603927,0.06103973,0.20141256,188,0.06,-43.710983,0.8385324
19000.0,3800.0,0.05,0.055999946,0.061038356,0.201406,189,0.08,-40.946022,0.8384995
19100.0,3820.0,0.15,0.055950023,0.06104203,0.20140839,190,0.08,-33.973286,0.8385022
19200.0,3840.0,0.0,0.056007653,0.061054762,0.20139354,191,0.05,-43.79517,0.8384707
19300.0,3860.0,0.1,0.056034423,0.061056927,0.2013992,192,0.08,-39.788918,0.8384746
19400.0,3880.0,0.05,0.055988483,0.061058883,0.20139267,193,0.05,-41.96508,0.83844304
19500.0,3900.0,0.0,0.055992566,0.061043855,0.20139252,194,0.06,-41.714283,0.83841866
19600.0,3920.0,0.05,0.055944357,0.061063588,0.20139457,195,0.07,-39.976974,0.8384104
19700.0,3940.0,0.05,0.055890992,0.061060727,0.20138617,196,0.08,-41.96841,0.838387
19800.0,3960.0,0.0,0.055873178,0.061055794,0.20138964,197,0.08,-44.282887,0.83837074
19900.0,3980.0,0.05,0.05581687,0.061052248,0.20137163,198,0.11,-42.37627,0.8383651
20000.0,4000.0,0.0,0.05578642,0.06103513,0.20136832,199,0.06,-45.570324,0.83837193
20100.0,4020.0,0.05,0.05572527,0.061045807,0.2013538,200,0.08,-42.846306,0.8383344
20200.0,4040.0,0.2,0.05567575,0.06104536,0.20135377,201,0.06,-36.4878,0.83833283
20300.0,4060.0,0.05,0.055637814,0.061055098,0.20135248,202,0.09,-42.756348,0.83832806
20400.0,4080.0,0.1,0.055650096,0.061049502,0.2013494,203,0.05,-38.440742,0.8383236
20500.0,4100.0,0.05,0.05566706,0.06105983,0.20135412,204,0.11,-42.78419,0.83832234
20600.0,4120.0,0.1,0.055628408,0.061052714,0.2013424,205,0.08,-40.94739,0.8383444
20700.0,4140.0,0.0,0.05559223,0.061041,0.20133547,206,0.09,-43.9196,0.83835155
20800.0,4160.0,0.1,0.055567507,0.061029855,0.20133807,207,0.08,-41.054363,0.8383386
20900.0,4180.0,0.0,0.055529,0.061035916,0.20133698,208,0.06,-41.016884,0.8383612
21000.0,4200.0,0.05,0.055482525,0.06105208,0.20133974,209,0.09,-45.410477,0.8383582
21100.0,4220.0,0.1,0.055442233,0.061044723,0.2013523,210,0.07,-39.092934,0.8383734
21200.0,4240.0,0.0,0.05539015,0.061041057,0.20135613,211,0.12,-47.403164,0.83833456
21300.0,4260.0,0.0,0.05534261,0.061046693,0.20135327,212,0.08,-41.88102,0.83835
21400.0,4280.0,0.0,0.05533605,0.061052416,0.20134518,213,0.06,-45.957985,0.8383608
21500.0,4300.0,0.05,0.055293225,0.06104323,0.20135346,214,0.06,-42.62104,0.83836573
21600.0,4320.0,0.05,0.05526262,0.061037466,0.20136334,215,0.08,-44.099224,0.8383708
21700.0,4340.0,0.0,0.055210844,0.061034486,0.20137434,216,0.11,-46.236095,0.8383613
21800.0,4360.0,0.1,0.055222772,0.061037328,0.20137894,217,0.03,-38.996338,0.83836436
21900.0,4380.0,0.1,0.05520441,0.061049405,0.20136964,218,0.09,-37.67046,0.8383685
22000.0,4400.0,0.15,0.05518566,0.061062034,0.20136553,219,0.09,-38.270958,0.83835703
22100.0,4420.0,0.0,0.055171892,0.061070893,0.20136322,220,0.1,-46.558327,0.8383625
22200.0,4440.0,0.0,0.055135675,0.061057363,0.20135632,221,0.11,-44.674843,0.8383685
22300.0,4460.0,0.05,0.055136215,0.061067004,0.20134836,222,0.05,-42.922028,0.8383618
22400.0,4480.0,0.1,0.05510012,0.0610864,0.20135242,223,0.13,-42.257126,0.83835834
22500.0,4500.0,0.05,0.055097535,0.061065856,0.20134701,224,0.08,-43.469418,0.83835435
22600.0,4520.0,0.05,0.055055726,0.061061163,0.20134978,225,0.03,-42.495094,0.8383362
22700.0,4540.0,0.05,0.055091694,0.061072294,0.20135778,226,0.07,-40.321907,0.8383427
22800.0,4560.0,0.15,0.05507868,0.061070587,0.20134638,227,0.05,-37.176186,0.8383381
22900.0,4580.0,0.1,0.055105466,0.061067715,0.2013346,228,0.05,-43.43606,0.83832437
23000.0,4600.0,0.05,0.0550804,0.061090317,0.20133257,229,0.07,-40.300545,0.8383201
23100.0,4620.0,0.05,0.05503925,0.061086748,0.20133075,230,0.04,-44.047657,0.8383228
23200.0,4640.0,0.15,0.055033196,0.06108904,0.2013299,231,0.06,-38.44593,0.8383507
23300.0,4660.0,0.05,0.055022918,0.06109591,0.20132479,232,0.05,-46.182976,0.83833224
23400.0,4680.0,0.1,0.055113573,0.061121598,0.20133102,233,0.08,-43.524906,0.8383262
23500.0,4700.0,0.15,0.055082764,0.06113225,0.20132741,234,0.09,-39.987312,0.83833975
23600.0,4720.0,0.0,0.05504983,0.06112607,0.20133048,235,0.03,-45.03739,0.83830315
23700.0,4740.0,0.05,0.055063106,0.061129734,0.20133944,236,0.06,-43.664192,0.8382928
23800.0,4760.0,0.15,0.055030193,0.061126646,0.20135361,237,0.04,-36.611618,0.83827525
23900.0,4780.0,0.0,0.05499424,0.061120566,0.20135078,238,0.12,-42.03358,0.83829457
24000.0,4800.0,0.1,0.05502757,0.0611272,0.20135666,239,0.05,-42.123894,0.83830374
24100.0,4820.0,0.05,0.05508167,0.061128464,0.20135146,240,0.07,-42.675777,0.8382611
24200.0,4840.0,0.1,0.055048905,0.061126176,0.20135602,241,0.08,-35.927677,0.83828956
24300.0,4860.0,0.1,0.05501101,0.06112114,0.20136555,242,0.07,-36.479164,0.8383135
24400.0,4880.0,0.1,0.05502738,0.061126307,0.20136425,243,0.08,-41.525898,0.8383177
24500.0,4900.0,0.1,0.055044804,0.06111668,0.2013628,244,0.1,-35.480377,0.8383258
24600.0,4920.0,0.15,0.055007335,0.061126992,0.20136671,245,0.09,-39.42524,0.83831424
24700.0,4940.0,0.05,0.054960128,0.06113489,0.20137769,246,0.06,-40.113083,0.83830947
24800.0,4960.0,0.1,0.054970264,0.061122295,0.20137297,247,0.05,-36.016483,0.83830327
24900.0,4980.0,0.15,0.05499857,0.06112321,0.201376,248,0.02,-37.26139,0.83830166
25000.0,5000.0,0.1,0.05497056,0.061124828,0.20137973,249,0.04,-41.21702,0.8382897
25100.0,5020.0,0.05,0.054943886,0.061126884,0.20137888,250,0.08,-43.83573,0.83830804
25200.0,5040.0,0.05,0.054915924,0.06111966,0.20138259,251,0.05,-44.02866,0.8383139
25300.0,5060.0,0.1,0.05487888,0.06112999,0.20138659,252,0.12,-43.25968,0.83831006
25400.0,5080.0,0.05,0.05487576,0.06113768,0.20139076,253,0.07,-40.1166,0.8382948
25500.0,5100.0,0.1,0.0548624,0.061122432,0.20139399,254,0.09,-41.542137,0.83830863
25600.0,5120.0,0.1,0.054842178,0.061131373,0.20139149,255,0.05,-37.266483,0.838326
25700.0,5140.0,0.1,0.0548188,0.061144326,0.20140253,256,0.1,-42.096874,0.83832866
25800.0,5160.0,0.15,0.054795362,0.061147753,0.20140748,257,0.03,-37.070435,0.8383333
25900.0,5180.0,0.15,0.054767445,0.06113504,0.20140778,258,0.09,-40.501553,0.8383201
26000.0,5200.0,0.05,0.05473447,0.061134342,0.20141378,259,0.09,-42.91263,0.8383534
26100.0,5220.0,0.05,0.054723825,0.061144765,0.20141576,260,0.07,-43.601635,0.8383511
26200.0,5240.0,0.0,0.054707833,0.061135843,0.20142086,261,0.09,-45.551216,0.83833104
26300.0,5260.0,0.2,0.054672405,0.061135616,0.20141335,262,0.1,-36.588768,0.83830947
26400.0,5280.0,0.05,0.05464772,0.06113321,0.2014135,263,0.05,-42.956097,0.8382701
26500.0,5300.0,0.05,0.054614753,0.061135724,0.20141044,264,0.05,-40.712303,0.8382929
26600.0,5320.0,0.05,0.054593135,0.061141346,0.20141195,265,0.07,-39.776558,0.8383127
26700.0,5340.0,0.05,0.05457732,0.06113058,0.20142159,266,0.07,-45.67206,0.83829373
26800.0,5360.0,0.05,0.054565072,0.06113172,0.20142317,267,0.06,-41.478794,0.8382911
26900.0,5380.0,0.05,0.05455066,0.061129197,0.20141822,268,0.09,-45.920464,0.83831024
27000.0,5400.0,0.1,0.054587793,0.06113504,0.20142236,269,0.03,-42.731575,0.83830374
27100.0,5420.0,0.0,0.054632317,0.061133098,0.20142183,270,0.05,-41.676834,0.83830285
27200.0,5440.0,0.0,0.05461579,0.061123237,0.20141955,271,0.02,-44.006657,0.83830565
27300.0,5460.0,0.0,0.054606143,0.061125983,0.20141438,272,0.06,-43.939743,0.838334
27400.0,5480.0,0.0,0.054601572,0.061134115,0.20141011,273,0.1,-41.44247,0.83833426
27500.0,5500.0,0.15,0.05458355,0.061132047,0.20140907,274,0.06,-30.652615,0.8383339
27600.0,5520.0,0.05,0.054563418,0.06114477,0.20140694,275,0.09,-37.820778,0.8383534
27700.0,5540.0,0.05,0.054559395,0.06113641,0.20139743,276,0.03,-40.729618,0.8383705
27800.0,5560.0,0.1,0.054554068,0.061134454,0.20140241,277,0.05,-37.80697,0.83837414
27900.0,5580.0,0.1,0.054552194,0.06113215,0.20140049,278,0.06,-37.781765,0.83837396
28000.0,5600.0,0.1,0.054537114,0.061127912,0.20139353,279,0.07,-39.966763,0.8383544
28100.0,5620.0,0.05,0.054552708,0.06113032,0.20139354,280,0.08,-38.473175,0.8383743
28200.0,5640.0,0.15,0.054544315,0.06114212,0.2013844,281,0.08,-36.75404,0.8383642
28300.0,5660.0,0.05,0.054543287,0.06114201,0.20138119,282,0.1,-42.586906,0.83837336
28400.0,5680.0,0.1,0.05451952,0.061130885,0.20138259,283,0.08,-37.282158,0.83837825
28500.0,5700.0,0.0,0.054492082,0.061136052,0.20138052,284,0.07,-40.24859,0.83838755
28600.0,5720.0,0.05,0.054512955,0.061131466,0.20137522,285,0.04,-38.68609,0.8383806
28700.0,5740.0,0.1,0.054495722,0.061126187,0.20137733,286,0.02,-39.904606,0.83838123
28800.0,5760.0,0.15,0.054480907,0.06111954,0.20137684,287,0.07,-37.802345,0.83836895
28900.0,5780.0,0.1,0.054451514,0.061111625,0.2013783,288,0.03,-38.63344,0.8383686
29000.0,5800.0,0.15,0.054416846,0.061111983,0.20137875,289,0.07,-38.336285,0.8383717
29100.0,5820.0,0.05,0.054403834,0.06110819,0.20137215,290,0.06,-42.11032,0.8384102
29200.0,5840.0,0.05,0.054444086,0.061106462,0.20137267,291,0.08,-42.32061,0.83843535
29300.0,5860.0,0.1,0.054415792,0.061102215,0.20137192,292,0.1,-40.8153,0.83842236
29400.0,5880.0,0.15,0.054390017,0.061096136,0.20137808,293,0.04,-32.706787,0.83843154
29500.0,5900.0,0.0,0.05442327,0.061105076,0.2013838,294,0.09,-42.337006,0.83844143
29600.0,5920.0,0.15,0.0544101,0.061111715,0.20137662,295,0.08,-37.68212,0.83844525
29700.0,5940.0,0.05,0.05443713,0.0611181,0.20136812,296,0.07,-44.377876,0.83843917
29800.0,5960.0,0.0,0.054461014,0.061113182,0.20136118,297,0.07,-44.647236,0.8384476
29900.0,5980.0,0.0,0.054440632,0.061125662,0.2013567,298,0.07,-44.216408,0.8384468
30000.0,6000.0,0.1,0.05442035,0.061128516,0.20135169,299,0.1,-41.94911,0.8384469
30100.0,6020.0,0.1,0.05440237,0.0611245,0.20135187,300,0.04,-38.44172,0.8384703
30200.0,6040.0,0.05,0.054417133,0.061130013,0.20134832,301,0.08,-43.28358,0.8384579
30300.0,6060.0,0.2,0.054387923,0.06111889,0.20134792,302,0.08,-35.004395,0.83845
30400.0,6080.0,0.05,0.05435944,0.06111717,0.20135017,303,0.12,-39.31811,0.83846354
30500.0,6100.0,0.15,0.05433244,0.06112279,0.20134787,304,0.05,-35.99818,0.83845425
30600.0,6120.0,0.0,0.054312464,0.061115656,0.20134869,305,0.08,-42.353172,0.838443
30700.0,6140.0,0.05,0.054285888,0.061112355,0.20134933,306,0.04,-42.020725,0.83843493
30800.0,6160.0,0.05,0.0542783,0.061116472,0.2013539,307,0.09,-43.912773,0.8384387
30900.0,6180.0,0.05,0.054276727,0.06111109,0.20135285,308,0.05,-43.50129,0.8384526
31000.0,6200.0,0.1,0.05430582,0.06110938,0.20135307,309,0.07,-39.583977,0.83845645
31100.0,6220.0,0.1,0.05426901,0.061105374,0.20135096,310,0.11,-41.782448,0.83844894
31200.0,6240.0,0.05,0.054287795,0.061096426,0.20134586,311,0.05,-32.59665,0.8384736
31300.0,6260.0,0.05,0.05428927,0.061099637,0.20133859,312,0.03,-39.029556,0.8384978
31400.0,6280.0,0.05,0.0542593,0.061097566,0.20133647,313,0.06,-40.773415,0.83850193
31500.0,6300.0,0.05,0.054246273,0.061102618,0.20133711,314,0.11,-43.12095,0.8384986
31600.0,6320.0,0.05,0.054234806,0.06110182,0.20133428,315,0.08,-42.395794,0.8384826
31700.0,6340.0,0.15,0.05424123,0.06108978,0.2013409,316,0.07,-36.97088,0.83847
31800.0,6360.0,0.0,0.05423676,0.061081167,0.20133318,317,0.07,-45.687702,0.83847874
31900.0,6380.0,0.15,0.054222986,0.061079334,0.201333,318,0.11,-39.557762,0.8384659
32000.0,6400.0,0.15,0.05422756,0.061075773,0.20133452,319,0.08,-37.85491,0.8384671
32100.0,6420.0,0.0,0.05421187,0.061068114,0.2013307,320,0.05,-43.435875,0.83846736
32200.0,6440.0,0.0,0.05418478,0.06105719,0.20133545,321,0.03,-47.51562,0.83847827
32300.0,6460.0,0.1,0.054158334,0.061055463,0.20133545,322,0.04,-40.889565,0.8384788
32400.0,6480.0,0.05,0.05414461,0.061048117,0.20133585,323,0.07,-39.70086,0.8384755
32500.0,6500.0,0.05,0.054151345,0.061045036,0.20133263,324,0.04,-43.39381,0.8384766
32600.0,6520.0,0.0,0.054129213,0.061054915,0.20132832,325,0.15,-44.833206,0.8384898
32700.0,6540.0,0.05,0.0541171,0.061063062,0.2013249,326,0.09,-38.78529,0.8384802
32800.0,6560.0,0.1,0.054138716,0.0610563,0.20133051,327,0.08,-38.793633,0.8384797
32900.0,6580.0,0.15,0.054113034,0.06106561,0.2013343,328,0.04,-32.15195,0.8384802
33000.0,6600.0,0.1,0.054119684,0.061068013,0.20133214,329,0.06,-36.98322,0.83848643
33100.0,6620.0,0.1,0.054097377,0.06106274,0.2013303,330,0.06,-35.597107,0.83849454
33200.0,6640.0,0.05,0.05406805,0.06106229,0.20132916,331,0.05,-43.634773,0.83849126
33300.0,6660.0,0.05,0.054066494,0.061063323,0.20132984,332,0.07,-45.361454,0.8385001
33400.0,6680.0,0.15,0.054067936,0.061063435,0.20132583,333,0.07,-38.551353,0.83848333
33500.0,6700.0,0.05,0.054059487,0.061064675,0.2013221,334,0.07,-41.64689,0.83845335
33600.0,6720.0,0.05,0.05404132,0.061064225,0.20132186,335,0.04,-41.84057,0.8384344
33700.0,6740.0,0.1,0.054039564,0.061068352,0.20132004,336,0.09,-39.835205,0.8384438
33800.0,6760.0,0.1,0.054021694,0.06106652,0.20132235,337,0.01,-41.52681,0.83845764
33900.0,6780.0,0.2,0.05401606,0.061068352,0.20131752,338,0.06,-34.451836,0.8384548
34000.0,6800.0,0.05,0.053998522,0.061076958,0.20131533,339,0.06,-43.213047,0.83846754
34100.0,6820.0,0.0,0.05400089,0.06107204,0.20130967,340,0.05,-43.683807,0.8384588
34200.0,6840.0,0.15,0.053983975,0.061069284,0.20130797,341,0.12,-38.779366,0.83844477
34300.0,6860.0,0.1,0.054028254,0.06108397,0.2013054,342,0.07,-40.931282,0.8384349
34400.0,6880.0,0.15,0.054007053,0.06108007,0.20131059,343,0.05,-39.788883,0.83843964
34500.0,6900.0,0.0,0.053983822,0.061069284,0.20131062,344,0.06,-44.636864,0.83845705
34600.0,6920.0,0.1,0.053966712,0.06106207,0.2013105,345,0.08,-39.96655,0.83844876
34700.0,6940.0,0.2,0.053940024,0.061065163,0.2013094,346,0.09,-36.609154,0.83844703
34800.0,6960.0,0.1,0.053910885,0.061062977,0.2013097,347,0.09,-41.276894,0.83845305
34900.0,6980.0,0.05,0.053899582,0.061068837,0.20131356,348,0.06,-43.688576,0.8384361
35000.0,7000.0,0.0,0.053886186,0.061075017,0.20131828,349,0.07,-45.7871,0.8384437
35100.0,7020.0,0.05,0.05387459,0.061085124,0.20131683,350,0.1,-41.070526,0.8384561
35200.0,7040.0,0.05,0.05385166,0.06108019,0.2013176,351,0.06,-43.45882,0.83846265
35300.0,7060.0,0.1,0.05385133,0.06108065,0.20132169,352,0.06,-37.811714,0.8384638
35400.0,7080.0,0.1,0.053836156,0.06107882,0.20132317,353,0.07,-39.46746,0.8384554
35500.0,7100.0,0.1,0.053826183,0.061078478,0.20133112,354,0.05,-41.187588,0.8384543
35600.0,7120.0,0.1,0.053813796,0.061072502,0.20132345,355,0.01,-40.90983,0.83847404
35700.0,7140.0,0.0,0.053816468,0.06106699,0.20132455,356,0.07,-43.177475,0.83847505
35800.0,7160.0,0.1,0.05380299,0.061075125,0.20132706,357,0.06,-40.018078,0.83848566
35900.0,7180.0,0.2,0.053781528,0.061075237,0.20132616,358,0.1,-32.16614,0.83847
36000.0,7200.0,0.15,0.053776644,0.061085686,0.20133054,359,0.12,-33.491238,0.83845663
36100.0,7220.0,0.1,0.053770866,0.061073426,0.20133105,360,0.07,-43.424362,0.83844787
36200.0,7240.0,0.1,0.053745996,0.06107137,0.20133068,361,0.05,-41.713676,0.8384604
36300.0,7260.0,0.15,0.05371435,0.06106094,0.20133255,362,0.04,-39.919952,0.8384567
36400.0,7280.0,0.05,0.053697232,0.06106427,0.20133,363,0.06,-41.08725,0.8384722
36500.0,7300.0,0.1,0.053667013,0.061061177,0.2013307,364,0.05,-40.808495,0.83846235
36600.0,7320.0,0.05,0.05365537,0.06105842,0.20133154,365,0.06,-42.127792,0.838463
36700.0,7340.0,0.1,0.053633537,0.061067596,0.20133337,366,0.06,-42.628723,0.8384709
36800.0,7360.0,0.15,0.05361657,0.061065197,0.20133218,367,0.06,-38.70978,0.8384719
36900.0,7380.0,0.05,0.053593207,0.061073568,0.20133457,368,0.11,-43.63451,0.838471
37000.0,7400.0,0.05,0.05360968,0.061066683,0.20134223,369,0.07,-43.98742,0.8384816
37100.0,7420.0,0.05,0.05360338,0.06106977,0.20134673,370,0.06,-43.733143,0.838481
37200.0,7440.0,0.05,0.053608876,0.061075166,0.20135455,371,0.06,-43.7193,0.83849233
37300.0,7460.0,0.05,0.053582504,0.061070915,0.2013567,372,0.1,-41.263634,0.83848816
37400.0,7480.0,0.05,0.053561214,0.06107023,0.2013573,373,0.06,-42.843353,0.8384679
37500.0,7500.0,0.1,0.053543683,0.06106862,0.20135802,374,0.08,-40.84785,0.83845204
37600.0,7520.0,0.05,0.05354529,0.061076548,0.20136037,375,0.1,-44.908512,0.8384452
37700.0,7540.0,0.1,0.053572003,0.06107286,0.20136978,376,0.03,-42.925358,0.83845186
37800.0,7560.0,0.05,0.053547088,0.06108171,0.20137237,377,0.09,-38.239456,0.8384624
37900.0,7580.0,0.1,0.05351992,0.06108262,0.20137133,378,0.06,-40.67304,0.838468
38000.0,7600.0,0.1,0.05353691,0.061084446,0.20137365,379,0.06,-41.12789,0.8384664
38100.0,7620.0,0.05,0.053524204,0.061081007,0.20137405,380,0.04,-43.72135,0.8384797
38200.0,7640.0,0.1,0.053537056,0.061078604,0.20137623,381,0.07,-36.150997,0.83850527
38300.0,7660.0,0.05,0.053549055,0.061081346,0.2013785,382,0.06,-43.42002,0.83850026
38400.0,7680.0,0.05,0.05352257,0.061085586,0.20137875,383,0.08,-43.35826,0.83850056
38500.0,7700.0,0.05,0.053503603,0.061084453,0.20137793,384,0.07,-39.710545,0.8384898
38600.0,7720.0,0.15,0.053480655,0.061092366,0.20137535,385,0.07,-36.51541,0.8384926
38700.0,7740.0,0.1,0.053484842,0.061088577,0.20137575,386,0.07,-40.393257,0.838506
38800.0,7760.0,0.05,0.05345951,0.061091896,0.20137317,387,0.08,-41.279194,0.8385039
38900.0,7780.0,0.15,0.05343752,0.061091106,0.20136665,388,0.07,-34.386353,0.8385202
39000.0,7800.0,0.05,0.053445462,0.061088935,0.20136824,389,0.09,-43.641838,0.83852166
39100.0,7820.0,0.05,0.053430542,0.061081592,0.20136847,390,0.06,-41.986637,0.8385122
39200.0,7840.0,0.1,0.05342535,0.06107449,0.20136595,391,0.04,-40.107998,0.8385188
39300.0,7860.0,0.1,0.053412776,0.061071504,0.20136628,392,0.09,-30.331823,0.8385193
39400.0,7880.0,0.2,0.053393938,0.06106933,0.20136565,393,0.08,-32.42283,0.83851105
39500.0,7900.0,0.05,0.05340231,0.06105867,0.20136543,394,0.06,-42.957233,0.83851784
39600.0,7920.0,0.0,0.053426586,0.06105787,0.20137015,395,0.07,-44.424408,0.8385226
39700.0,7940.0,0.05,0.05341383,0.06106245,0.20136636,396,0.11,-42.170536,0.83851653
39800.0,7960.0,0.2,0.05340402,0.061064515,0.20136838,397,0.06,-34.19415,0.8385267
39900.0,7980.0,0.15,0.053382207,0.06106682,0.20136511,398,0.09,-38.449852,0.8385441
40000.0,8000.0,0.05,0.05336875,0.061063837,0.2013689,399,0.07,-43.735878,0.83853716
40100.0,8020.0,0.05,0.053353075,0.061061546,0.20137107,400,0.09,-40.491177,0.83853143
40200.0,8040.0,0.1,0.053356722,0.06106201,0.20137616,401,0.1,-42.204956,0.83852434
40300.0,8060.0,0.15,0.053356275,0.061064634,0.20137139,402,0.11,-38.21831,0.83853513
40400.0,8080.0,0.0,0.053347994,0.06107026,0.20137323,403,0.07,-43.571507,0.8385265
40500.0,8100.0,0.05,0.05333877,0.061070498,0.20137587,404,0.05,-40.136284,0.8385327
40600.0,8120.0,0.15,0.053362116,0.061076794,0.20137577,405,0.08,-37.18934,0.8385275
40700.0,8140.0,0.15,0.053354125,0.061074164,0.2013759,406,0.04,-39.03535,0.8385155
40800.0,8160.0,0.05,0.05334149,0.061076686,0.20136885,407,0.11,-41.548004,0.8385361
40900.0,8180.0,0.15,0.05333456,0.061076447,0.20137084,408,0.07,-35.661446,0.83854693
41000.0,8200.0,0.0,0.053334285,0.061073232,0.2013764,409,0.07,-39.950172,0.83854574
41100.0,8220.0,0.05,0.05336834,0.061064284,0.20137195,410,0.07,-41.57514,0.8385496
41200.0,8240.0,0.1,0.053353094,0.06106853,0.20137578,411,0.05,-38.96541,0.83854705
41300.0,8260.0,0.15,0.05334697,0.06107449,0.20137869,412,0.04,-40.588688,0.838542
41400.0,8280.0,0.05,0.053393327,0.06107013,0.2013755,413,0.03,-42.042206,0.83854324
41500.0,8300.0,0.15,0.05338178,0.061070364,0.20137224,414,0.11,-34.229298,0.83853716
41600.0,8320.0,0.05,0.05336447,0.061068874,0.20137316,415,0.09,-41.01362,0.8385384
41700.0,8340.0,0.0,0.05335345,0.061072994,0.20137328,416,0.1,-43.472004,0.8385406
41800.0,8360.0,0.0,0.05334333,0.061069205,0.20137417,417,0.09,-46.721016,0.8385317
41900.0,8380.0,0.0,0.05333075,0.06106587,0.2013759,418,0.04,-41.7344,0.83854026
42000.0,8400.0,0.1,0.053326763,0.061058417,0.20137446,419,0.05,-41.003445,0.8385485
42100.0,8420.0,0.1,0.053339794,0.061054405,0.20137802,420,0.05,-42.53007,0.8385379
42200.0,8440.0,0.15,0.053327855,0.061056573,0.2013738,421,0.04,-34.869347,0.8385375
42300.0,8460.0,0.05,0.053316724,0.061050262,0.20137356,422,0.06,-42.551933,0.83854014
42400.0,8480.0,0.05,0.05332078,0.061053947,0.20137233,423,0.06,-37.053085,0.8385229
42500.0,8500.0,0.15,0.05330518,0.061058182,0.20137388,424,0.07,-35.714237,0.8385031
42600.0,8520.0,0.05,0.053319145,0.06105647,0.20137398,425,0.05,-39.738605,0.83851147
42700.0,8540.0,0.0,0.05330488,0.061058864,0.20137489,426,0.09,-40.19169,0.83849597
42800.0,8560.0,0.0,0.053315066,0.061051864,0.20137444,427,0.04,-43.19451,0.8384919
42900.0,8580.0,0.1,0.05333694,0.06104912,0.20137005,428,0.08,-39.949554,0.83849317
43000.0,8600.0,0.15,0.053331777,0.061047513,0.20136534,429,0.03,-36.88632,0.83848363
43100.0,8620.0,0.2,0.053340696,0.061043844,0.20136671,430,0.06,-34.328453,0.8384852
43200.0,8640.0,0.15,0.053333383,0.061051298,0.20136301,431,0.04,-36.605705,0.83849555
43300.0,8660.0,0.05,0.053329963,0.061054174,0.2013587,432,0.05,-37.87632,0.8384991
43400.0,8680.0,0.05,0.053315524,0.061062213,0.20135854,433,0.07,-40.872604,0.8384971
43500.0,8700.0,0.05,0.05333618,0.06106095,0.20136063,434,0.03,-38.62394,0.83848566
43600.0,8720.0,0.1,0.05332276,0.061059568,0.2013607,435,0.03,-40.096573,0.8384943
43700.0,8740.0,0.05,0.053306937,0.06105372,0.20135853,436,0.07,-36.497528,0.8385001
43800.0,8760.0,0.0,0.05329818,0.061051536,0.20135833,437,0.14,-43.229645,0.83850545
43900.0,8780.0,0.1,0.05328251,0.061053723,0.2013529,438,0.1,-41.004402,0.83850193
44000.0,8800.0,0.05,0.05327462,0.061057735,0.20135348,439,0.04,-39.59158,0.8385063
44100.0,8820.0,0.05,0.053256664,0.061058547,0.20135431,440,0.06,-36.462162,0.8385063
44200.0,8840.0,0.05,0.053238235,0.061053947,0.20135225,441,0.09,-38.084606,0.8385038
44300.0,8860.0,0.0,0.053226653,0.06104752,0.20134874,442,0.07,-44.03234,0.8385039
44400.0,8880.0,0.0,0.053219553,0.061044767,0.20134462,443,0.02,-44.463425,0.8385063
44500.0,8900.0,0.1,0.053205144,0.061046615,0.20134184,444,0.09,-38.759468,0.83851093
44600.0,8920.0,0.2,0.05318281,0.061043393,0.20134379,445,0.08,-34.241966,0.83850783
44700.0,8940.0,0.05,0.05322286,0.061043736,0.20134489,446,0.08,-42.57257,0.8385227
44800.0,8960.0,0.05,0.053231496,0.06104109,0.20134114,447,0.06,-37.62762,0.83852607
44900.0,8980.0,0.2,0.053236343,0.061038908,0.20133743,448,0.07,-36.436172,0.83852124
45000.0,9000.0,0.1,0.053227253,0.061039943,0.20134129,449,0.09,-41.580326,0.8385114
45100.0,9020.0,0.15,0.053223144,0.0610365,0.20134294,450,0.05,-33.73049,0.83850455
45200.0,9040.0,0.0,0.05322197,0.061038908,0.20134449,451,0.07,-38.369534,0.83851796
45300.0,9060.0,0.15,0.053215764,0.061040863,0.20134668,452,0.06,-36.415623,0.8385077
45400.0,9080.0,0.05,0.053229332,0.061035242,0.20134018,453,0.08,-42.612705,0.8385125
45500.0,9100.0,0.0,0.053248633,0.061038572,0.20133668,454,0.07,-41.58902,0.8385117
45600.0,9120.0,0.05,0.053234674,0.061034333,0.2013406,455,0.05,-41.77919,0.8385163
45700.0,9140.0,0.05,0.05321588,0.061040755,0.20134237,456,0.05,-39.339783,0.83852047
45800.0,9160.0,0.05,0.05320406,0.06103685,0.20134853,457,0.05,-40.36201,0.83851266
45900.0,9180.0,0.0,0.05319622,0.061029162,0.2013507,458,0.02,-44.200325,0.83850306
46000.0,9200.0,0.1,0.05319217,0.06102617,0.20135109,459,0.03,-35.075356,0.8385174
46100.0,9220.0,0.05,0.053218503,0.061034556,0.20134851,460,0.06,-44.82039,0.83850366
46200.0,9240.0,0.1,0.0531999,0.061036732,0.20134932,461,0.05,-40.432858,0.83850646
46300.0,9260.0,0.1,0.053199064,0.061038107,0.20134367,462,0.09,-37.619255,0.8385156
46400.0,9280.0,0.05,0.053197004,0.06103903,0.20134567,463,0.09,-41.606743,0.83850837
46500.0,9300.0,0.2,0.0531833,0.061045572,0.20134726,464,0.07,-34.98848,0.83850676
46600.0,9320.0,0.15,0.053208057,0.061048444,0.2013449,465,0.06,-38.952156,0.8385127
46700.0,9340.0,0.05,0.053188313,0.06104294,0.20134674,466,0.08,-41.828125,0.83850116
46800.0,9360.0,0.1,0.053172417,0.06104145,0.20134462,467,0.05,-39.923985,0.83851194
46900.0,9380.0,0.3,0.053153943,0.06103835,0.20134571,468,0.04,-30.243942,0.83851814
47000.0,9400.0,0.05,0.053169742,0.061040524,0.20134999,469,0.09,-45.953804,0.8385096
47100.0,9420.0,0.1,0.05315964,0.061037537,0.20135126,470,0.06,-39.28128,0.83850175
47200.0,9440.0,0.05,0.053160798,0.06104293,0.20135194,471,0.1,-38.056343,0.83851
47300.0,9460.0,0.1,0.053168938,0.0610427,0.20135388,472,0.13,-40.21011,0.8384995
47400.0,9480.0,0.05,0.05320975,0.061048895,0.20136069,473,0.05,-42.837086,0.83849865
47500.0,9500.0,0.0,0.05323102,0.06104453,0.20135891,474,0.07,-41.48082,0.83849853
47600.0,9520.0,0.0,0.053273793,0.061048195,0.20135641,475,0.06,-38.611927,0.8384857
47700.0,9540.0,0.15,0.05334304,0.061047394,0.20135425,476,0.08,-35.177128,0.8384884
47800.0,9560.0,0.15,0.053433914,0.061049577,0.20135674,477,0.05,-28.695957,0.83847934
47900.0,9580.0,0.1,0.053516284,0.061050255,0.20135531,478,0.04,-31.671078,0.83848596
48000.0,9600.0,0.05,0.05356808,0.061044294,0.20135431,479,0.1,-34.137688,0.8384835
48100.0,9620.0,0.0,0.05361761,0.061046716,0.20135315,480,0.06,-30.357777,0.8384823
48200.0,9640.0,0.05,0.053732287,0.061043043,0.20135418,481,0.08,-35.446125,0.8384904
48300.0,9660.0,0.1,0.053755533,0.06104419,0.20135328,482,0.05,-29.616505,0.8384929
48400.0,9680.0,0.25,0.05376708,0.061046496,0.20135342,483,0.04,-30.259607,0.8384858
48500.0,9700.0,0.05,0.053791493,0.061042026,0.20134898,484,0.05,-34.674072,0.8384773
48600.0,9720.0,0.25,0.053805925,0.061045125,0.20134747,485,0.05,-28.002722,0.8384664
48700.0,9740.0,0.05,0.053839996,0.061047528,0.20134918,486,0.07,-34.757225,0.8384698
48800.0,9760.0,0.2,0.053837486,0.061046954,0.20134424,487,0.06,-29.448904,0.83845395
48900.0,9780.0,0.05,0.053841766,0.061053026,0.2013413,488,0.05,-31.289112,0.8384405
49000.0,9800.0,0.0,0.05385561,0.061051533,0.20134085,489,0.05,-37.72291,0.8384436
49100.0,9820.0,0.0,0.05385009,0.061048314,0.20134416,490,0.07,-35.41123,0.83844644
49200.0,9840.0,0.0,0.053852197,0.061046943,0.20134488,491,0.06,-37.354317,0.8384332
49300.0,9860.0,0.05,0.053861085,0.061051305,0.2013398,492,0.09,-37.716125,0.83841366
49400.0,9880.0,0.1,0.053854853,0.06105348,0.20134026,493,0.04,-31.635498,0.8384304
49500.0,9900.0,0.1,0.053842086,0.061047863,0.20134172,494,0.05,-34.467327,0.83844227
49600.0,9920.0,0.1,0.05383486,0.061054513,0.20134504,495,0.07,-33.07052,0.83843297
49700.0,9940.0,0.15,0.05385685,0.061060596,0.20134805,496,0.1,-31.18934,0.83844376
49800.0,9960.0,0.05,0.0538435,0.061065182,0.20134917,497,0.08,-38.53108,0.8384571
49900.0,9980.0,0.1,0.05385827,0.06106403,0.20134144,498,0.09,-35.793957,0.8384544
50000.0,10000.0,0.05,0.053840235,0.061061967,0.20134327,499,0.06,-39.925293,0.8384461
50100.0,10020.0,0.0,0.053836126,0.061063457,0.20134805,500,0.1,-42.519962,0.8384509
50200.0,10040.0,0.0,0.053817824,0.061059665,0.20134741,501,0.08,-40.503,0.83845043
50300.0,10060.0,0.2,0.053817023,0.06106207,0.20134899,502,0.07,-31.748224,0.8384507
50400.0,10080.0,0.1,0.053796683,0.061062183,0.20134701,503,0.04,-35.624462,0.838443
50500.0,10100.0,0.15,0.053836487,0.06107388,0.20134304,504,0.11,-36.90582,0.8384432
50600.0,10120.0,0.05,0.053828135,0.061073765,0.2013438,505,0.08,-38.542355,0.83845526
50700.0,10140.0,0.05,0.053807564,0.061079044,0.20134243,506,0.04,-38.23304,0.8384611
50800.0,10160.0,0.15,0.05379858,0.061078932,0.201346,507,0.04,-37.112053,0.83845353
50900.0,10180.0,0.05,0.053783104,0.061077204,0.20134947,508,0.02,-39.93485,0.8384499
51000.0,10200.0,0.05,0.053771142,0.061072264,0.201348,509,0.07,-39.603416,0.8384612
51100.0,10220.0,0.0,0.053762518,0.061076507,0.20134416,510,0.03,-43.28188,0.8384545
51200.0,10240.0,0.0,0.053742625,0.061072603,0.20134135,511,0.11,-41.87397,0.8384457
51300.0,10260.0,0.05,0.053732987,0.061074194,0.20134431,512,0.06,-43.6102,0.83845204
51400.0,10280.0,0.05,0.053724147,0.061076954,0.201343,513,0.06,-41.217896,0.8384478
51500.0,10300.0,0.1,0.053711537,0.06107053,0.20134509,514,0.04,-39.414883,0.83844537
51600.0,10320.0,0.1,0.05369668,0.061072487,0.20134175,515,0.03,-37.485615,0.83845764
51700.0,10340.0,0.1,0.053691357,0.06107145,0.2013408,516,0.04,-39.82682,0.83846235
51800.0,10360.0,0.05,0.053717908,0.061075017,0.20133987,517,0.08,-36.47004,0.8384617
51900.0,10380.0,0.1,0.053702716,0.061075702,0.20134059,518,0.1,-40.16256,0.8384604
52000.0,10400.0,0.05,0.053695012,0.06107433,0.20134299,519,0.08,-41.461777,0.8384674
52100.0,10420.0,0.0,0.05370084,0.061070308,0.20134567,520,0.1,-45.56322,0.8384587
52200.0,10440.0,0.15,0.05371123,0.061069395,0.20134549,521,0.07,-32.92327,0.83845633
52300.0,10460.0,0.05,0.053709317,0.0610655,0.20134354,522,0.04,-42.71392,0.83844703
52400.0,10480.0,0.15,0.053706914,0.061068024,0.20134163,523,0.06,-38.20478,0.8384363
52500.0,10500.0,0.15,0.053722944,0.061066434,0.20134503,524,0.04,-39.883163,0.8384364
52600.0,10520.0,0.05,0.05373167,0.061061725,0.20134358,525,0.04,-42.61953,0.83844334
52700.0,10540.0,0.05,0.053718243,0.061066434,0.20134172,526,0.09,-40.184288,0.838445
52800.0,10560.0,0.1,0.053708583,0.061065976,0.20133625,527,0.05,-40.81007,0.8384474
52900.0,10580.0,0.05,0.053714365,0.06106242,0.201337,528,0.06,-42.625557,0.8384575
53000.0,10600.0,0.05,0.053706788,0.06105795,0.20133896,529,0.05,-42.840813,0.83845735
53100.0,10620.0,0.1,0.05372998,0.061059896,0.20133719,530,0.04,-41.61891,0.83846277
53200.0,10640.0,0.1,0.053716823,0.061064586,0.20133811,531,0.05,-37.70374,0.83844894
53300.0,10660.0,0.15,0.053735714,0.061067,0.20134002,532,0.05,-39.64382,0.8384304
53400.0,10680.0,0.0,0.05372345,0.061068837,0.20134021,533,0.06,-43.21328,0.8384294
53500.0,10700.0,0.1,0.053709574,0.061072495,0.20133719,534,0.03,-41.113884,0.83843404
53600.0,10720.0,0.05,0.05370445,0.061072156,0.20133404,535,0.11,-38.07038,0.8384314
53700.0,10740.0,0.05,0.053702325,0.06106929,0.20133539,536,0.08,-43.662437,0.83844113
53800.0,10760.0,0.05,0.05368934,0.06106699,0.20133454,537,0.05,-40.865105,0.83843607
53900.0,10780.0,0.05,0.05367241,0.061063092,0.20133263,538,0.02,-41.384007,0.838432
54000.0,10800.0,0.0,0.05366257,0.061065387,0.20133169,539,0.05,-44.449963,0.83842856
54100.0,10820.0,0.1,0.05366005,0.06106746,0.20133208,540,0.04,-40.366417,0.8384368
54200.0,10840.0,0.2,0.053652104,0.06106401,0.20133157,541,0.04,-34.534405,0.8384309
54300.0,10860.0,0.3,0.053657066,0.06106035,0.20133114,542,0.06,-30.470068,0.8384293
54400.0,10880.0,0.05,0.053672895,0.061059315,0.20133032,543,0.02,-43.766613,0.83842915
54500.0,10900.0,0.0,0.053672038,0.06105335,0.20133303,544,0.05,-42.685463,0.83843154
54600.0,10920.0,0.15,0.053669766,0.061048407,0.20132604,545,0.03,-38.977844,0.83842355
54700.0,10940.0,0.05,0.053695206,0.06104898,0.20132671,546,0.03,-39.207752,0.8384215
54800.0,10960.0,0.0,0.053703338,0.06104577,0.20132598,547,0.12,-45.04017,0.83841705
54900.0,10980.0,0.0,0.053687885,0.061049093,0.20132297,548,0.08,-38.88566,0.83841586
55000.0,11000.0,0.05,0.05370092,0.061047498,0.2013196,549,0.07,-43.17345,0.83841664
55100.0,11020.0,0.05,0.05370077,0.061048415,0.20131771,550,0.06,-41.0407,0.83841157
55200.0,11040.0,0.0,0.053691015,0.061043028,0.20132281,551,0.06,-44.66574,0.8384139
55300.0,11060.0,0.15,0.053719543,0.061047275,0.20132439,552,0.04,-33.992874,0.8384006
55400.0,11080.0,0.05,0.05371222,0.061053928,0.20132339,553,0.04,-42.778877,0.83841205
55500.0,11100.0,0.05,0.053702507,0.061052885,0.20132263,554,0.1,-43.289192,0.8384033
55600.0,11120.0,0.2,0.053687986,0.061054494,0.20132612,555,0.05,-38.70023,0.83839846
55700.0,11140.0,0.05,0.05368728,0.061049435,0.20132513,556,0.07,-40.245735,0.83840275
55800.0,11160.0,0.0,0.05369295,0.061058734,0.20132829,557,0.07,-41.80281,0.83840317
55900.0,11180.0,0.0,0.05369443,0.06105897,0.20132993,558,0.05,-44.112457,0.8384113
56000.0,11200.0,0.05,0.053692985,0.06105782,0.20132914,559,0.09,-44.881355,0.83840185
56100.0,11220.0,0.0,0.053689495,0.061060116,0.20132577,560,0.09,-40.611706,0.8384116
56200.0,11240.0,0.05,0.053675953,0.061062183,0.20132616,561,0.11,-43.995274,0.8384237
56300.0,11260.0,0.1,0.053685598,0.06105667,0.20132628,562,0.09,-41.01217,0.83842164
56400.0,11280.0,0.1,0.053687755,0.06105232,0.20132273,563,0.09,-35.93324,0.8384218
56500.0,11300.0,0.0,0.053691406,0.061051633,0.20132011,564,0.09,-44.089817,0.8384078
56600.0,11320.0,0.1,0.053680543,0.06104876,0.20132037,565,0.07,-41.430264,0.83842593
56700.0,11340.0,0.1,0.053691097,0.061047837,0.20131661,566,0.04,-40.653057,0.83842754
56800.0,11360.0,0.05,0.053676415,0.06105059,0.20131674,567,0.06,-41.54859,0.8384345
56900.0,11380.0,0.05,0.053669013,0.061055068,0.20131515,568,0.12,-40.561638,0.8384228
57000.0,11400.0,0.1,0.05367029,0.06105472,0.2013126,569,0.06,-37.02146,0.83841306
57100.0,11420.0,0.15,0.0536526,0.061054602,0.20131274,570,0.04,-35.221508,0.83840066
57200.0,11440.0,0.05,0.05364737,0.06105173,0.20131111,571,0.08,-38.053276,0.838394
57300.0,11460.0,0.1,0.05368342,0.061046567,0.20131165,572,0.06,-38.856983,0.8383999
57400.0,11480.0,0.1,0.05370208,0.061044157,0.20130846,573,0.08,-41.887432,0.83839417
57500.0,11500.0,0.05,0.053710755,0.06104404,0.20131166,574,0.06,-43.39971,0.83840257
57600.0,11520.0,0.0,0.053704873,0.061048176,0.20131354,575,0.04,-43.31669,0.83840126
57700.0,11540.0,0.15,0.053712662,0.061044488,0.2013077,576,0.08,-37.728218,0.838396
57800.0,11560.0,0.1,0.053715635,0.06104656,0.20130949,577,0.04,-37.429893,0.83838755
57900.0,11580.0,0.0,0.05370552,0.061050106,0.20130934,578,0.07,-45.53992,0.83838826
58000.0,11600.0,0.1,0.053693816,0.061045524,0.20130543,579,0.11,-39.937992,0.838382
58100.0,11620.0,0.0,0.05370869,0.06104851,0.20130518,580,0.05,-45.85663,0.8383803
58200.0,11640.0,0.05,0.053697206,0.06104873,0.2013066,581,0.07,-42.899002,0.83836824
58300.0,11660.0,0.05,0.05368318,0.061050218,0.20130885,582,0.04,-41.793922,0.8383817
58400.0,11680.0,0.0,0.053667106,0.061050203,0.20130505,583,0.07,-46.08501,0.8383846
58500.0,11700.0,0.0,0.053650793,0.061046872,0.20130442,584,0.05,-47.726326,0.8383996
58600.0,11720.0,0.0,0.053637065,0.061051473,0.20130402,585,0.11,-45.176476,0.83840173
58700.0,11740.0,0.05,0.05363659,0.06105629,0.20130192,586,0.06,-42.40819,0.838408
58800.0,11760.0,0.1,0.053623628,0.06105124,0.20130053,587,0.04,-40.31449,0.83841366
58900.0,11780.0,0.15,0.05362545,0.061049283,0.20129883,588,0.09,-39.16591,0.8384175
59000.0,11800.0,0.0,0.05361686,0.06105445,0.20129658,589,0.04,-44.24021,0.8384196
59100.0,11820.0,0.1,0.05361521,0.061050672,0.20129621,590,0.04,-41.140957,0.8384165
59200.0,11840.0,0.0,0.053618737,0.061049853,0.20129865,591,0.03,-43.56037,0.83842057
59300.0,11860.0,0.1,0.053621348,0.061052382,0.20129542,592,0.05,-40.546196,0.8384285
59400.0,11880.0,0.05,0.05362901,0.061048362,0.20129809,593,0.08,-45.97369,0.83844
59500.0,11900.0,0.05,0.053629726,0.06104699,0.20129414,594,0.05,-42.112946,0.8384301
59600.0,11920.0,0.15,0.053631857,0.06104436,0.20129386,595,0.07,-39.48623,0.8384327
59700.0,11940.0,0.05,0.053620864,0.061040457,0.20129494,596,0.08,-44.33401,0.83843374
59800.0,11960.0,0.0,0.05362405,0.061040577,0.20129329,597,0.06,-45.127216,0.8384318
59900.0,11980.0,0.1,0.053623296,0.061042648,0.20129108,598,0.07,-40.957848,0.83843356
60000.0,12000.0,0.05,0.053629298,0.061039194,0.2012884,599,0.05,-40.611904,0.8384249
60100.0,12020.0,0.1,0.05361852,0.061034843,0.20128845,600,0.1,-42.45694,0.83842915
60200.0,12040.0,0.0,0.053605266,0.061034266,0.20129348,601,0.05,-45.38241,0.8384325
60300.0,12060.0,0.15,0.053596713,0.06104298,0.20129715,602,0.09,-39.960453,0.83841896
60400.0,12080.0,0.05,0.05358333,0.061047,0.20130096,603,0.11,-41.03468,0.83843106
60500.0,12100.0,0.0,0.05357376,0.0610463,0.20130013,604,0.04,-48.055626,0.8384345
60600.0,12120.0,0.05,0.053564057,0.061046544,0.20129867,605,0.06,-44.972374,0.83843565
60700.0,12140.0,0.0,0.053548265,0.061046317,0.20129816,606,0.06,-44.96224,0.8384366
60800.0,12160.0,0.05,0.05354186,0.061045066,0.20130123,607,0.07,-43.707558,0.8384328
60900.0,12180.0,0.0,0.053532436,0.061037827,0.20129831,608,0.09,-46.303417,0.8384378
61000.0,12200.0,0.05,0.053519458,0.061040234,0.20130047,609,0.06,-43.924965,0.8384344
61100.0,12220.0,0.15,0.053519093,0.061046544,0.20130184,610,0.13,-37.61622,0.83843106
61200.0,12240.0,0.15,0.053505912,0.061042994,0.20130695,611,0.03,-37.878456,0.8384269
61300.0,12260.0,0.0,0.053491965,0.061042532,0.20130803,612,0.07,-43.89251,0.8384264
61400.0,12280.0,0.05,0.053492803,0.061045397,0.201307,613,0.09,-38.18255,0.83842653
61500.0,12300.0,0.1,0.05348371,0.06104472,0.20130579,614,0.1,-39.306206,0.8384196
61600.0,12320.0,0.05,0.053473305,0.06105045,0.20130587,615,0.09,-37.46415,0.83841187
61700.0,12340.0,0.05,0.053454906,0.061046895,0.2013052,616,0.08,-44.394295,0.8384185
61800.0,12360.0,0.0,0.053469084,0.061048493,0.20130989,617,0.09,-44.8684,0.8384258
61900.0,12380.0,0.1,0.053455867,0.06104884,0.2013103,618,0.08,-41.623024,0.83842826
62000.0,12400.0,0.15,0.053445715,0.061045166,0.20130798,619,0.05,-39.365578,0.83842987
62100.0,12420.0,0.05,0.05344422,0.061044943,0.20130855,620,0.04,-41.05561,0.838428
62200.0,12440.0,0.05,0.053427946,0.06103978,0.20130688,621,0.04,-42.54296,0.8384285
62300.0,12460.0,0.0,0.053415567,0.0610399,0.20130566,622,0.03,-47.557163,0.83843225
62400.0,12480.0,0.05,0.053416673,0.061039325,0.20130678,623,0.06,-43.95626,0.8384244
62500.0,12500.0,0.1,0.05339892,0.061039213,0.20130487,624,0.07,-43.230442,0.8384242
62600.0,12520.0,0.05,0.053393926,0.061041966,0.20130435,625,0.08,-43.566658,0.83842635
62700.0,12540.0,0.0,0.053376533,0.061041277,0.20130587,626,0.07,-47.382175,0.8384247
62800.0,12560.0,0.0,0.053387374,0.06103692,0.20130676,627,0.07,-45.187225,0.83841985
62900.0,12580.0,0.05,0.05337244,0.06104518,0.20130756,628,0.15,-42.62571,0.8384027
63000.0,12600.0,0.0,0.05337019,0.06104632,0.20130512,629,0.05,-47.825737,0.8384045
63100.0,12620.0,0.1,0.05335992,0.06104472,0.20130484,630,0.06,-40.13742,0.8384171
63200.0,12640.0,0.0,0.053349916,0.061041955,0.20130233,631,0.04,-47.407616,0.83841944
63300.0,12660.0,0.0,0.053349704,0.06104551,0.20130554,632,0.06,-44.456497,0.83841676
63400.0,12680.0,0.05,0.053339314,0.061046433,0.20130506,633,0.05,-45.271076,0.83842117
63500.0,12700.0,0.1,0.05333251,0.06104287,0.20130286,634,0.07,-41.272846,0.838418
63600.0,12720.0,0.05,0.053335875,0.061047688,0.20130312,635,0.03,-44.460743,0.83841467
63700.0,12740.0,0.15,0.05333844,0.061043452,0.20130205,636,0.06,-39.993347,0.8384146
63800.0,12760.0,0.05,0.05332695,0.061046198,0.20130442,637,0.08,-43.106766,0.8384237
63900.0,12780.0,0.05,0.05331009,0.06104596,0.2013071,638,0.08,-42.869514,0.83841485
64000.0,12800.0,0.05,0.053323418,0.061047573,0.2013088,639,0.11,-40.33296,0.83840436
64100.0,12820.0,0.1,0.05333816,0.06104287,0.20131059,640,0.03,-38.065765,0.83841157
64200.0,12840.0,0.0,0.05332615,0.0610376,0.20131078,641,0.06,-44.8912,0.83840626
64300.0,12860.0,0.05,0.05333151,0.061044026,0.20131335,642,0.06,-45.841175,0.83840936
64400.0,12880.0,0.05,0.05334307,0.061043218,0.20131317,643,0.06,-42.1867,0.8384113
64500.0,12900.0,0.1,0.05332654,0.061038855,0.2013157,644,0.11,-40.6478,0.83840466
64600.0,12920.0,0.0,0.053335115,0.06104071,0.20132183,645,0.09,-44.403828,0.838407
64700.0,12940.0,0.1,0.053342424,0.06104609,0.20132132,646,0.08,-40.71087,0.8383978
64800.0,12960.0,0.0,0.053330358,0.061048046,0.20132104,647,0.08,-41.46942,0.8383977
64900.0,12980.0,0.05,0.053332873,0.061050337,0.2013205,648,0.08,-41.129498,0.83840925
65000.0,13000.0,0.1,0.053324983,0.0610532,0.20132086,649,0.07,-42.00818,0.8384175
65100.0,13020.0,0.2,0.05332921,0.061054926,0.20131996,650,0.07,-39.590973,0.8384157
65200.0,13040.0,0.25,0.053322975,0.061052755,0.20132045,651,0.04,-33.159496,0.8384156
65300.0,13060.0,0.2,0.053311896,0.061049316,0.20132194,652,0.09,-36.159912,0.8384134
65400.0,13080.0,0.1,0.053311758,0.06104314,0.201321,653,0.07,-38.46836,0.8384142
65500.0,13100.0,0.15,0.053300194,0.0610452,0.20132005,654,0.04,-35.217587,0.83841354
65600.0,13120.0,0.1,0.05330092,0.061040267,0.20132111,655,0.1,-36.397984,0.83842236
65700.0,13140.0,0.05,0.05329408,0.061039697,0.20132002,656,0.06,-41.61232,0.8384226
65800.0,13160.0,0.15,0.05332022,0.061040506,0.20131811,657,0.04,-34.19216,0.8384256
65900.0,13180.0,0.0,0.053317443,0.061041534,0.20132154,658,0.05,-40.348553,0.8384192
66000.0,13200.0,0.1,0.0533074,0.061037168,0.2013227,659,0.07,-38.00198,0.83841413
66100.0,13220.0,0.1,0.053304438,0.06103465,0.20132564,660,0.09,-43.88012,0.8384242
66200.0,13240.0,0.1,0.053307783,0.06103683,0.20132583,661,0.08,-39.630653,0.83841586
66300.0,13260.0,0.05,0.05329999,0.061034188,0.20132533,662,0.04,-39.76817,0.8384264
66400.0,13280.0,0.25,0.053296085,0.06103534,0.20132501,663,0.04,-31.308971,0.83842516
66500.0,13300.0,0.0,0.053290382,0.061034426,0.20132482,664,0.05,-43.867645,0.83842736
66600.0,13320.0,0.15,0.05332267,0.061034527,0.20132568,665,0.08,-37.610435,0.83842844
66700.0,13340.0,0.15,0.05333315,0.061037283,0.20132798,666,0.12,-35.47023,0.8384287
66800.0,13360.0,0.1,0.053334657,0.061035905,0.20132683,667,0.07,-37.696415,0.8384289
66900.0,13380.0,0.05,0.053342417,0.061036136,0.20132494,668,0.06,-41.113297,0.83843404
67000.0,13400.0,0.1,0.053383216,0.061036017,0.20132503,669,0.09,-37.91047,0.8384304
67100.0,13420.0,0.1,0.05337693,0.06103464,0.20132458,670,0.06,-41.566235,0.8384302
67200.0,13440.0,0.1,0.053378105,0.06102775,0.20132035,671,0.03,-40.437534,0.83842975
67300.0,13460.0,0.0,0.05337489,0.061029363,0.20132446,672,0.05,-42.52465,0.8384362
67400.0,13480.0,0.1,0.05337157,0.061019506,0.20132515,673,0.06,-32.27889,0.8384374
67500.0,13500.0,0.1,0.053384352,0.061013415,0.2013252,674,0.08,-38.626896,0.83843285
67600.0,13520.0,0.05,0.053411193,0.061012384,0.20132686,675,0.04,-38.38974,0.8384295
67700.0,13540.0,0.1,0.053422753,0.06101215,0.20132533,676,0.04,-36.580658,0.838439
67800.0,13560.0,0.05,0.053434078,0.06102271,0.2013216,677,0.07,-36.062664,0.83844113
67900.0,13580.0,0.15,0.053436708,0.061022583,0.20132421,678,0.08,-37.47339,0.8384342
68000.0,13600.0,0.05,0.05344598,0.06102064,0.20132664,679,0.08,-38.75363,0.8384319
68100.0,13620.0,0.1,0.05345901,0.061018463,0.20132683,680,0.05,-35.167065,0.83842826
68200.0,13640.0,0.05,0.0534628,0.061019603,0.20132487,681,0.05,-35.853382,0.83842975
68300.0,13660.0,0.0,0.05346527,0.061019603,0.20132455,682,0.12,-40.52568,0.8384349
68400.0,13680.0,0.15,0.05346363,0.061015245,0.20132723,683,0.06,-35.733395,0.8384442
68500.0,13700.0,0.05,0.053463098,0.061018106,0.20132533,684,0.01,-37.840836,0.83845043
68600.0,13720.0,0.05,0.05346199,0.061020065,0.2013244,685,0.09,-36.263668,0.8384474
68700.0,13740.0,0.05,0.053460445,0.061020862,0.20132492,686,0.06,-35.878902,0.8384443
68800.0,13760.0,0.05,0.05346012,0.061030153,0.2013216,687,0.04,-38.52233,0.83844954
68900.0,13780.0,0.0,0.05345973,0.06102924,0.20131956,688,0.02,-37.90673,0.8384567
69000.0,13800.0,0.05,0.053461112,0.061028782,0.20131798,689,0.07,-35.35308,0.83844686
69100.0,13820.0,0.0,0.053467132,0.06102763,0.20131661,690,0.08,-45.9497,0.83845073
69200.0,13840.0,0.05,0.053457554,0.061025683,0.20131801,691,0.06,-42.78453,0.83845216
69300.0,13860.0,0.0,0.053447284,0.061021086,0.20131733,692,0.08,-40.35218,0.83844966
69400.0,13880.0,0.05,0.053450376,0.061024755,0.20131159,693,0.08,-41.72101,0.8384478
69500.0,13900.0,0.0,0.053453717,0.061028536,0.20131081,694,0.1,-39.889923,0.8384569
69600.0,13920.0,0.05,0.053444587,0.06102705,0.20130864,695,0.02,-43.193684,0.83845615
69700.0,13940.0,0.05,0.053441655,0.06102511,0.20130962,696,0.06,-42.62677,0.8384537
69800.0,13960.0,0.2,0.053431436,0.061027166,0.20130825,697,0.06,-35.956352,0.83845586
69900.0,13980.0,0.0,0.053422906,0.061029676,0.20131075,698,0.01,-39.798073,0.8384564
70000.0,14000.0,0.05,0.053411566,0.061032306,0.20131215,699,0.06,-40.006676,0.8384606
70100.0,14020.0,0.1,0.053413305,0.061033104,0.2013122,700,0.06,-37.34743,0.8384488
70200.0,14040.0,0.0,0.053405523,0.0610323,0.20131113,701,0.04,-44.3369,0.8384499
70300.0,14060.0,0.1,0.053399067,0.061036203,0.2013111,702,0.07,-38.489784,0.8384531
70400.0,14080.0,0.05,0.053392142,0.061037347,0.20130861,703,0.09,-42.88648,0.8384505
70500.0,14100.0,0.05,0.05337921,0.06103665,0.20130722,704,0.11,-39.939674,0.83845156
70600.0,14120.0,0.05,0.053368613,0.061038032,0.20130566,705,0.15,-41.001354,0.8384569
70700.0,14140.0,0.05,0.053358287,0.061044004,0.20130615,706,0.12,-41.949486,0.83846015
70800.0,14160.0,0.0,0.053362608,0.061045036,0.20130688,707,0.08,-45.36713,0.83846784
70900.0,14180.0,0.2,0.053353637,0.061048027,0.20130636,708,0.1,-35.86654,0.8384598
71000.0,14200.0,0.0,0.053344946,0.061045613,0.20130728,709,0.07,-42.113796,0.8384573
71100.0,14220.0,0.1,0.053336926,0.061043207,0.20130594,710,0.07,-37.888863,0.8384512
71200.0,14240.0,0.0,0.053326793,0.06104252,0.20130613,711,0.09,-45.16116,0.8384525
71300.0,14260.0,0.2,0.053314637,0.061046537,0.20130914,712,0.11,-35.75453,0.83844614
71400.0,14280.0,0.0,0.053307313,0.061046075,0.20131126,713,0.1,-42.811222,0.8384507
71500.0,14300.0,0.15,0.053299855,0.06104699,0.20131165,714,0.07,-37.60108,0.838453
71600.0,14320.0,0.1,0.053288285,0.061049964,0.20131297,715,0.06,-39.318718,0.8384587
71700.0,14340.0,0.05,0.05327382,0.0610487,0.20131283,716,0.08,-41.98761,0.8384605
71800.0,14360.0,0.2,0.053258993,0.061049055,0.20131467,717,0.09,-36.908833,0.83845454
71900.0,14380.0,0.1,0.05325244,0.06105249,0.20131409,718,0.09,-36.94099,0.8384469
72000.0,14400.0,0.05,0.05325015,0.061052714,0.2013099,719,0.08,-40.964497,0.83843905
72100.0,14420.0,0.1,0.053240117,0.061051223,0.20130663,720,0.05,-41.015877,0.83844143
72200.0,14440.0,0.05,0.05323864,0.061050996,0.20130756,721,0.07,-37.639336,0.8384323
72300.0,14460.0,0.05,0.053235304,0.06105168,0.20130797,722,0.07,-39.342445,0.8384352
72400.0,14480.0,0.0,0.05324627,0.06104434,0.20131151,723,0.04,-42.8254,0.8384359
72500.0,14500.0,0.15,0.053236905,0.06104411,0.20130934,724,0.09,-33.365234,0.83843565
72600.0,14520.0,0.0,0.053241286,0.0610401,0.20130785,725,0.07,-45.70791,0.8384281
72700.0,14540.0,0.1,0.05327213,0.06104124,0.20130704,726,0.07,-37.481304,0.83843166
72800.0,14560.0,0.15,0.05327623,0.06104308,0.20130868,727,0.06,-37.66296,0.83843374
72900.0,14580.0,0.05,0.05327729,0.061046187,0.20130974,728,0.08,-42.317703,0.8384359
73000.0,14600.0,0.2,0.053292617,0.06104596,0.20131144,729,0.09,-31.64892,0.83843905
73100.0,14620.0,0.15,0.053309765,0.06104654,0.20131059,730,0.03,-32.535347,0.8384332
73200.0,14640.0,0.05,0.053344466,0.06104711,0.20131275,731,0.07,-40.611057,0.8384345
73300.0,14660.0,0.05,0.053351432,0.061045397,0.20131473,732,0.07,-37.41541,0.83843786
73400.0,14680.0,0.05,0.05336792,0.061045174,0.20131354,733,0.09,-38.527245,0.83844924
73500.0,14700.0,0.05,0.05339244,0.061042305,0.20130976,734,0.08,-41.001865,0.8384629
73600.0,14720.0,0.05,0.053400442,0.06104472,0.20131078,735,0.09,-37.829144,0.83846146
73700.0,14740.0,0.05,0.053404145,0.061035763,0.20130974,736,0.03,-38.00137,0.8384691
73800.0,14760.0,0.05,0.053404942,0.06103921,0.20131052,737,0.07,-36.21681,0.8384552
73900.0,14780.0,0.2,0.053419665,0.061036456,0.20131123,738,0.04,-32.570694,0.8384512
74000.0,14800.0,0.1,0.053425085,0.06103669,0.20131233,739,0.05,-33.910923,0.83844334
74100.0,14820.0,0.0,0.053431626,0.06103383,0.201313,740,0.07,-34.611126,0.83844775
74200.0,14840.0,0.0,0.05343173,0.061036807,0.20131023,741,0.08,-42.360798,0.8384463
74300.0,14860.0,0.1,0.05343613,0.06103325,0.20131132,742,0.04,-40.182,0.8384358
74400.0,14880.0,0.05,0.053442467,0.06102958,0.20131157,743,0.03,-36.951324,0.8384373
74500.0,14900.0,0.0,0.053437177,0.061028883,0.20131017,744,0.07,-40.572136,0.8384413
74600.0,14920.0,0.05,0.053428546,0.06103119,0.20131104,745,0.09,-37.516716,0.8384433
74700.0,14940.0,0.05,0.053422585,0.0610297,0.20131016,746,0.03,-38.66385,0.8384413
74800.0,14960.0,0.25,0.053419724,0.061025336,0.20130977,747,0.08,-32.63399,0.8384355
74900.0,14980.0,0.05,0.05341418,0.061020628,0.20131065,748,0.05,-40.24825,0.83843446
75000.0,15000.0,0.1,0.053409625,0.061019596,0.20131211,749,0.11,-37.59805,0.83843756
75100.0,15020.0,0.1,0.05340522,0.061021652,0.20131154,750,0.06,-34.983917,0.83844143
75200.0,15040.0,0.0,0.0533945,0.06102189,0.20131302,751,0.08,-40.210705,0.83844465
75300.0,15060.0,0.0,0.053383503,0.061020166,0.20131133,752,0.08,-40.64206,0.83843976
75400.0,15080.0,0.05,0.053373475,0.061016142,0.20131508,753,0.1,-38.200447,0.8384405
75500.0,15100.0,0.0,0.053377204,0.06101476,0.20131531,754,0.08,-43.002163,0.83844876
75600.0,15120.0,0.05,0.053376924,0.061010394,0.20131512,755,0.03,-39.978645,0.8384447
75700.0,15140.0,0.2,0.05338028,0.0610096,0.20131521,756,0.05,-33.400158,0.8384388
75800.0,15160.0,0.1,0.05339122,0.061012473,0.20131467,757,0.07,-35.91203,0.8384268
75900.0,15180.0,0.0,0.05340542,0.06101534,0.2013138,758,0.06,-43.217857,0.83842593
76000.0,15200.0,0.1,0.05339905,0.061014995,0.20131579,759,0.05,-40.270863,0.8384257
76100.0,15220.0,0.0,0.05339578,0.061016485,0.20131466,760,0.07,-41.505928,0.838423
76200.0,15240.0,0.05,0.053404626,0.06101534,0.20131439,761,0.08,-42.881306,0.838424
76300.0,15260.0,0.25,0.053420067,0.06101729,0.20131548,762,0.09,-34.963173,0.83841944
76400.0,15280.0,0.05,0.053411625,0.061017174,0.20131522,763,0.07,-42.243675,0.83842087
76500.0,15300.0,0.0,0.053404193,0.061020162,0.20131606,764,0.06,-44.40828,0.83841354
76600.0,15320.0,0.05,0.053417873,0.061017063,0.20131415,765,0.06,-41.992893,0.8384053
76700.0,15340.0,0.0,0.053431388,0.061014656,0.20131613,766,0.09,-41.154427,0.8384127
76800.0,15360.0,0.0,0.053431228,0.0610134,0.20131621,767,0.05,-46.865433,0.8384176
76900.0,15380.0,0.05,0.053425398,0.06101489,0.2013156,768,0.05,-43.86201,0.83841926
77000.0,15400.0,0.0,0.05342203,0.06102006,0.20131777,769,0.09,-47.47239,0.8384139
77100.0,15420.0,0.05,0.05343549,0.06102017,0.20131889,770,0.09,-40.08425,0.8384113
77200.0,15440.0,0.1,0.053435,0.061018795,0.20131685,771,0.1,-41.082787,0.8384176
77300.0,15460.0,0.05,0.05343746,0.0610204,0.20131749,772,0.05,-40.563637,0.8384109
77400.0,15480.0,0.0,0.053462796,0.06102213,0.20131725,773,0.11,-40.90175,0.83841133
77500.0,15500.0,0.15,0.053469364,0.061018005,0.20131733,774,0.05,-36.313976,0.83840656
77600.0,15520.0,0.05,0.053496633,0.06101915,0.20131649,775,0.08,-41.77205,0.83840615
77700.0,15540.0,0.05,0.05354393,0.061020985,0.20131801,776,0.14,-39.587914,0.8384045
77800.0,15560.0,0.05,0.053555876,0.061023965,0.20132005,777,0.07,-37.311523,0.83840245
77900.0,15580.0,0.05,0.05356727,0.06102592,0.2013196,778,0.08,-37.80152,0.83841056
78000.0,15600.0,0.1,0.05357526,0.061023846,0.20131882,779,0.08,-39.024708,0.83840674
78100.0,15620.0,0.1,0.053581268,0.061021667,0.20131958,780,0.06,-38.772957,0.8384078
78200.0,15640.0,0.05,0.053607415,0.061023507,0.20132199,781,0.07,-39.019985,0.8383999
78300.0,15660.0,0.0,0.053645298,0.06101903,0.20132434,782,0.05,-43.24845,0.83839625
78400.0,15680.0,0.1,0.05367987,0.061016396,0.20132372,783,0.09,-37.534283,0.83839846
78500.0,15700.0,0.05,0.053707432,0.061018582,0.20132223,784,0.05,-40.052773,0.8383923
78600.0,15720.0,0.05,0.05370472,0.061012954,0.20132288,785,0.03,-39.485172,0.8383961
78700.0,15740.0,0.05,0.05374328,0.06101468,0.20132376,786,0.1,-34.547108,0.8383956
78800.0,15760.0,0.15,0.053764664,0.06101835,0.20132445,787,0.1,-34.209618,0.83839005
78900.0,15780.0,0.1,0.05381201,0.061016057,0.20132902,788,0.03,-37.08885,0.8383853
79000.0,15800.0,0.0,0.05381915,0.061015144,0.20132524,789,0.06,-44.554497,0.8383799
79100.0,15820.0,0.1,0.053818922,0.061018255,0.20132692,790,0.05,-37.11108,0.8383779
79200.0,15840.0,0.1,0.053877488,0.061021462,0.2013288,791,0.09,-35.366035,0.8383808
79300.0,15860.0,0.05,0.05388279,0.061019406,0.20132832,792,0.06,-40.998234,0.83837694
79400.0,15880.0,0.05,0.053900447,0.06101699,0.20133062,793,0.06,-39.691936,0.83837605
79500.0,15900.0,0.0,0.05395572,0.061017003,0.20133291,794,0.06,-39.906395,0.83838105
79600.0,15920.0,0.05,0.053958517,0.06101769,0.20133425,795,0.07,-39.398155,0.83837366
79700.0,15940.0,0.0,0.053996276,0.06101516,0.20133299,796,0.05,-40.24874,0.8383753
79800.0,15960.0,0.05,0.054026455,0.061014015,0.20133433,797,0.05,-40.069477,0.8383792
79900.0,15980.0,0.1,0.054058548,0.06101459,0.20133358,798,0.12,-35.802982,0.8383717
80000.0,16000.0,0.05,0.054065704,0.06101608,0.20133422,799,0.11,-38.002655,0.8383732
80100.0,16020.0,0.0,0.054076865,0.06100827,0.20133232,800,0.1,-35.732418,0.83837503
80200.0,16040.0,0.05,0.054084025,0.06100793,0.2013315,801,0.08,-36.57109,0.838377
80300.0,16060.0,0.15,0.054111987,0.061007474,0.20133248,802,0.03,-33.351227,0.8383731
80400.0,16080.0,0.05,0.054129496,0.0610061,0.20133224,803,0.08,-39.279926,0.83838016
80500.0,16100.0,0.0,0.054179735,0.061002657,0.20133112,804,0.06,-35.53016,0.8383901
80600.0,16120.0,0.05,0.05419507,0.06100197,0.20132992,805,0.07,-39.31286,0.8383996
80700.0,16140.0,0.2,0.054229125,0.060999677,0.20133188,806,0.12,-30.835836,0.838396
80800.0,16160.0,0.1,0.0542515,0.060999442,0.20133041,807,0.12,-34.773254,0.838394
80900.0,16180.0,0.05,0.054260664,0.061000362,0.2013286,808,0.08,-25.83313,0.83840084
81000.0,16200.0,0.05,0.054283533,0.061000124,0.20132875,809,0.06,-41.91268,0.83840054
81100.0,16220.0,0.1,0.054295722,0.06100392,0.20132883,810,0.07,-35.45991,0.8384052
81200.0,16240.0,0.1,0.05431703,0.06100644,0.20132856,811,0.05,-32.677593,0.8384168
81300.0,16260.0,0.15,0.0543359,0.061007474,0.20132986,812,0.04,-24.02811,0.8384175
81400.0,16280.0,0.05,0.054338798,0.06100196,0.20132849,813,0.06,-34.45414,0.8384254
81500.0,16300.0,0.05,0.054339617,0.060998175,0.20132922,814,0.08,-38.62906,0.83842236
81600.0,16320.0,0.2,0.054344654,0.06099921,0.20132938,815,0.08,-31.290981,0.83841395
81700.0,16340.0,0.15,0.054341916,0.06099324,0.2013306,816,0.07,-31.027012,0.83841413
81800.0,16360.0,0.0,0.054342967,0.060990825,0.20132962,817,0.04,-38.700794,0.83841544
81900.0,16380.0,0.15,0.054351434,0.06099163,0.20132905,818,0.09,-33.012093,0.8384268
82000.0,16400.0,0.05,0.054351617,0.060985427,0.20132741,819,0.11,-33.39367,0.83842534
82100.0,16420.0,0.0,0.054370042,0.06098267,0.20133,820,0.07,-37.894844,0.838432
82200.0,16440.0,0.0,0.05437097,0.06098083,0.20132744,821,0.07,-32.860085,0.8384302
82300.0,16460.0,0.1,0.054370522,0.06097463,0.20132802,822,0.06,-34.266354,0.83843064
82400.0,16480.0,0.1,0.05440713,0.060976353,0.20132622,823,0.06,-38.51754,0.83843106
82500.0,16500.0,0.15,0.05440409,0.06097245,0.20132676,824,0.06,-32.305237,0.83842975
82600.0,16520.0,0.0,0.05440307,0.060977623,0.20132492,825,0.1,-39.459404,0.8384228
82700.0,16540.0,0.05,0.054403827,0.06097624,0.20132476,826,0.03,-37.06213,0.8384213
82800.0,16560.0,0.2,0.054408282,0.060972568,0.20132355,827,0.07,-33.433064,0.8384238
82900.0,16580.0,0.1,0.054405343,0.060974404,0.20132492,828,0.04,-40.430374,0.8384239
83000.0,16600.0,0.05,0.054402243,0.060972914,0.2013257,829,0.08,-36.598007,0.83842134
83100.0,16620.0,0.15,0.05439976,0.06097567,0.20132788,830,0.06,-35.35087,0.8384204
83200.0,16640.0,0.15,0.054396573,0.06097808,0.20132767,831,0.08,-36.237797,0.83840984
83300.0,16660.0,0.1,0.054390926,0.060979452,0.20132841,832,0.15,-39.61286,0.8384177
83400.0,16680.0,0.15,0.054384507,0.060983703,0.20132929,833,0.07,-32.158386,0.8384187
83500.0,16700.0,0.05,0.05438085,0.06098382,0.20132951,834,0.04,-41.98361,0.8384226
83600.0,16720.0,0.0,0.05437411,0.060983475,0.20132826,835,0.06,-41.85061,0.8384208
83700.0,16740.0,0.1,0.054365024,0.060983244,0.20133072,836,0.1,-34.34615,0.8384213
83800.0,16760.0,0.0,0.054361567,0.06098279,0.20132983,837,0.09,-46.323006,0.83842707
83900.0,16780.0,0.15,0.05436472,0.060986463,0.20133147,838,0.04,-35.188046,0.8384192
84000.0,16800.0,0.0,0.054360732,0.06098715,0.20132911,839,0.07,-40.088932,0.8384161
84100.0,16820.0,0.0,0.054357074,0.06098553,0.20132965,840,0.1,-41.82285,0.8384106
84200.0,16840.0,0.05,0.054352622,0.060983475,0.20132966,841,0.1,-40.136368,0.8384111
84300.0,16860.0,0.05,0.05435461,0.060976002,0.20133092,842,0.05,-37.027485,0.838412
84400.0,16880.0,0.05,0.05435918,0.060975775,0.20132996,843,0.1,-38.28585,0.8384123
84500.0,16900.0,0.05,0.054368354,0.06097704,0.20133007,844,0.05,-39.12676,0.838414
84600.0,16920.0,0.0,0.054361228,0.060975775,0.20133053,845,0.07,-41.310516,0.8384145
84700.0,16940.0,0.0,0.054358494,0.06097497,0.20133221,846,0.09,-37.2843,0.8384115
84800.0,16960.0,0.05,0.05435808,0.060973134,0.20133266,847,0.05,-37.279488,0.8383998
84900.0,16980.0,0.15,0.0543606,0.06097302,0.20133275,848,0.02,-37.920826,0.8383979
85000.0,17000.0,0.1,0.05436635,0.06097497,0.20133291,849,0.07,-39.584175,0.8384058
85100.0,17020.0,0.15,0.05437768,0.060975645,0.20132972,850,0.09,-34.519157,0.8384107
85200.0,17040.0,0.05,0.054372083,0.060975876,0.20133075,851,0.06,-36.90609,0.83840966
85300.0,17060.0,0.0,0.05436776,0.060981046,0.20133312,852,0.05,-43.398342,0.8384023
85400.0,17080.0,0.0,0.05436036,0.060984492,0.20133494,853,0.1,-38.020203,0.8384004
85500.0,17100.0,0.05,0.054369375,0.060984146,0.20133545,854,0.04,-39.738983,0.8383936
85600.0,17120.0,0.05,0.054367132,0.060980354,0.2013365,855,0.08,-38.550755,0.83839124
85700.0,17140.0,0.1,0.054380063,0.060977027,0.20134024,856,0.02,-35.78794,0.83839184
85800.0,17160.0,0.05,0.05437664,0.060974266,0.20133999,857,0.09,-41.473907,0.83839273
85900.0,17180.0,0.05,0.05438554,0.060973346,0.2013365,858,0.05,-37.394238,0.8383968
86000.0,17200.0,0.1,0.054385737,0.060970012,0.20133542,859,0.06,-37.43761,0.8383987
86100.0,17220.0,0.1,0.05438209,0.060969558,0.20133357,860,0.09,-37.813545,0.8384027
86200.0,17240.0,0.1,0.05439328,0.060969677,0.20133092,861,0.08,-37.755028,0.8384002
86300.0,17260.0,0.1,0.05441822,0.06096795,0.2013331,862,0.06,-39.574486,0.8384044
86400.0,17280.0,0.1,0.054420236,0.06097013,0.20133421,863,0.05,-37.978996,0.83840984
86500.0,17300.0,0.0,0.05443623,0.06097197,0.20133573,864,0.07,-46.46051,0.83841723
86600.0,17320.0,0.0,0.054442495,0.060969666,0.20133752,865,0.05,-45.217888,0.8384156
86700.0,17340.0,0.1,0.05443425,0.06096668,0.20133936,866,0.06,-41.274532,0.8384147
86800.0,17360.0,0.05,0.05443815,0.06096909,0.20133963,867,0.08,-39.020042,0.8384092
86900.0,17380.0,0.05,0.05446337,0.060966104,0.201337,868,0.03,-41.846973,0.83841056
87000.0,17400.0,0.0,0.05445463,0.06096599,0.20133422,869,0.04,-45.188587,0.8384163
87100.0,17420.0,0.0,0.054451246,0.060967714,0.20133421,870,0.08,-41.57598,0.83841324
87200.0,17440.0,0.2,0.054450873,0.06097081,0.20133463,871,0.08,-32.487545,0.8384113
87300.0,17460.0,0.05,0.05445693,0.060971502,0.20133214,872,0.09,-40.783295,0.83842134
87400.0,17480.0,0.0,0.054455064,0.060969666,0.20133139,873,0.12,-39.637012,0.83841944
87500.0,17500.0,0.15,0.054461807,0.060973585,0.20133059,874,0.13,-34.045326,0.8384263
87600.0,17520.0,0.05,0.0544569,0.060974386,0.20132993,875,0.06,-36.33732,0.8384221
87700.0,17540.0,0.1,0.054457676,0.06097381,0.2013304,876,0.06,-38.640705,0.83842784
87800.0,17560.0,0.1,0.054457404,0.060972426,0.20132957,877,0.06,-41.37084,0.83842254
87900.0,17580.0,0.05,0.054453906,0.060972318,0.20133,878,0.04,-43.983715,0.83842164
88000.0,17600.0,0.05,0.054457065,0.060970023,0.20132999,879,0.07,-41.989258,0.83842736
88100.0,17620.0,0.2,0.054467734,0.060971633,0.20132889,880,0.05,-32.88853,0.8384199
88200.0,17640.0,0.0,0.054460473,0.060972318,0.20132935,881,0.04,-44.895252,0.83842605
88300.0,17660.0,0.1,0.054488577,0.060974732,0.20132887,882,0.09,-40.56536,0.8384251
88400.0,17680.0,0.1,0.054493427,0.060972888,0.20132795,883,0.05,-38.226753,0.83842397
88500.0,17700.0,0.0,0.05450363,0.060972545,0.20133023,884,0.11,-39.651005,0.8384215
88600.0,17720.0,0.05,0.054519437,0.060973573,0.20133156,885,0.07,-40.19625,0.8384152
88700.0,17740.0,0.05,0.054519903,0.060968753,0.20133248,886,0.07,-41.335068,0.83841944
88800.0,17760.0,0.05,0.05453382,0.060970243,0.20133524,887,0.08,-42.424854,0.8384164
88900.0,17780.0,0.15,0.05454237,0.06097346,0.20133382,888,0.07,-35.9681,0.83840895
89000.0,17800.0,0.05,0.054550193,0.060975645,0.20133618,889,0.12,-44.05249,0.83841497
89100.0,17820.0,0.0,0.05454883,0.060973004,0.20133647,890,0.09,-42.252636,0.8384152
89200.0,17840.0,0.05,0.05455456,0.06097208,0.20133555,891,0.07,-43.43673,0.83841485
89300.0,17860.0,0.15,0.054553214,0.060975987,0.2013355,892,0.12,-35.23606,0.8384118
89400.0,17880.0,0.0,0.054546796,0.060979888,0.20133452,893,0.09,-41.38885,0.8384195
89500.0,17900.0,0.05,0.05455725,0.060983796,0.20133276,894,0.1,-41.24549,0.83842057
89600.0,17920.0,0.0,0.054551795,0.060986206,0.20133398,895,0.07,-38.690586,0.8384252
89700.0,17940.0,0.0,0.054543704,0.06098598,0.2013334,896,0.06,-45.50613,0.8384238
89800.0,17960.0,0.0,0.054541506,0.060985293,0.20133391,897,0.05,-44.509087,0.8384163
89900.0,17980.0,0.05,0.05453496,0.06099035,0.20133469,898,0.1,-40.06086,0.83841485
90000.0,18000.0,0.05,0.05453932,0.060990807,0.20133598,899,0.16,-39.02234,0.83841676
90100.0,18020.0,0.05,0.054559555,0.0609931,0.20133457,900,0.03,-40.973972,0.83841604
90200.0,18040.0,0.05,0.05458976,0.060998037,0.20133692,901,0.08,-39.83305,0.8384271
90300.0,18060.0,0.05,0.054603044,0.061001822,0.20133303,902,0.07,-39.544006,0.83843565
90400.0,18080.0,0.05,0.054607764,0.061001256,0.20133089,903,0.06,-41.379025,0.8384413
90500.0,18100.0,0.15,0.05459756,0.061001137,0.20133059,904,0.08,-32.333035,0.838437
90600.0,18120.0,0.05,0.054597773,0.060998265,0.2013298,905,0.07,-39.693653,0.83843666
90700.0,18140.0,0.0,0.054613132,0.060997233,0.20132956,906,0.06,-45.02497,0.8384325
90800.0,18160.0,0.1,0.05462496,0.060995504,0.20133048,907,0.1,-40.657196,0.8384245
90900.0,18180.0,0.05,0.05463333,0.06099677,0.20132856,908,0.02,-38.988102,0.83842367
91000.0,18200.0,0.1,0.054644413,0.06099333,0.20133004,909,0.07,-37.970272,0.83842343
91100.0,18220.0,0.0,0.054656595,0.0609939,0.20133018,910,0.11,-43.388885,0.83842635
91200.0,18240.0,0.15,0.054657158,0.06099275,0.20133229,911,0.03,-36.552784,0.83843225
91300.0,18260.0,0.05,0.054658588,0.060990676,0.20133196,912,0.03,-41.89114,0.8384281
91400.0,18280.0,0.0,0.05465988,0.060991485,0.20133054,913,0.11,-43.198112,0.8384357
91500.0,18300.0,0.1,0.054654513,0.060990915,0.20133114,914,0.1,-41.8823,0.83843917
91600.0,18320.0,0.05,0.054644205,0.060992062,0.20133354,915,0.04,-40.91693,0.8384357
91700.0,18340.0,0.0,0.05464815,0.06099126,0.20133421,916,0.08,-44.511818,0.8384344
91800.0,18360.0,0.05,0.054643717,0.06099184,0.20133561,917,0.07,-41.233696,0.8384294
91900.0,18380.0,0.05,0.054655388,0.060996775,0.20133461,918,0.02,-38.79595,0.8384266
92000.0,18400.0,0.15,0.054660425,0.060994595,0.20133543,919,0.08,-35.518494,0.8384327
92100.0,18420.0,0.0,0.05465704,0.060995292,0.20133524,920,0.04,-43.845207,0.8384261
92200.0,18440.0,0.05,0.054666642,0.060994133,0.20133682,921,0.14,-43.440674,0.8384307
92300.0,18460.0,0.1,0.054658845,0.060995515,0.20133804,922,0.08,-41.995453,0.838433
92400.0,18480.0,0.0,0.054658152,0.06099632,0.20133726,923,0.07,-43.76234,0.8384282
92500.0,18500.0,0.05,0.054672047,0.060992416,0.20133756,924,0.04,-42.059223,0.8384269
92600.0,18520.0,0.0,0.054678537,0.060998157,0.20133726,925,0.05,-39.24714,0.83842516
92700.0,18540.0,0.05,0.05468528,0.06100023,0.20133728,926,0.07,-41.616352,0.83842355
92800.0,18560.0,0.05,0.05471613,0.060994375,0.20133658,927,0.11,-36.69121,0.8384208
92900.0,18580.0,0.1,0.05471919,0.06099461,0.2013365,928,0.09,-36.429947,0.8384177
93000.0,18600.0,0.1,0.05472876,0.06099576,0.20133598,929,0.07,-35.25057,0.83842343
93100.0,18620.0,0.2,0.054741126,0.0609922,0.20133626,930,0.1,-30.183048,0.8384213
93200.0,18640.0,0.0,0.054755315,0.06099679,0.20133586,931,0.08,-38.876293,0.83842546
93300.0,18660.0,0.05,0.05476269,0.060991168,0.20133579,932,0.09,-39.604668,0.83843017
93400.0,18680.0,0.0,0.054783955,0.060994837,0.20133525,933,0.08,-40.47638,0.8384304
93500.0,18700.0,0.0,0.054790888,0.06099473,0.20133722,934,0.08,-41.238148,0.83843297
93600.0,18720.0,0.35,0.054815065,0.060993467,0.20133695,935,0.05,-23.694279,0.83843327
93700.0,18740.0,0.1,0.05482479,0.060992554,0.20133638,936,0.08,-35.069775,0.8384349
93800.0,18760.0,0.05,0.054834414,0.06099439,0.20133616,937,0.04,-36.89083,0.8384354
93900.0,18780.0,0.0,0.054848384,0.060994152,0.20133513,938,0.05,-40.730034,0.8384312
94000.0,18800.0,0.2,0.05484913,0.060993012,0.20133531,939,0.09,-31.325918,0.8384263
94100.0,18820.0,0.0,0.05486639,0.060992893,0.20133679,940,0.04,-40.62539,0.8384262
94200.0,18840.0,0.05,0.054880075,0.06098864,0.20133732,941,0.08,-37.7443,0.83842736
94300.0,18860.0,0.15,0.054876544,0.060987845,0.20133577,942,0.09,-34.57721,0.8384247
94400.0,18880.0,0.05,0.054878052,0.060989562,0.20133595,943,0.04,-38.41903,0.8384273
94500.0,18900.0,0.0,0.054869186,0.060986806,0.20133625,944,0.06,-36.215237,0.83842105
94600.0,18920.0,0.1,0.054873325,0.060987268,0.20133579,945,0.08,-37.66872,0.8384209
94700.0,18940.0,0.1,0.054871246,0.06098933,0.20133525,946,0.06,-33.247383,0.8384202
94800.0,18960.0,0.15,0.054867193,0.06098933,0.20133324,947,0.04,-34.808075,0.83842546
94900.0,18980.0,0.05,0.05486022,0.060989555,0.20133486,948,0.08,-40.88449,0.83842605
95000.0,19000.0,0.05,0.05486201,0.06098589,0.20133398,949,0.05,-32.661873,0.83843
95100.0,19020.0,0.15,0.054859992,0.06098956,0.20133339,950,0.07,-33.872932,0.8384239
95200.0,19040.0,0.1,0.054870404,0.060989097,0.20133504,951,0.07,-39.189735,0.83842516
95300.0,19060.0,0.1,0.054861564,0.060984388,0.20133325,952,0.06,-37.479042,0.8384269
95400.0,19080.0,0.05,0.054861184,0.06098565,0.20133287,953,0.06,-40.067097,0.838434
95500.0,19100.0,0.05,0.05485676,0.060985997,0.20133244,954,0.04,-40.195908,0.83843565
95600.0,19120.0,0.1,0.054858197,0.06098737,0.20133278,955,0.07,-36.32669,0.8384366
95700.0,19140.0,0.05,0.05486682,0.060991272,0.20133142,956,0.07,-37.061775,0.83844304
95800.0,19160.0,0.15,0.05488062,0.060988978,0.20133102,957,0.1,-35.94411,0.83844596
95900.0,19180.0,0.0,0.054875948,0.06098886,0.20133059,958,0.03,-37.527683,0.8384498
96000.0,19200.0,0.05,0.054867305,0.06098989,0.20133129,959,0.06,-33.525593,0.83845097
96100.0,19220.0,0.1,0.054864645,0.060991157,0.20133176,960,0.11,-35.497097,0.8384574
96200.0,19240.0,0.15,0.054863013,0.06099139,0.20133087,961,0.01,-33.076103,0.83845806
96300.0,19260.0,0.0,0.054879904,0.060991034,0.20133261,962,0.03,-39.179924,0.8384606
96400.0,19280.0,0.05,0.05487686,0.060992066,0.20133157,963,0.03,-37.69849,0.83845663
96500.0,19300.0,0.1,0.0548928,0.06099299,0.2013321,964,0.06,-34.57808,0.8384568
96600.0,19320.0,0.05,0.054886736,0.060997467,0.20133187,965,0.07,-38.436836,0.8384605
96700.0,19340.0,0.05,0.054885145,0.060997352,0.20133346,966,0.07,-32.450665,0.83846354
96800.0,19360.0,0.0,0.054883987,0.061001834,0.20133312,967,0.06,-41.13302,0.83845776
96900.0,19380.0,0.05,0.054885067,0.061002746,0.20132966,968,0.08,-36.69643,0.83845943
97000.0,19400.0,0.1,0.05487995,0.06099896,0.20132868,969,0.04,-34.313644,0.83845717
97100.0,19420.0,0.05,0.05490242,0.060995165,0.20132951,970,0.07,-38.521862,0.83845776
97200.0,19440.0,0.05,0.05489685,0.060997233,0.20133078,971,0.05,-35.095608,0.83846575
97300.0,19460.0,0.05,0.05490579,0.060991492,0.20133059,972,0.09,-41.06728,0.8384648
97400.0,19480.0,0.05,0.05492314,0.06098874,0.20133026,973,0.08,-38.8518,0.83846974
97500.0,19500.0,0.05,0.054921314,0.060991034,0.20133072,974,0.1,-31.884104,0.8384736
97600.0,19520.0,0.05,0.054918583,0.060992982,0.20133148,975,0.04,-36.557644,0.83847094
97700.0,19540.0,0.05,0.054914437,0.060992513,0.20133257,976,0.07,-34.983414,0.83846736
97800.0,19560.0,0.15,0.054909963,0.06099756,0.20133173,977,0.08,-32.835888,0.83846563
97900.0,19580.0,0.05,0.05490337,0.06099963,0.20132883,978,0.09,-35.731117,0.8384743
98000.0,19600.0,0.05,0.054907903,0.061000783,0.20132953,979,0.04,-40.784138,0.8384717
98100.0,19620.0,0.05,0.05491296,0.061001588,0.20133156,980,0.07,-39.72966,0.8384733
98200.0,19640.0,0.1,0.05490431,0.06099585,0.20133318,981,0.08,-36.225807,0.8384688
98300.0,19660.0,0.2,0.05490655,0.060994133,0.20133312,982,0.07,-31.023565,0.83847433
98400.0,19680.0,0.05,0.05490754,0.06099322,0.20133421,983,0.11,-36.971626,0.8384715
98500.0,19700.0,0.05,0.05490555,0.060996085,0.20133348,984,0.06,-42.731617,0.8384721
98600.0,19720.0,0.15,0.05491108,0.060998846,0.20133407,985,0.07,-35.50393,0.8384747
98700.0,19740.0,0.1,0.054904763,0.060998037,0.20133509,986,0.09,-41.07817,0.8384722
98800.0,19760.0,0.05,0.05491016,0.060998037,0.20133555,987,0.04,-39.93358,0.83847475
98900.0,19780.0,0.1,0.054915935,0.060995746,0.20133503,988,0.03,-39.236523,0.8384741
99000.0,19800.0,0.0,0.054918908,0.060999993,0.20133421,989,0.03,-42.332695,0.8384759
99100.0,19820.0,0.05,0.054916415,0.060999308,0.20133398,990,0.06,-43.109917,0.8384759
99200.0,19840.0,0.15,0.05491807,0.060997013,0.20133387,991,0.06,-34.316296,0.8384755
99300.0,19860.0,0.1,0.054958552,0.060996216,0.2013307,992,0.1,-39.54046,0.83847636
99400.0,19880.0,0.15,0.054953136,0.060999427,0.20133027,993,0.1,-37.429577,0.83848315
99500.0,19900.0,0.1,0.054954425,0.06100057,0.20133232,994,0.08,-37.263077,0.83848447
99600.0,19920.0,0.1,0.05494616,0.06100045,0.20133118,995,0.03,-40.43168,0.83848244
99700.0,19940.0,0.15,0.05494011,0.061000224,0.20133066,996,0.03,-36.684395,0.83847576
99800.0,19960.0,0.0,0.05493693,0.061003443,0.20133081,997,0.05,-40.58376,0.8384752
99900.0,19980.0,0.0,0.05493433,0.061002746,0.20133191,998,0.05,-44.927788,0.8384805
100000.0,20000.0,0.15,0.054933332,0.061003778,0.20133318,999,0.06,-35.027626,0.83848405
