epoch,stats_g/mean,train/success_rate,test/episode,test/success_rate,stats_g/std,stats_o/mean,train/episode,test/mean_Q,stats_o/std
0,0.87235856,0.04,20.0,0.0,0.1043291,0.20388243,100.0,-2.9759343,0.045063928
1,0.87894934,0.05,40.0,0.1,0.10624667,0.2036079,200.0,-4.638267,0.046485767
2,0.87834054,0.04,60.0,0.05,0.10641395,0.20378013,300.0,-6.454769,0.043636736
3,0.8779939,0.08,80.0,0.0,0.10695664,0.20430571,400.0,-8.345906,0.04224517
4,0.8760731,0.02,100.0,0.05,0.10605515,0.20482601,500.0,-10.012626,0.04253715
5,0.8776696,0.04,120.0,0.0,0.10620729,0.20459484,600.0,-12.352143,0.04201027
6,0.87985355,0.03,140.0,0.05,0.10621818,0.20437396,700.0,-13.505766,0.04191135
7,0.87955517,0.04,160.0,0.1,0.10700655,0.20435491,800.0,-14.160367,0.042021327
8,0.87898874,0.01,180.0,0.1,0.10605136,0.20424856,900.0,-14.451378,0.043861605
9,0.8794933,0.05,200.0,0.05,0.10588046,0.20421812,1000.0,-17.368336,0.04449195
10,0.8795624,0.03,220.0,0.0,0.106038116,0.20432182,1100.0,-19.821163,0.04531872
11,0.8795964,0.01,240.0,0.0,0.1064204,0.20419961,1200.0,-21.959415,0.045272473
12,0.878969,0.04,260.0,0.0,0.10596933,0.20426586,1300.0,-22.30427,0.047138236
13,0.8793108,0.03,280.0,0.05,0.10630628,0.2042045,1400.0,-22.474697,0.04711129
14,0.8790572,0.03,300.0,0.15,0.1063402,0.2042359,1500.0,-21.475245,0.047152676
15,0.87902623,0.04,320.0,0.1,0.106298804,0.20415898,1600.0,-23.132565,0.04692483
16,0.8783517,0.02,340.0,0.1,0.10614681,0.20419626,1700.0,-23.405071,0.04725964
17,0.87778205,0.02,360.0,0.0,0.10632404,0.2040867,1800.0,-25.820883,0.048043836
18,0.87809414,0.0,380.0,0.05,0.1064169,0.2039639,1900.0,-25.735973,0.048714552
19,0.8779869,0.03,400.0,0.15,0.106293894,0.2039466,2000.0,-24.802622,0.0498297
20,0.87779063,0.06,420.0,0.05,0.10624578,0.2039482,2100.0,-26.56512,0.05073816
21,0.8779146,0.03,440.0,0.0,0.10646833,0.20400259,2200.0,-29.865015,0.05089246
22,0.87801117,0.03,460.0,0.05,0.10659123,0.20401998,2300.0,-28.19991,0.05166287
23,0.8779128,0.06,480.0,0.0,0.10650871,0.20399672,2400.0,-30.314579,0.051720653
24,0.87712175,0.03,500.0,0.0,0.10622462,0.20393953,2500.0,-30.606329,0.053251468
25,0.8772297,0.04,520.0,0.05,0.106257744,0.20397477,2600.0,-29.671772,0.053285103
26,0.8771058,0.05,540.0,0.0,0.10630817,0.20411257,2700.0,-32.99559,0.05324678
27,0.87681466,0.03,560.0,0.05,0.1061719,0.20410284,2800.0,-29.71201,0.053222932
28,0.8771279,0.02,580.0,0.1,0.1062431,0.2041051,2900.0,-31.00655,0.05326625
29,0.87716645,0.01,600.0,0.0,0.10634041,0.20407937,3000.0,-34.02997,0.053245675
30,0.877234,0.02,620.0,0.05,0.10634462,0.204087,3100.0,-34.962517,0.05305202
31,0.8769295,0.04,640.0,0.05,0.10644555,0.20402382,3200.0,-34.61053,0.05280093
32,0.8769091,0.04,660.0,0.0,0.10637001,0.20399201,3300.0,-36.238945,0.052945733
33,0.87662965,0.01,680.0,0.0,0.10629624,0.20404452,3400.0,-36.917583,0.05290907
34,0.8767536,0.06,700.0,0.05,0.106321834,0.20404695,3500.0,-37.33601,0.0528088
35,0.87675697,0.02,720.0,0.05,0.10613066,0.20404997,3600.0,-36.91095,0.052750036
36,0.8767166,0.07,740.0,0.05,0.10615188,0.20410049,3700.0,-37.10379,0.052628536
37,0.8768824,0.02,760.0,0.05,0.106178105,0.20409112,3800.0,-36.353245,0.052896574
38,0.8768241,0.02,780.0,0.0,0.10604474,0.20404075,3900.0,-37.211834,0.052665994
39,0.876653,0.03,800.0,0.1,0.10598885,0.20402567,4000.0,-33.86146,0.052696224
40,0.8763766,0.05,820.0,0.05,0.105917685,0.20403875,4100.0,-37.481056,0.052499514
41,0.8762621,0.03,840.0,0.0,0.10581919,0.20403583,4200.0,-38.907066,0.053069767
42,0.8760976,0.03,860.0,0.0,0.10582926,0.20404807,4300.0,-39.504047,0.052991565
43,0.87616396,0.03,880.0,0.0,0.10580345,0.20400782,4400.0,-39.833946,0.052829046
44,0.87611705,0.04,900.0,0.0,0.10586157,0.20398916,4500.0,-39.24361,0.052896574
45,0.87614805,0.07,920.0,0.1,0.1058894,0.2039954,4600.0,-36.43327,0.05285002
46,0.8762104,0.03,940.0,0.05,0.10587702,0.20397574,4700.0,-41.436165,0.052939307
47,0.8759907,0.02,960.0,0.05,0.10590892,0.20399477,4800.0,-37.527985,0.052850537
48,0.87604827,0.04,980.0,0.05,0.10595602,0.20403004,4900.0,-39.581272,0.052965008
49,0.8760492,0.01,1000.0,0.0,0.10585018,0.20405951,5000.0,-44.059868,0.05291053
50,0.875962,0.05,1020.0,0.05,0.10579624,0.20404929,5100.0,-40.10044,0.053389024
51,0.87586325,0.06,1040.0,0.05,0.10581529,0.20402186,5200.0,-40.89344,0.05347834
52,0.8757398,0.0,1060.0,0.0,0.10579731,0.20403323,5300.0,-42.842953,0.053679205
53,0.87545794,0.05,1080.0,0.05,0.10574641,0.20401886,5400.0,-39.134327,0.05393516
54,0.8753846,0.03,1100.0,0.0,0.10574869,0.20399453,5500.0,-40.74984,0.054050848
55,0.8752899,0.01,1120.0,0.0,0.105690695,0.20397736,5600.0,-39.062828,0.054476343
56,0.8752265,0.02,1140.0,0.0,0.105641305,0.20400982,5700.0,-43.142323,0.055108804
57,0.87520367,0.03,1160.0,0.0,0.10573117,0.20399939,5800.0,-40.93607,0.055089742
58,0.87524706,0.04,1180.0,0.05,0.105647884,0.20400372,5900.0,-37.42582,0.05504372
59,0.87528807,0.02,1200.0,0.0,0.105551064,0.20397191,6000.0,-43.78605,0.054989576
60,0.87526256,0.02,1220.0,0.1,0.10553483,0.20392102,6100.0,-38.726654,0.055050474
61,0.8753223,0.07,1240.0,0.05,0.105493166,0.20387948,6200.0,-40.986675,0.055327795
62,0.87559766,0.02,1260.0,0.0,0.10555833,0.20388527,6300.0,-42.1475,0.055389438
63,0.8755207,0.04,1280.0,0.05,0.10554103,0.20387445,6400.0,-41.867775,0.055455197
64,0.87551636,0.04,1300.0,0.0,0.105525754,0.20386952,6500.0,-39.843605,0.055539027
65,0.8755173,0.01,1320.0,0.0,0.10557745,0.20387205,6600.0,-41.910446,0.05559676
66,0.87549704,0.03,1340.0,0.0,0.10549805,0.20387751,6700.0,-41.494442,0.055567484
67,0.87545586,0.05,1360.0,0.05,0.10552987,0.20388441,6800.0,-41.82725,0.05580591
68,0.87533164,0.06,1380.0,0.0,0.10549479,0.2038808,6900.0,-44.665207,0.056036215
69,0.87548226,0.05,1400.0,0.1,0.105502844,0.20386143,7000.0,-40.233284,0.05601151
70,0.8753963,0.03,1420.0,0.0,0.105427355,0.20388699,7100.0,-43.650333,0.05639372
71,0.87547636,0.06,1440.0,0.05,0.105644755,0.20391518,7200.0,-35.2023,0.056534722
72,0.8755633,0.02,1460.0,0.0,0.105639964,0.20392512,7300.0,-36.141014,0.056559257
73,0.8755906,0.02,1480.0,0.05,0.105669044,0.20392591,7400.0,-41.428295,0.056631356
74,0.87553596,0.04,1500.0,0.0,0.10568881,0.20393017,7500.0,-35.68438,0.05670943
75,0.8754969,0.05,1520.0,0.0,0.10564589,0.20393568,7600.0,-36.48745,0.05671161
76,0.875403,0.02,1540.0,0.05,0.10562327,0.203941,7700.0,-33.72555,0.05684688
77,0.8753801,0.04,1560.0,0.0,0.10562533,0.20394017,7800.0,-39.598274,0.05694187
78,0.875336,0.04,1580.0,0.05,0.10560766,0.2039305,7900.0,-39.336224,0.05693505
79,0.8754496,0.03,1600.0,0.1,0.10573999,0.20394975,8000.0,-38.45269,0.05707676
80,0.8754452,0.05,1620.0,0.0,0.10577152,0.2039432,8100.0,-38.298725,0.05713377
81,0.87546635,0.03,1640.0,0.05,0.10578806,0.20397013,8200.0,-38.519047,0.05714747
82,0.8753867,0.04,1660.0,0.0,0.105778635,0.2039613,8300.0,-39.796803,0.05715768
83,0.87537956,0.02,1680.0,0.0,0.10579362,0.20396647,8400.0,-40.606308,0.05711782
84,0.87551993,0.06,1700.0,0.05,0.1057986,0.20396818,8500.0,-36.47753,0.057243153
85,0.8754694,0.03,1720.0,0.0,0.10575821,0.2039656,8600.0,-38.347485,0.057229217
86,0.87540513,0.03,1740.0,0.05,0.10575547,0.20396987,8700.0,-36.730846,0.05729764
87,0.8754508,0.05,1760.0,0.0,0.10573155,0.20395252,8800.0,-39.008175,0.057236586
88,0.87547725,0.03,1780.0,0.0,0.10577073,0.20396714,8900.0,-38.303043,0.05726961
89,0.8756096,0.04,1800.0,0.05,0.105831325,0.20397018,9000.0,-42.27544,0.05732195
90,0.8755849,0.04,1820.0,0.0,0.105843544,0.20398483,9100.0,-41.540478,0.05742538
91,0.87553763,0.05,1840.0,0.0,0.10588512,0.20399678,9200.0,-36.783398,0.057450876
92,0.8755474,0.02,1860.0,0.0,0.105870895,0.20399004,9300.0,-43.526253,0.05771286
93,0.8755102,0.03,1880.0,0.0,0.10587571,0.20398046,9400.0,-39.11027,0.057685427
94,0.87553334,0.05,1900.0,0.0,0.10589991,0.20395489,9500.0,-39.737957,0.057662994
95,0.875477,0.02,1920.0,0.05,0.105878614,0.20393753,9600.0,-36.453068,0.05802792
96,0.8755703,0.01,1940.0,0.05,0.10592697,0.20389925,9700.0,-38.420498,0.0582993
97,0.8756849,0.04,1960.0,0.05,0.105919756,0.20390512,9800.0,-38.70687,0.058545135
98,0.87572646,0.05,1980.0,0.0,0.10591676,0.20388074,9900.0,-41.968807,0.059236564
99,0.8757093,0.03,2000.0,0.0,0.10593144,0.20386623,10000.0,-41.14383,0.05978593
100,0.87565774,0.02,2020.0,0.2,0.1059226,0.20384058,10100.0,-32.91488,0.060209803
101,0.8756792,0.01,2040.0,0.05,0.10595576,0.2038224,10200.0,-39.972916,0.06046007
102,0.87568974,0.02,2060.0,0.0,0.10592753,0.20382655,10300.0,-39.729126,0.060614333
103,0.8756699,0.03,2080.0,0.05,0.10589681,0.20383576,10400.0,-37.35542,0.06067808
104,0.8756976,0.04,2100.0,0.05,0.105887316,0.20384246,10500.0,-32.70193,0.06080394
105,0.87556475,0.09,2120.0,0.0,0.10586228,0.2038418,10600.0,-40.405952,0.06083306
106,0.87550974,0.05,2140.0,0.0,0.10586086,0.20384331,10700.0,-36.143288,0.060920287
107,0.8755994,0.06,2160.0,0.1,0.10585179,0.20386414,10800.0,-36.418495,0.061155595
108,0.8756201,0.07,2180.0,0.05,0.105902374,0.20387308,10900.0,-40.289516,0.061197247
109,0.87560827,0.07,2200.0,0.0,0.10584249,0.20387419,11000.0,-43.8386,0.06122614
110,0.87560064,0.06,2220.0,0.0,0.10580486,0.20388213,11100.0,-40.132214,0.061249185
111,0.87559444,0.03,2240.0,0.05,0.10586061,0.20390905,11200.0,-40.395584,0.06127521
112,0.87562245,0.01,2260.0,0.05,0.10586506,0.2039052,11300.0,-38.3617,0.06125343
113,0.8756525,0.01,2280.0,0.05,0.10588983,0.20391807,11400.0,-40.249836,0.061241183
114,0.87557024,0.04,2300.0,0.0,0.105850734,0.20391336,11500.0,-43.786083,0.061413124
115,0.8755641,0.02,2320.0,0.05,0.10582274,0.20390572,11600.0,-40.108032,0.061521176
116,0.8755192,0.02,2340.0,0.05,0.105845846,0.20390172,11700.0,-39.09765,0.061637472
117,0.8755233,0.07,2360.0,0.05,0.10583172,0.20390812,11800.0,-38.50932,0.061645888
118,0.8755372,0.02,2380.0,0.1,0.10582232,0.20391935,11900.0,-38.85362,0.061629485
119,0.87555456,0.03,2400.0,0.0,0.105802506,0.20391308,12000.0,-42.759937,0.06162001
120,0.8756229,0.04,2420.0,0.0,0.1058295,0.20389368,12100.0,-40.768456,0.061658897
121,0.875725,0.03,2440.0,0.0,0.10584298,0.20390102,12200.0,-41.498367,0.061700426
122,0.875722,0.02,2460.0,0.0,0.10585406,0.20389538,12300.0,-42.781925,0.061611284
123,0.87576574,0.02,2480.0,0.05,0.105864085,0.20389749,12400.0,-39.97897,0.061540235
124,0.8757987,0.03,2500.0,0.1,0.10589051,0.20389514,12500.0,-37.295277,0.06153514
125,0.87585044,0.03,2520.0,0.05,0.10590118,0.20389004,12600.0,-40.36391,0.061492253
126,0.87589175,0.04,2540.0,0.0,0.10590541,0.20388152,12700.0,-41.80726,0.061429635
127,0.8758888,0.02,2560.0,0.05,0.10590941,0.20388056,12800.0,-38.726574,0.061434794
128,0.8758426,0.02,2580.0,0.0,0.10592166,0.20387845,12900.0,-42.890526,0.061360545
129,0.87585753,0.04,2600.0,0.1,0.10594857,0.20387453,13000.0,-39.740784,0.061293904
130,0.8758053,0.06,2620.0,0.1,0.10593053,0.20387171,13100.0,-37.591957,0.061285127
131,0.8757785,0.05,2640.0,0.1,0.105938554,0.20387664,13200.0,-32.95362,0.061288863
132,0.8757856,0.05,2660.0,0.05,0.10595129,0.20388187,13300.0,-39.749157,0.06123868
133,0.875803,0.03,2680.0,0.0,0.1059496,0.20388258,13400.0,-43.540257,0.061154533
134,0.8758443,0.04,2700.0,0.0,0.105951704,0.20390823,13500.0,-45.75986,0.061170265
135,0.8757928,0.04,2720.0,0.0,0.10595331,0.20390536,13600.0,-41.12108,0.06116537
136,0.8757195,0.0,2740.0,0.05,0.105921805,0.2039111,13700.0,-42.544838,0.061096564
137,0.8757169,0.04,2760.0,0.05,0.105936505,0.20390254,13800.0,-43.01934,0.061006874
138,0.87568617,0.02,2780.0,0.05,0.105937146,0.20390883,13900.0,-43.35569,0.060957223
139,0.875614,0.05,2800.0,0.0,0.10595393,0.20390362,14000.0,-43.954407,0.06107327
140,0.8755617,0.04,2820.0,0.0,0.10594884,0.20392329,14100.0,-43.667797,0.06108783
141,0.87557054,0.03,2840.0,0.0,0.10597732,0.20392384,14200.0,-46.679424,0.061247822
142,0.8755894,0.01,2860.0,0.0,0.105957665,0.20391582,14300.0,-43.89539,0.061222162
143,0.8756139,0.04,2880.0,0.0,0.1059499,0.20391333,14400.0,-46.076122,0.061200503
144,0.8756392,0.04,2900.0,0.1,0.10596412,0.2039159,14500.0,-41.089363,0.061153468
145,0.87567836,0.03,2920.0,0.05,0.10601878,0.20391601,14600.0,-43.11003,0.061143864
146,0.87562895,0.05,2940.0,0.0,0.10598963,0.20393358,14700.0,-44.98019,0.061146963
147,0.87563926,0.02,2960.0,0.0,0.10597368,0.20394352,14800.0,-45.982033,0.06112611
148,0.87567204,0.04,2980.0,0.0,0.10599095,0.20393316,14900.0,-44.187935,0.061091743
149,0.87563473,0.07,3000.0,0.0,0.10597644,0.2039211,15000.0,-46.818443,0.061026324
150,0.875673,0.06,3020.0,0.0,0.10603746,0.20394535,15100.0,-46.96064,0.06101899
151,0.87565273,0.02,3040.0,0.0,0.1060155,0.2039613,15200.0,-45.07992,0.060993742
152,0.8756387,0.02,3060.0,0.0,0.10599058,0.2039628,15300.0,-44.413525,0.06096513
153,0.8756714,0.04,3080.0,0.05,0.10599699,0.20395817,15400.0,-45.06494,0.060892638
154,0.87567776,0.05,3100.0,0.05,0.10601268,0.20395517,15500.0,-44.240482,0.060890008
155,0.8756793,0.03,3120.0,0.05,0.106006406,0.2039485,15600.0,-42.99276,0.06094875
156,0.8756676,0.03,3140.0,0.05,0.105990134,0.20394652,15700.0,-43.87136,0.06089859
157,0.8756733,0.07,3160.0,0.0,0.106013395,0.20394374,15800.0,-44.60353,0.060856458
158,0.8756881,0.02,3180.0,0.05,0.10601177,0.20394592,15900.0,-40.026726,0.060812067
159,0.875725,0.04,3200.0,0.05,0.10602313,0.20394157,16000.0,-45.133812,0.06078771
160,0.875721,0.03,3220.0,0.0,0.10603007,0.20393802,16100.0,-43.885796,0.060708314
161,0.87572044,0.02,3240.0,0.0,0.10603207,0.20392372,16200.0,-46.476818,0.06063299
162,0.8756847,0.02,3260.0,0.05,0.106009185,0.20393221,16300.0,-42.45633,0.06062399
163,0.8756879,0.05,3280.0,0.1,0.10601324,0.20391378,16400.0,-43.84802,0.060776927
164,0.8756477,0.05,3300.0,0.05,0.10598129,0.20391518,16500.0,-46.03849,0.060735002
165,0.8756547,0.05,3320.0,0.0,0.10602913,0.20391437,16600.0,-45.795155,0.060727533
166,0.87569195,0.03,3340.0,0.0,0.10602825,0.20391463,16700.0,-46.273872,0.060710803
167,0.87576264,0.01,3360.0,0.0,0.10602445,0.20392302,16800.0,-45.608784,0.060800225
168,0.87579036,0.07,3380.0,0.05,0.10604591,0.20392112,16900.0,-39.877472,0.060779028
169,0.8757958,0.02,3400.0,0.0,0.10606036,0.2039212,17000.0,-46.372974,0.060856123
170,0.8758445,0.0,3420.0,0.0,0.10606139,0.2039179,17100.0,-45.378044,0.060880266
171,0.87585783,0.05,3440.0,0.1,0.10606382,0.20391387,17200.0,-39.79255,0.060812477
172,0.87586623,0.05,3460.0,0.05,0.10603038,0.203918,17300.0,-45.31446,0.060831223
173,0.8758955,0.03,3480.0,0.0,0.10606555,0.20390628,17400.0,-46.604515,0.06082426
174,0.8758781,0.04,3500.0,0.1,0.10605285,0.20389897,17500.0,-41.977753,0.06077772
175,0.8758721,0.03,3520.0,0.1,0.106063105,0.20389809,17600.0,-43.28563,0.060857974
176,0.8758897,0.06,3540.0,0.05,0.10604566,0.20391273,17700.0,-43.743595,0.060917854
177,0.8759134,0.02,3560.0,0.05,0.10609516,0.20391598,17800.0,-43.90905,0.06091358
178,0.87591624,0.05,3580.0,0.0,0.10607943,0.20391344,17900.0,-46.001045,0.060932912
179,0.8759138,0.03,3600.0,0.0,0.10607979,0.20391892,18000.0,-44.272514,0.060873833
180,0.8759208,0.04,3620.0,0.1,0.10603752,0.20391466,18100.0,-42.951912,0.0609014
181,0.8759435,0.05,3640.0,0.05,0.10600409,0.20392282,18200.0,-44.976173,0.060978092
182,0.87593716,0.02,3660.0,0.05,0.1059919,0.20391934,18300.0,-43.013523,0.06096096
183,0.87593347,0.07,3680.0,0.1,0.10599559,0.20391192,18400.0,-42.61635,0.06099556
184,0.87584734,0.04,3700.0,0.05,0.10598645,0.20391445,18500.0,-42.95383,0.0609371
185,0.87583494,0.02,3720.0,0.0,0.10596409,0.2039176,18600.0,-43.6411,0.060958467
186,0.8758684,0.01,3740.0,0.05,0.1059647,0.20392565,18700.0,-45.041367,0.061074395
187,0.87582475,0.02,3760.0,0.0,0.10598088,0.20391946,18800.0,-46.80374,0.061068285
188,0.8758526,0.04,3780.0,0.05,0.10600382,0.20392331,18900.0,-43.981804,0.06109365
189,0.8758858,0.02,3800.0,0.0,0.1059983,0.20391779,19000.0,-46.273994,0.061063882
190,0.87586147,0.05,3820.0,0.0,0.106010996,0.20392473,19100.0,-45.52456,0.061031405
191,0.87588567,0.04,3840.0,0.05,0.106021784,0.20392849,19200.0,-39.426018,0.061179195
192,0.8759238,0.04,3860.0,0.05,0.10608534,0.20393963,19300.0,-43.789764,0.061262555
193,0.8759174,0.05,3880.0,0.0,0.10611551,0.2039333,19400.0,-43.144173,0.061371427
194,0.8759198,0.01,3900.0,0.0,0.10610804,0.2039525,19500.0,-45.242176,0.06146116
195,0.8759331,0.02,3920.0,0.0,0.10609398,0.2039587,19600.0,-42.376656,0.06147481
196,0.87594175,0.05,3940.0,0.05,0.10608212,0.2039536,19700.0,-39.646942,0.06146433
197,0.8759532,0.04,3960.0,0.0,0.1060854,0.20394781,19800.0,-46.324497,0.06148994
198,0.8759549,0.01,3980.0,0.0,0.1060822,0.20396191,19900.0,-45.852234,0.061518
199,0.8759647,0.01,4000.0,0.1,0.106095694,0.20397016,20000.0,-39.82356,0.061610527
200,0.87595385,0.03,4020.0,0.0,0.10609809,0.20396714,20100.0,-46.596237,0.061627623
201,0.8759299,0.02,4040.0,0.05,0.10608205,0.20397152,20200.0,-43.52992,0.061672334
202,0.8759478,0.02,4060.0,0.05,0.10607318,0.20397286,20300.0,-41.499413,0.061684478
203,0.8759773,0.06,4080.0,0.0,0.10611439,0.20397751,20400.0,-45.303707,0.061765976
204,0.8759933,0.03,4100.0,0.15,0.106135465,0.2039794,20500.0,-40.18212,0.06174095
205,0.8759884,0.03,4120.0,0.0,0.10615029,0.20397171,20600.0,-47.815605,0.06174789
206,0.87599343,0.03,4140.0,0.05,0.106164224,0.20397574,20700.0,-44.08454,0.061738208
207,0.8760133,0.04,4160.0,0.0,0.10616219,0.2039791,20800.0,-46.320965,0.061755463
208,0.87603164,0.02,4180.0,0.1,0.10616604,0.20398551,20900.0,-41.75565,0.06176801
209,0.87604874,0.03,4200.0,0.0,0.106152885,0.2039958,21000.0,-42.413677,0.061770726
210,0.87603945,0.02,4220.0,0.0,0.10617325,0.20399496,21100.0,-46.1555,0.06176347
211,0.87602067,0.04,4240.0,0.0,0.10616263,0.2039874,21200.0,-45.037224,0.06172097
212,0.87600404,0.04,4260.0,0.15,0.10617759,0.20397858,21300.0,-37.533283,0.061762534
213,0.87601644,0.06,4280.0,0.0,0.106173575,0.2039776,21400.0,-46.289177,0.061717685
214,0.875983,0.03,4300.0,0.05,0.10616899,0.20398672,21500.0,-45.1015,0.061685957
215,0.875997,0.06,4320.0,0.05,0.10618327,0.20398378,21600.0,-46.020676,0.061673947
216,0.8760275,0.03,4340.0,0.05,0.106192976,0.20399204,21700.0,-41.315968,0.061677184
217,0.87600344,0.05,4360.0,0.0,0.10618191,0.20397492,21800.0,-44.707092,0.061663985
218,0.8759534,0.02,4380.0,0.0,0.10617906,0.20397998,21900.0,-46.03078,0.061662335
219,0.87593555,0.05,4400.0,0.0,0.10617313,0.20397472,22000.0,-44.233196,0.06164013
220,0.87597734,0.03,4420.0,0.0,0.10618272,0.20396452,22100.0,-43.96581,0.061601344
221,0.87593865,0.07,4440.0,0.0,0.106200345,0.203968,22200.0,-44.886833,0.06154895
222,0.87594765,0.04,4460.0,0.05,0.106196575,0.20396827,22300.0,-43.530865,0.061580848
223,0.87595266,0.04,4480.0,0.05,0.1061999,0.20395994,22400.0,-40.852276,0.06161775
224,0.8759601,0.05,4500.0,0.05,0.106196724,0.20394678,22500.0,-42.569603,0.061606884
225,0.87598366,0.04,4520.0,0.15,0.106206365,0.20394784,22600.0,-40.492363,0.061631408
226,0.8760092,0.04,4540.0,0.05,0.106209315,0.2039525,22700.0,-44.77334,0.061707433
227,0.87603384,0.05,4560.0,0.05,0.106212415,0.20395322,22800.0,-45.29084,0.061690148
228,0.8760817,0.05,4580.0,0.05,0.10622027,0.20395441,22900.0,-45.824627,0.061755158
229,0.8760989,0.04,4600.0,0.05,0.10622221,0.20395151,23000.0,-44.559612,0.061732784
230,0.87605786,0.02,4620.0,0.0,0.10620973,0.20395431,23100.0,-42.128937,0.061765533
231,0.87604237,0.03,4640.0,0.0,0.10620767,0.20395279,23200.0,-43.82229,0.061844293
232,0.8760331,0.07,4660.0,0.1,0.10620435,0.20394988,23300.0,-41.42208,0.06188181
233,0.87609786,0.06,4680.0,0.0,0.106215395,0.2039505,23400.0,-48.661263,0.061937287
234,0.8760686,0.05,4700.0,0.05,0.106225066,0.2039423,23500.0,-44.468544,0.06198047
235,0.87607193,0.03,4720.0,0.05,0.106239595,0.20395082,23600.0,-38.89983,0.06199094
236,0.87606066,0.07,4740.0,0.0,0.106240086,0.2039412,23700.0,-42.841976,0.06203171
237,0.876043,0.05,4760.0,0.0,0.10624728,0.2039481,23800.0,-45.354893,0.06206983
238,0.87602186,0.06,4780.0,0.05,0.106247604,0.20395356,23900.0,-42.78048,0.062063742
239,0.876,0.09,4800.0,0.0,0.106244825,0.2039372,24000.0,-48.50408,0.06214147
240,0.8759565,0.04,4820.0,0.0,0.10623915,0.20393278,24100.0,-45.023155,0.062155996
241,0.87595344,0.02,4840.0,0.1,0.10623173,0.20393175,24200.0,-40.46222,0.06217743
242,0.8759249,0.05,4860.0,0.05,0.10623404,0.20392936,24300.0,-43.43848,0.062231526
243,0.87587327,0.04,4880.0,0.05,0.10621429,0.20393215,24400.0,-43.953613,0.062239777
244,0.8758159,0.06,4900.0,0.05,0.10620918,0.20394155,24500.0,-39.400547,0.062266354
245,0.87584656,0.04,4920.0,0.0,0.10621955,0.2039455,24600.0,-45.467384,0.062408958
246,0.8758727,0.02,4940.0,0.05,0.10624636,0.20394112,24700.0,-43.091576,0.062472023
247,0.8758934,0.05,4960.0,0.0,0.10624137,0.20392938,24800.0,-48.097782,0.06257344
248,0.8758616,0.04,4980.0,0.0,0.10624304,0.20391728,24900.0,-45.749393,0.06261506
249,0.8758294,0.02,5000.0,0.0,0.106232785,0.20392017,25000.0,-47.111683,0.062654756
250,0.8758047,0.03,5020.0,0.05,0.106201895,0.20392697,25100.0,-42.720127,0.0626561
251,0.8758195,0.02,5040.0,0.0,0.10620135,0.20391959,25200.0,-45.658836,0.06269888
252,0.8758076,0.04,5060.0,0.05,0.10621808,0.20392744,25300.0,-43.452145,0.06272712
253,0.87578374,0.04,5080.0,0.05,0.106215514,0.2039381,25400.0,-43.656757,0.06280133
254,0.8757463,0.08,5100.0,0.1,0.106184565,0.20392396,25500.0,-42.790016,0.06295639
255,0.87579924,0.01,5120.0,0.0,0.106211185,0.20391959,25600.0,-45.89332,0.06296428
256,0.87580234,0.01,5140.0,0.15,0.10620884,0.20391144,25700.0,-36.17478,0.06294783
257,0.8757791,0.08,5160.0,0.05,0.10618945,0.20390177,25800.0,-39.081474,0.06299375
258,0.8757772,0.06,5180.0,0.05,0.106180765,0.20390299,25900.0,-41.84772,0.06301319
259,0.8757257,0.03,5200.0,0.05,0.10617551,0.20390649,26000.0,-42.309425,0.06306145
260,0.8757169,0.04,5220.0,0.0,0.10617765,0.20390862,26100.0,-47.343384,0.063044906
261,0.87571913,0.04,5240.0,0.0,0.10619625,0.20390156,26200.0,-46.872833,0.06304254
262,0.87566847,0.06,5260.0,0.0,0.106174506,0.20389542,26300.0,-46.997017,0.06310508
263,0.8756818,0.04,5280.0,0.0,0.10616457,0.20389739,26400.0,-45.294937,0.063093826
264,0.875655,0.01,5300.0,0.0,0.10616926,0.20389366,26500.0,-43.545414,0.06309274
265,0.8756868,0.01,5320.0,0.05,0.10619128,0.20388861,26600.0,-42.945267,0.06305152
266,0.8756818,0.03,5340.0,0.05,0.10616959,0.20388387,26700.0,-43.937317,0.06305954
267,0.8756959,0.04,5360.0,0.05,0.10614085,0.20387562,26800.0,-44.255745,0.06302202
268,0.87567544,0.02,5380.0,0.0,0.106132664,0.20387118,26900.0,-45.861126,0.063023284
269,0.875686,0.01,5400.0,0.1,0.10615001,0.20387194,27000.0,-38.13286,0.062979214
270,0.8757331,0.03,5420.0,0.05,0.10614792,0.20387648,27100.0,-43.014645,0.0629638
271,0.87572986,0.03,5440.0,0.0,0.10614217,0.2038804,27200.0,-46.757423,0.06291891
272,0.87573934,0.03,5460.0,0.0,0.106135905,0.20387384,27300.0,-44.387276,0.06294084
273,0.8756996,0.05,5480.0,0.0,0.10611389,0.20387188,27400.0,-46.37597,0.06293127
274,0.8756981,0.04,5500.0,0.05,0.10611694,0.20387264,27500.0,-40.334156,0.06289997
275,0.8756733,0.04,5520.0,0.0,0.10610732,0.20387854,27600.0,-46.41202,0.06287539
276,0.87572145,0.03,5540.0,0.05,0.10613316,0.20388271,27700.0,-42.496582,0.062886834
277,0.8757217,0.06,5560.0,0.0,0.10612679,0.20388131,27800.0,-41.630173,0.062872104
278,0.87575483,0.01,5580.0,0.0,0.10615512,0.20387554,27900.0,-47.6271,0.06284389
279,0.87572265,0.09,5600.0,0.0,0.10614558,0.2038807,28000.0,-46.911,0.06281525
280,0.87568194,0.07,5620.0,0.0,0.10613775,0.20388693,28100.0,-47.979084,0.062794834
281,0.8756757,0.03,5640.0,0.05,0.10612575,0.20388885,28200.0,-42.11817,0.062776506
282,0.8756651,0.01,5660.0,0.0,0.106110275,0.20388377,28300.0,-46.989002,0.062820815
283,0.87567586,0.04,5680.0,0.0,0.106097996,0.20388454,28400.0,-47.73352,0.06279967
284,0.8756759,0.05,5700.0,0.05,0.10610517,0.20388679,28500.0,-44.33211,0.06276516
285,0.87569743,0.03,5720.0,0.0,0.10610888,0.20388868,28600.0,-46.22764,0.06275681
286,0.8757062,0.02,5740.0,0.0,0.10612003,0.20389353,28700.0,-46.290306,0.06277017
287,0.8757084,0.04,5760.0,0.1,0.1061221,0.20389654,28800.0,-40.1321,0.06276598
288,0.87568235,0.07,5780.0,0.0,0.10611498,0.20389396,28900.0,-45.970367,0.062754065
289,0.8757038,0.04,5800.0,0.05,0.10612234,0.20389202,29000.0,-43.42588,0.06273283
290,0.87572306,0.04,5820.0,0.0,0.106122755,0.20389387,29100.0,-45.56366,0.06272252
291,0.87573606,0.02,5840.0,0.05,0.10611547,0.20389067,29200.0,-41.162743,0.06269017
292,0.8757381,0.07,5860.0,0.1,0.10610954,0.203895,29300.0,-38.412685,0.06265417
293,0.8757458,0.03,5880.0,0.05,0.10610217,0.20388673,29400.0,-43.655674,0.062649466
294,0.8757258,0.04,5900.0,0.0,0.10608697,0.20388836,29500.0,-43.53208,0.06261641
295,0.8757222,0.02,5920.0,0.05,0.106096305,0.20388916,29600.0,-41.574066,0.06259295
296,0.87577057,0.02,5940.0,0.0,0.106111445,0.20388822,29700.0,-44.751575,0.06257959
297,0.87577844,0.02,5960.0,0.0,0.10610857,0.20388663,29800.0,-43.562843,0.06258151
298,0.87579554,0.04,5980.0,0.05,0.10610771,0.20388943,29900.0,-39.537926,0.06256321
299,0.8757389,0.03,6000.0,0.0,0.10608932,0.20388664,30000.0,-46.971077,0.06256269
300,0.8757679,0.02,6020.0,0.05,0.10610803,0.20388244,30100.0,-43.492332,0.06252612
301,0.87574863,0.05,6040.0,0.0,0.106102265,0.20388365,30200.0,-45.556877,0.06252659
302,0.87578756,0.02,6060.0,0.0,0.10610792,0.20389223,30300.0,-43.140884,0.06249285
303,0.875801,0.04,6080.0,0.05,0.10610166,0.20389651,30400.0,-41.12385,0.06246122
304,0.8758052,0.06,6100.0,0.0,0.10608452,0.2038987,30500.0,-43.77357,0.062445935
305,0.8758088,0.04,6120.0,0.1,0.106092475,0.20389992,30600.0,-41.539997,0.06245831
306,0.8758361,0.06,6140.0,0.1,0.10610214,0.20390226,30700.0,-41.019073,0.06243586
307,0.87586623,0.04,6160.0,0.0,0.10611075,0.20390196,30800.0,-46.15008,0.06240943
308,0.87587434,0.04,6180.0,0.1,0.10610812,0.20389932,30900.0,-40.117046,0.06237562
309,0.87589866,0.03,6200.0,0.05,0.10610942,0.20390218,31000.0,-43.57986,0.062340826
310,0.8759008,0.06,6220.0,0.05,0.106112204,0.20390715,31100.0,-45.49958,0.062337946
311,0.8759218,0.08,6240.0,0.0,0.10612699,0.2039039,31200.0,-43.19087,0.06232139
312,0.8759136,0.07,6260.0,0.05,0.10612893,0.20390585,31300.0,-39.890923,0.06232345
313,0.8758917,0.03,6280.0,0.0,0.10611582,0.20390958,31400.0,-44.169266,0.0623169
314,0.87590986,0.03,6300.0,0.0,0.106112815,0.20391224,31500.0,-40.76079,0.06233473
315,0.8759058,0.01,6320.0,0.15,0.106107734,0.20390992,31600.0,-37.116993,0.062313247
316,0.87589717,0.06,6340.0,0.0,0.10610384,0.20391683,31700.0,-40.83604,0.062279254
317,0.87591106,0.06,6360.0,0.05,0.10611435,0.20392153,31800.0,-40.028305,0.062254597
318,0.8759089,0.02,6380.0,0.0,0.10611859,0.20391768,31900.0,-44.471035,0.062233247
319,0.87590784,0.03,6400.0,0.0,0.106129676,0.2039237,32000.0,-45.981743,0.06226565
320,0.87589455,0.04,6420.0,0.05,0.106128186,0.20392281,32100.0,-41.244293,0.062240407
321,0.87588835,0.07,6440.0,0.0,0.10613393,0.20392247,32200.0,-43.16867,0.062212445
322,0.87587625,0.02,6460.0,0.05,0.106129706,0.20391805,32300.0,-41.732677,0.062175687
323,0.87590504,0.02,6480.0,0.05,0.10614377,0.20391603,32400.0,-43.847885,0.062147174
324,0.8759245,0.04,6500.0,0.0,0.10614588,0.20391619,32500.0,-43.65434,0.062132098
325,0.875911,0.04,6520.0,0.0,0.10615409,0.20390983,32600.0,-46.050827,0.062117647
326,0.87589264,0.04,6540.0,0.05,0.10614165,0.20391156,32700.0,-42.717133,0.06212532
327,0.87593555,0.03,6560.0,0.0,0.106144875,0.20391104,32800.0,-46.835274,0.06213719
328,0.8759451,0.02,6580.0,0.0,0.10615746,0.20391178,32900.0,-45.185604,0.062125936
329,0.87592435,0.07,6600.0,0.0,0.10614332,0.20391217,33000.0,-42.31625,0.062134966
330,0.87595147,0.04,6620.0,0.05,0.1061551,0.20391327,33100.0,-42.641357,0.062101718
331,0.8759536,0.04,6640.0,0.0,0.10616215,0.20391218,33200.0,-44.54465,0.062094294
332,0.87596536,0.03,6660.0,0.05,0.106170736,0.20390734,33300.0,-42.429535,0.06206702
333,0.8759749,0.04,6680.0,0.05,0.106196426,0.20390885,33400.0,-40.46358,0.062028155
334,0.8759702,0.02,6700.0,0.0,0.10618696,0.20391561,33500.0,-43.74825,0.061997242
335,0.8759649,0.02,6720.0,0.0,0.10616378,0.20391357,33600.0,-45.78748,0.06197858
336,0.87598276,0.05,6740.0,0.05,0.106174074,0.2039135,33700.0,-42.83936,0.061941363
337,0.8759827,0.05,6760.0,0.05,0.1061852,0.2039146,33800.0,-39.89476,0.061905827
338,0.8760006,0.09,6780.0,0.15,0.10619555,0.20390801,33900.0,-39.242138,0.06190479
339,0.8759907,0.04,6800.0,0.0,0.10619402,0.20390552,34000.0,-43.93328,0.061878037
340,0.87598604,0.04,6820.0,0.05,0.10619507,0.20389912,34100.0,-44.387257,0.06188107
341,0.8760074,0.02,6840.0,0.0,0.106200375,0.20389743,34200.0,-44.83625,0.061864123
342,0.876,0.03,6860.0,0.1,0.106209405,0.20390333,34300.0,-41.04447,0.061825953
343,0.87600756,0.06,6880.0,0.1,0.10621613,0.20389883,34400.0,-40.482887,0.06179714
344,0.8759777,0.07,6900.0,0.05,0.10621176,0.20389736,34500.0,-43.68394,0.061762236
345,0.87598974,0.0,6920.0,0.0,0.10620888,0.20390111,34600.0,-44.84884,0.06173192
346,0.8759921,0.06,6940.0,0.05,0.1062206,0.20390111,34700.0,-41.424706,0.061698124
347,0.87598133,0.01,6960.0,0.15,0.10622612,0.20390207,34800.0,-39.72065,0.061663095
348,0.876002,0.03,6980.0,0.0,0.10622992,0.20389657,34900.0,-45.31953,0.061638147
349,0.8760178,0.02,7000.0,0.05,0.10625037,0.20390363,35000.0,-39.3628,0.061617393
350,0.87600845,0.05,7020.0,0.0,0.1062602,0.20390758,35100.0,-46.15113,0.06157824
351,0.87600535,0.04,7040.0,0.0,0.106254496,0.20390928,35200.0,-46.26818,0.061542865
352,0.875982,0.02,7060.0,0.0,0.10624724,0.20390941,35300.0,-47.41736,0.061536897
353,0.87594014,0.04,7080.0,0.05,0.106237434,0.20391244,35400.0,-43.89985,0.06152375
354,0.87596554,0.02,7100.0,0.1,0.10623001,0.20391351,35500.0,-39.56756,0.06150816
355,0.8759406,0.04,7120.0,0.1,0.10621958,0.2039113,35600.0,-40.51855,0.061479583
356,0.87596816,0.03,7140.0,0.0,0.10621997,0.20390907,35700.0,-47.818398,0.061449975
357,0.8759451,0.04,7160.0,0.05,0.10621557,0.20390223,35800.0,-45.174427,0.06142351
358,0.87595433,0.02,7180.0,0.05,0.10620675,0.2039055,35900.0,-45.66575,0.061384268
359,0.8759443,0.04,7200.0,0.1,0.106200755,0.20390087,36000.0,-41.800106,0.061358605
360,0.8759306,0.06,7220.0,0.0,0.10619537,0.2039,36100.0,-46.99885,0.061320983
361,0.8759146,0.04,7240.0,0.0,0.10619836,0.20389514,36200.0,-45.23249,0.06130343
362,0.8759129,0.03,7260.0,0.0,0.106193416,0.20390168,36300.0,-47.740547,0.06129743
363,0.8759157,0.05,7280.0,0.05,0.10618778,0.20390233,36400.0,-43.885094,0.061275396
364,0.8758965,0.04,7300.0,0.05,0.10618416,0.20390129,36500.0,-45.733498,0.061249595
365,0.8758903,0.05,7320.0,0.0,0.10618532,0.20389906,36600.0,-47.28084,0.06124496
366,0.87588406,0.01,7340.0,0.05,0.10616901,0.20390122,36700.0,-45.827213,0.061216332
367,0.87589616,0.04,7360.0,0.0,0.10616811,0.20390488,36800.0,-43.846695,0.06120684
368,0.87591434,0.02,7380.0,0.0,0.10616827,0.20390181,36900.0,-47.78483,0.061175194
369,0.8759168,0.02,7400.0,0.05,0.10616299,0.20389414,37000.0,-44.103657,0.061166402
370,0.87592846,0.03,7420.0,0.1,0.10618448,0.20390104,37100.0,-42.937428,0.061136983
371,0.8759143,0.04,7440.0,0.0,0.10618574,0.2039,37200.0,-45.991905,0.06113245
372,0.87592155,0.02,7460.0,0.05,0.10618479,0.20389831,37300.0,-42.770977,0.06111279
373,0.87592906,0.07,7480.0,0.0,0.106197394,0.20389523,37400.0,-44.26167,0.06108297
374,0.8759294,0.07,7500.0,0.05,0.10619483,0.20389532,37500.0,-43.661068,0.06106578
375,0.8759279,0.05,7520.0,0.1,0.10619793,0.2038941,37600.0,-42.326912,0.061040007
376,0.875935,0.04,7540.0,0.05,0.10620364,0.20389046,37700.0,-41.5053,0.0610116
377,0.87591505,0.02,7560.0,0.0,0.10618931,0.2038947,37800.0,-47.893036,0.060989715
378,0.8759211,0.03,7580.0,0.1,0.10619395,0.20389508,37900.0,-42.727264,0.06097135
379,0.8759152,0.04,7600.0,0.05,0.10619225,0.20389773,38000.0,-42.795235,0.06094027
380,0.8758936,0.03,7620.0,0.0,0.10618546,0.2038982,38100.0,-45.820473,0.06094072
381,0.87586236,0.07,7640.0,0.05,0.10617653,0.2038908,38200.0,-44.72588,0.06090844
382,0.87587374,0.02,7660.0,0.0,0.10617179,0.20388992,38300.0,-47.01963,0.06087742
383,0.8758574,0.07,7680.0,0.0,0.10617285,0.20389433,38400.0,-44.889313,0.06084526
384,0.8758495,0.03,7700.0,0.05,0.10616078,0.20389391,38500.0,-44.18826,0.060811926
385,0.875851,0.03,7720.0,0.0,0.10615694,0.20389251,38600.0,-45.123024,0.06078229
386,0.8758495,0.05,7740.0,0.0,0.10615373,0.20389311,38700.0,-44.51349,0.06079199
387,0.8758761,0.02,7760.0,0.05,0.10617322,0.20389278,38800.0,-43.448406,0.060789105
388,0.8758703,0.05,7780.0,0.15,0.10616928,0.20389044,38900.0,-39.465126,0.060771953
389,0.8758474,0.03,7800.0,0.0,0.10616169,0.20389041,39000.0,-47.060455,0.060751136
390,0.87585264,0.02,7820.0,0.0,0.106166035,0.20388986,39100.0,-47.835915,0.060726717
391,0.87580156,0.03,7840.0,0.1,0.106154144,0.20388466,39200.0,-41.247437,0.060730934
392,0.87579685,0.05,7860.0,0.05,0.106143914,0.20388658,39300.0,-43.265022,0.060699493
393,0.8757887,0.1,7880.0,0.0,0.106143326,0.20388657,39400.0,-39.36717,0.060668014
394,0.87578624,0.04,7900.0,0.05,0.10613666,0.20388299,39500.0,-41.079876,0.06065364
395,0.8757883,0.04,7920.0,0.0,0.106133245,0.20387436,39600.0,-48.173088,0.060642324
396,0.8758168,0.04,7940.0,0.05,0.10613733,0.203876,39700.0,-43.41692,0.060614806
397,0.87584263,0.01,7960.0,0.05,0.10614564,0.20387909,39800.0,-44.022377,0.060597777
398,0.8758397,0.02,7980.0,0.05,0.106144466,0.20388483,39900.0,-44.535637,0.06058354
399,0.8758306,0.03,8000.0,0.0,0.10614282,0.20388663,40000.0,-45.571026,0.060585596
400,0.87581474,0.07,8020.0,0.0,0.10614183,0.20388517,40100.0,-45.386852,0.060593482
401,0.87581724,0.03,8040.0,0.1,0.10613948,0.2038823,40200.0,-42.480923,0.060595956
402,0.87583715,0.03,8060.0,0.05,0.10615516,0.20388262,40300.0,-44.36857,0.060587555
403,0.875843,0.02,8080.0,0.1,0.106149755,0.20388289,40400.0,-41.180824,0.06060117
404,0.87583613,0.04,8100.0,0.0,0.106152445,0.20387848,40500.0,-46.872383,0.060600147
405,0.8758629,0.03,8120.0,0.05,0.10615627,0.20388074,40600.0,-40.800385,0.060580082
406,0.87585354,0.03,8140.0,0.05,0.10616225,0.20388494,40700.0,-41.501915,0.060560282
407,0.8758745,0.03,8160.0,0.0,0.10617647,0.20387854,40800.0,-45.25153,0.06055907
408,0.875892,0.03,8180.0,0.0,0.106181085,0.20387974,40900.0,-39.866573,0.060548414
409,0.875897,0.02,8200.0,0.05,0.10617491,0.2038792,41000.0,-43.798717,0.060543112
410,0.87588054,0.03,8220.0,0.05,0.10616494,0.2038762,41100.0,-44.051155,0.060530294
411,0.8758867,0.05,8240.0,0.0,0.106164,0.20387663,41200.0,-45.26951,0.060512155
412,0.87591076,0.01,8260.0,0.05,0.10617436,0.20387274,41300.0,-43.31904,0.060498532
413,0.875911,0.04,8280.0,0.0,0.106172085,0.20387547,41400.0,-44.60186,0.060480986
414,0.8758874,0.05,8300.0,0.1,0.106173635,0.20387848,41500.0,-38.21993,0.060459133
415,0.8758931,0.04,8320.0,0.0,0.10617587,0.20387705,41600.0,-44.579704,0.060440443
416,0.8759063,0.02,8340.0,0.05,0.10618522,0.20387965,41700.0,-41.58384,0.06041309
417,0.8758912,0.06,8360.0,0.0,0.1061937,0.20388345,41800.0,-46.0286,0.060383245
418,0.87590367,0.05,8380.0,0.05,0.10618254,0.20388438,41900.0,-42.148182,0.0603847
419,0.8759137,0.04,8400.0,0.0,0.10617771,0.20388053,42000.0,-45.49798,0.06037196
420,0.8759365,0.03,8420.0,0.05,0.10619665,0.20388125,42100.0,-46.001602,0.060341313
421,0.87593985,0.05,8440.0,0.1,0.106200635,0.20388632,42200.0,-36.955364,0.06030793
422,0.875936,0.01,8460.0,0.05,0.10619896,0.20388578,42300.0,-43.647453,0.060300585
423,0.87595415,0.04,8480.0,0.0,0.10618042,0.20388487,42400.0,-45.21935,0.0602692
424,0.875967,0.05,8500.0,0.1,0.106170595,0.20388794,42500.0,-38.640797,0.06024562
425,0.8759591,0.02,8520.0,0.05,0.10616293,0.20388904,42600.0,-42.434917,0.060220204
426,0.87595296,0.04,8540.0,0.05,0.10616645,0.20388672,42700.0,-43.545643,0.06020965
427,0.87592477,0.0,8560.0,0.0,0.106165625,0.20388834,42800.0,-46.044804,0.06018188
428,0.8759208,0.02,8580.0,0.1,0.10617554,0.20388937,42900.0,-41.193058,0.060164608
429,0.87593985,0.04,8600.0,0.0,0.10619017,0.2038867,43000.0,-46.239883,0.06014749
430,0.87596804,0.06,8620.0,0.05,0.1062,0.20389034,43100.0,-45.75955,0.060145296
431,0.8759711,0.04,8640.0,0.05,0.10619065,0.20388857,43200.0,-44.689068,0.060123958
432,0.87595326,0.05,8660.0,0.05,0.10617354,0.20388639,43300.0,-36.94412,0.060113568
433,0.8759696,0.02,8680.0,0.0,0.10618025,0.20388281,43400.0,-45.75782,0.060115118
434,0.8759945,0.02,8700.0,0.0,0.10619833,0.20388332,43500.0,-44.37252,0.060109038
435,0.87596756,0.05,8720.0,0.0,0.10619354,0.20387882,43600.0,-46.78631,0.06010634
436,0.8759642,0.01,8740.0,0.05,0.10618043,0.20388038,43700.0,-42.805344,0.06009352
437,0.8759718,0.02,8760.0,0.05,0.106182694,0.20388037,43800.0,-41.404964,0.060079094
438,0.8759506,0.12,8780.0,0.15,0.106173836,0.20387968,43900.0,-40.068176,0.060063276
439,0.8759605,0.05,8800.0,0.0,0.10618063,0.20387597,44000.0,-43.001152,0.06006329
440,0.8759559,0.01,8820.0,0.05,0.10617057,0.2038713,44100.0,-47.048145,0.0600622
441,0.8759814,0.02,8840.0,0.05,0.10616214,0.20386864,44200.0,-42.9129,0.060048915
442,0.87598306,0.02,8860.0,0.05,0.10615644,0.20387062,44300.0,-45.082527,0.06003349
443,0.875989,0.03,8880.0,0.0,0.10615834,0.20386839,44400.0,-45.3103,0.060029075
444,0.8759961,0.07,8900.0,0.0,0.10614792,0.20387302,44500.0,-44.59479,0.060024265
445,0.87600803,0.0,8920.0,0.0,0.10615047,0.20387499,44600.0,-47.68906,0.06000824
446,0.87599653,0.03,8940.0,0.1,0.106131576,0.20387436,44700.0,-39.792538,0.05999463
447,0.8759853,0.06,8960.0,0.05,0.1061292,0.20387712,44800.0,-42.872334,0.059973594
448,0.8759651,0.06,8980.0,0.0,0.106117584,0.20387802,44900.0,-46.988777,0.059966374
449,0.8759811,0.03,9000.0,0.05,0.10613138,0.20387894,45000.0,-45.381172,0.059954815
450,0.87601846,0.03,9020.0,0.0,0.10614165,0.20387636,45100.0,-45.384254,0.059954625
451,0.87603116,0.05,9040.0,0.0,0.10614189,0.20387486,45200.0,-45.85835,0.05994635
452,0.8760319,0.03,9060.0,0.05,0.106134,0.2038737,45300.0,-44.59489,0.059933133
453,0.8760361,0.03,9080.0,0.05,0.10613567,0.20387106,45400.0,-44.438602,0.05991578
454,0.8760317,0.03,9100.0,0.1,0.10613028,0.20387222,45500.0,-39.718544,0.059895527
455,0.8760422,0.03,9120.0,0.0,0.10613328,0.20387031,45600.0,-46.716087,0.059873253
456,0.8760445,0.05,9140.0,0.0,0.10613605,0.203872,45700.0,-46.253834,0.059856284
457,0.87605596,0.04,9160.0,0.0,0.10614302,0.2038693,45800.0,-45.52624,0.059832282
458,0.8760186,0.08,9180.0,0.2,0.106128216,0.20386907,45900.0,-36.152287,0.059815783
459,0.87601644,0.0,9200.0,0.05,0.1061239,0.20386669,46000.0,-45.478413,0.059804574
460,0.8760093,0.05,9220.0,0.0,0.10611857,0.20386231,46100.0,-46.234367,0.05979824
461,0.8759928,0.04,9240.0,0.0,0.10612526,0.2038638,46200.0,-45.775864,0.05978993
462,0.8759938,0.02,9260.0,0.05,0.10612472,0.20386146,46300.0,-44.35325,0.059767548
463,0.87599593,0.02,9280.0,0.05,0.10612031,0.20386484,46400.0,-43.734577,0.05975074
464,0.87598974,0.03,9300.0,0.0,0.10611659,0.2038626,46500.0,-47.20542,0.05974296
465,0.8759732,0.01,9320.0,0.05,0.10611232,0.20386362,46600.0,-39.88271,0.05972581
466,0.875962,0.03,9340.0,0.05,0.10610733,0.20386456,46700.0,-41.52449,0.059710372
467,0.8759672,0.02,9360.0,0.0,0.106118254,0.20386387,46800.0,-46.647575,0.059703685
468,0.87595886,0.04,9380.0,0.0,0.10612291,0.20386165,46900.0,-46.634075,0.05968826
469,0.87597173,0.03,9400.0,0.0,0.10612861,0.20386347,47000.0,-43.794327,0.059671536
470,0.875968,0.05,9420.0,0.0,0.106138,0.20385772,47100.0,-45.392212,0.05965739
471,0.8759828,0.02,9440.0,0.1,0.10614676,0.2038598,47200.0,-43.269844,0.0596433
472,0.8759802,0.03,9460.0,0.1,0.10614661,0.20386063,47300.0,-38.63062,0.05964058
473,0.8760028,0.04,9480.0,0.0,0.106162645,0.203857,47400.0,-46.245686,0.059624147
474,0.8759988,0.03,9500.0,0.05,0.106170356,0.20385478,47500.0,-44.028763,0.05960557
475,0.87600183,0.01,9520.0,0.0,0.10617421,0.2038571,47600.0,-48.681145,0.0595846
476,0.8760225,0.01,9540.0,0.05,0.10617862,0.20386125,47700.0,-43.385,0.05956794
477,0.87600607,0.07,9560.0,0.0,0.10618401,0.2038616,47800.0,-43.93253,0.05956127
478,0.8760118,0.03,9580.0,0.0,0.10617403,0.20386347,47900.0,-46.377316,0.05953887
479,0.8760341,0.04,9600.0,0.05,0.10618493,0.20386462,48000.0,-44.827526,0.059519347
480,0.8760443,0.06,9620.0,0.0,0.10618127,0.20386297,48100.0,-47.398457,0.05950638
481,0.8760465,0.0,9640.0,0.05,0.10617811,0.20386218,48200.0,-44.68779,0.059491586
482,0.8760538,0.01,9660.0,0.0,0.1061761,0.20386302,48300.0,-45.722054,0.059470445
483,0.8760622,0.05,9680.0,0.0,0.106178306,0.20386341,48400.0,-47.206768,0.05945032
484,0.8761042,0.06,9700.0,0.0,0.106192864,0.20386636,48500.0,-46.431286,0.059422173
485,0.876086,0.01,9720.0,0.05,0.10618963,0.20386514,48600.0,-44.139668,0.05940139
486,0.8760969,0.03,9740.0,0.0,0.10619279,0.20386462,48700.0,-47.81243,0.059386276
487,0.87608606,0.04,9760.0,0.05,0.106185324,0.20386578,48800.0,-44.94392,0.059366927
488,0.8760895,0.06,9780.0,0.1,0.10618061,0.20386629,48900.0,-42.076256,0.059344627
489,0.8760943,0.07,9800.0,0.0,0.10618401,0.20386921,49000.0,-47.95089,0.05932163
490,0.87609106,0.01,9820.0,0.0,0.106182374,0.20386922,49100.0,-46.415184,0.05932115
491,0.8761123,0.03,9840.0,0.05,0.10619128,0.20387511,49200.0,-44.79527,0.059303954
492,0.8761065,0.04,9860.0,0.1,0.106191956,0.2038698,49300.0,-40.992126,0.059279118
493,0.8760936,0.04,9880.0,0.05,0.10618403,0.20386405,49400.0,-43.446068,0.059257545
494,0.87609106,0.05,9900.0,0.05,0.10618228,0.20386392,49500.0,-41.794125,0.05924918
495,0.8760999,0.01,9920.0,0.05,0.10617676,0.20387138,49600.0,-42.923588,0.059224334
496,0.8760967,0.04,9940.0,0.05,0.10617892,0.2038703,49700.0,-45.54104,0.0592016
497,0.8760848,0.02,9960.0,0.0,0.10616688,0.20387214,49800.0,-44.689583,0.059215594
498,0.8760813,0.01,9980.0,0.0,0.1061646,0.20386723,49900.0,-45.828987,0.059216596
499,0.87608856,0.01,10000.0,0.05,0.106170714,0.20386818,50000.0,-44.734417,0.059209965
500,0.8760856,0.05,10020.0,0.05,0.10617697,0.20386766,50100.0,-41.410946,0.059215356
501,0.876108,0.01,10040.0,0.0,0.10618377,0.20386574,50200.0,-47.78368,0.059237953
502,0.8761197,0.02,10060.0,0.0,0.10619215,0.2038701,50300.0,-46.965706,0.059223548
503,0.8761234,0.04,10080.0,0.0,0.10619607,0.20386827,50400.0,-41.221214,0.059212834
504,0.87612516,0.03,10100.0,0.0,0.10619352,0.20386237,50500.0,-44.37011,0.05922547
505,0.8761173,0.07,10120.0,0.0,0.106192864,0.20385954,50600.0,-47.932472,0.059257768
506,0.8761036,0.0,10140.0,0.0,0.10618213,0.20386453,50700.0,-47.943703,0.059260536
507,0.87608725,0.04,10160.0,0.0,0.106179185,0.20386118,50800.0,-44.228764,0.05924763
508,0.8760831,0.02,10180.0,0.05,0.10618272,0.20386119,50900.0,-43.775333,0.059228152
509,0.87606364,0.04,10200.0,0.0,0.106170855,0.2038609,51000.0,-47.6026,0.059221912
510,0.87607193,0.0,10220.0,0.05,0.10617354,0.203856,51100.0,-43.88479,0.059227914
511,0.87606263,0.03,10240.0,0.0,0.10617244,0.2038571,51200.0,-44.473785,0.059224863
512,0.8760548,0.07,10260.0,0.05,0.10617139,0.20385846,51300.0,-42.569874,0.059209656
513,0.8760285,0.06,10280.0,0.05,0.10616361,0.20386268,51400.0,-40.291607,0.059210744
514,0.8760562,0.01,10300.0,0.0,0.10616765,0.2038628,51500.0,-45.76423,0.059195355
515,0.87606627,0.02,10320.0,0.1,0.10616472,0.2038576,51600.0,-37.080418,0.05918818
516,0.87606555,0.04,10340.0,0.0,0.10616361,0.20385954,51700.0,-41.707306,0.05917213
517,0.87606573,0.04,10360.0,0.0,0.10616684,0.20386736,51800.0,-44.060757,0.059168514
518,0.87606853,0.06,10380.0,0.05,0.106167816,0.20386705,51900.0,-43.91734,0.059173018
519,0.8760729,0.04,10400.0,0.0,0.10616966,0.20386758,52000.0,-46.64151,0.059163295
520,0.87609214,0.04,10420.0,0.1,0.1061751,0.2038664,52100.0,-38.01586,0.05915803
521,0.87608224,0.02,10440.0,0.0,0.10617397,0.2038645,52200.0,-40.262566,0.059178963
522,0.8760815,0.04,10460.0,0.05,0.10617859,0.20386496,52300.0,-43.78142,0.05916848
523,0.87607354,0.07,10480.0,0.05,0.10617515,0.20386574,52400.0,-44.12625,0.059152983
524,0.8760783,0.07,10500.0,0.0,0.1061675,0.20386644,52500.0,-42.281395,0.059130177
525,0.87608546,0.04,10520.0,0.1,0.1061606,0.20386758,52600.0,-39.560467,0.059114575
526,0.87608665,0.06,10540.0,0.15,0.10615339,0.20386657,52700.0,-36.00249,0.059104327
527,0.87609005,0.05,10560.0,0.1,0.106158376,0.20386279,52800.0,-40.71589,0.05908706
528,0.8760944,0.01,10580.0,0.1,0.106164314,0.20386156,52900.0,-40.76272,0.05906645
529,0.87609726,0.05,10600.0,0.0,0.10615928,0.20386314,53000.0,-47.01866,0.05906344
530,0.8761065,0.04,10620.0,0.05,0.10615611,0.20386766,53100.0,-43.472904,0.059048686
531,0.8761087,0.06,10640.0,0.0,0.1061571,0.203865,53200.0,-41.72586,0.05903765
532,0.876101,0.1,10660.0,0.05,0.10614409,0.20386826,53300.0,-42.270767,0.059040345
533,0.87608576,0.03,10680.0,0.05,0.106137596,0.20386949,53400.0,-41.1742,0.059044633
534,0.87610453,0.07,10700.0,0.1,0.106143914,0.20386739,53500.0,-40.34945,0.059029352
535,0.87610173,0.03,10720.0,0.15,0.106134355,0.20386438,53600.0,-39.755226,0.059074845
536,0.8761182,0.06,10740.0,0.1,0.10614896,0.2038596,53700.0,-38.00013,0.05907927
537,0.8761101,0.04,10760.0,0.05,0.10614892,0.20385762,53800.0,-45.08297,0.059096932
538,0.87609833,0.05,10780.0,0.0,0.10614141,0.2038573,53900.0,-43.96404,0.05909722
539,0.8761093,0.03,10800.0,0.0,0.106148124,0.20385775,54000.0,-47.860424,0.059135534
540,0.87610817,0.03,10820.0,0.0,0.106151484,0.20385969,54100.0,-46.319843,0.059138123
541,0.8761008,0.07,10840.0,0.1,0.1061494,0.20386761,54200.0,-42.930134,0.0592025
542,0.87609696,0.01,10860.0,0.1,0.106139936,0.2038727,54300.0,-41.555733,0.059246488
543,0.8760867,0.04,10880.0,0.05,0.106140815,0.20387577,54400.0,-39.23461,0.059356116
544,0.87608624,0.03,10900.0,0.1,0.106143825,0.20387988,54500.0,-38.0305,0.059535228
545,0.876087,0.03,10920.0,0.05,0.10613821,0.20387672,54600.0,-35.616455,0.059584886
546,0.876095,0.02,10940.0,0.1,0.1061481,0.20387706,54700.0,-41.14373,0.05965168
547,0.87608653,0.05,10960.0,0.0,0.10614791,0.20388336,54800.0,-41.544964,0.059717353
548,0.8761041,0.05,10980.0,0.1,0.10614067,0.20388603,54900.0,-35.307938,0.05976438
549,0.8761111,0.04,11000.0,0.15,0.10615007,0.20388731,55000.0,-35.659866,0.059829455
550,0.8761144,0.04,11020.0,0.05,0.10615548,0.20388761,55100.0,-40.289032,0.05984178
551,0.87610435,0.03,11040.0,0.0,0.10615051,0.20388894,55200.0,-41.076786,0.05986775
552,0.87610465,0.02,11060.0,0.0,0.106157504,0.2038934,55300.0,-41.942787,0.059882637
553,0.87611264,0.03,11080.0,0.2,0.10616686,0.2038918,55400.0,-37.94233,0.05988496
554,0.87611526,0.03,11100.0,0.05,0.1061632,0.2038906,55500.0,-40.269875,0.059887014
555,0.87610644,0.05,11120.0,0.0,0.106157295,0.203893,55600.0,-44.305164,0.05988894
556,0.8760918,0.02,11140.0,0.0,0.106148265,0.2038919,55700.0,-40.601593,0.05990447
557,0.87608653,0.06,11160.0,0.0,0.10614725,0.20389463,55800.0,-45.009533,0.059898373
558,0.8760722,0.02,11180.0,0.05,0.10614733,0.20389706,55900.0,-39.98021,0.059878636
559,0.87607867,0.03,11200.0,0.1,0.10615367,0.20389841,56000.0,-42.20611,0.059883963
560,0.8760826,0.02,11220.0,0.0,0.10615248,0.20389652,56100.0,-45.45317,0.05989018
561,0.8760867,0.02,11240.0,0.0,0.10615498,0.20389937,56200.0,-46.21319,0.05989358
562,0.87609035,0.05,11260.0,0.05,0.106155336,0.20390117,56300.0,-39.862774,0.059880678
563,0.87610024,0.03,11280.0,0.0,0.10615847,0.20390232,56400.0,-42.925323,0.0598645
564,0.8761118,0.04,11300.0,0.0,0.10615555,0.20389982,56500.0,-42.95699,0.059862744
565,0.8761077,0.09,11320.0,0.0,0.10615399,0.20389515,56600.0,-44.766308,0.059860144
566,0.87610465,0.04,11340.0,0.0,0.106148355,0.20389357,56700.0,-46.684196,0.059843887
567,0.8761137,0.05,11360.0,0.0,0.10615156,0.2038921,56800.0,-41.337433,0.059859857
568,0.87609917,0.04,11380.0,0.05,0.106149994,0.20389198,56900.0,-42.50369,0.059872154
569,0.87609005,0.02,11400.0,0.0,0.10615295,0.20389248,57000.0,-44.659668,0.059863497
570,0.8760906,0.07,11420.0,0.1,0.10615019,0.20389336,57100.0,-41.14498,0.059861273
571,0.87609524,0.05,11440.0,0.0,0.10615331,0.20389427,57200.0,-43.84597,0.059858203
572,0.87609094,0.08,11460.0,0.05,0.10615331,0.20389518,57300.0,-42.84337,0.05984895
573,0.87608904,0.04,11480.0,0.0,0.106152765,0.20389539,57400.0,-43.331696,0.059840012
574,0.8760907,0.03,11500.0,0.0,0.106158376,0.20389517,57500.0,-45.409637,0.0598261
575,0.87610096,0.04,11520.0,0.0,0.1061564,0.20389748,57600.0,-42.43638,0.05981713
576,0.8760999,0.05,11540.0,0.05,0.10615847,0.20389389,57700.0,-42.015347,0.059801687
577,0.8760863,0.06,11560.0,0.0,0.106153965,0.20388803,57800.0,-46.4582,0.05981441
578,0.8760836,0.02,11580.0,0.0,0.106152296,0.20388608,57900.0,-44.627544,0.059797384
579,0.87607616,0.03,11600.0,0.05,0.106154166,0.2038889,58000.0,-41.734344,0.05978088
580,0.87608284,0.02,11620.0,0.05,0.106154025,0.20389202,58100.0,-40.59658,0.059778895
581,0.87608814,0.01,11640.0,0.0,0.106145225,0.20389101,58200.0,-42.581215,0.0597645
582,0.8761039,0.05,11660.0,0.0,0.106151246,0.20388786,58300.0,-47.456753,0.059752986
583,0.8761179,0.06,11680.0,0.05,0.10615901,0.20388833,58400.0,-43.60487,0.059734426
584,0.87612647,0.05,11700.0,0.0,0.106157206,0.20388891,58500.0,-42.249367,0.059728857
585,0.8761172,0.05,11720.0,0.1,0.10615634,0.20389223,58600.0,-40.764973,0.059721213
586,0.87610626,0.02,11740.0,0.05,0.106158994,0.2038948,58700.0,-41.87824,0.059724785
587,0.87610024,0.05,11760.0,0.05,0.10615001,0.20389572,58800.0,-38.388405,0.05972699
588,0.8761118,0.02,11780.0,0.05,0.106157474,0.20389515,58900.0,-36.61269,0.059725408
589,0.87611985,0.05,11800.0,0.1,0.10614913,0.20389026,59000.0,-40.909367,0.059721015
590,0.8761175,0.03,11820.0,0.0,0.106146276,0.2038932,59100.0,-43.34026,0.059703823
591,0.8761091,0.05,11840.0,0.05,0.106137544,0.2038955,59200.0,-36.502308,0.059687473
592,0.8760877,0.04,11860.0,0.0,0.10612864,0.20389815,59300.0,-45.842125,0.059670534
593,0.8760769,0.05,11880.0,0.05,0.10612178,0.20389754,59400.0,-41.156364,0.05966175
594,0.87605304,0.01,11900.0,0.0,0.106119655,0.20389868,59500.0,-42.71485,0.05964999
595,0.87606287,0.03,11920.0,0.0,0.106120564,0.20389825,59600.0,-42.043694,0.05965446
596,0.876065,0.02,11940.0,0.1,0.106129825,0.20389816,59700.0,-35.575085,0.05963971
597,0.8760553,0.04,11960.0,0.05,0.10611669,0.20389748,59800.0,-40.771835,0.059651602
598,0.8760576,0.05,11980.0,0.0,0.10611168,0.20389886,59900.0,-46.408577,0.059636373
599,0.8760515,0.06,12000.0,0.0,0.106110536,0.2039019,60000.0,-43.303654,0.059626404
600,0.87605006,0.01,12020.0,0.05,0.10611048,0.20390503,60100.0,-41.306118,0.059622474
601,0.8760355,0.02,12040.0,0.0,0.10609937,0.20390785,60200.0,-43.005344,0.059619784
602,0.8760508,0.02,12060.0,0.0,0.1061063,0.20390528,60300.0,-41.3728,0.059621047
603,0.87607354,0.03,12080.0,0.1,0.10610777,0.20390731,60400.0,-40.38024,0.059609514
604,0.8760721,0.05,12100.0,0.05,0.106117226,0.20391089,60500.0,-39.981216,0.059601083
605,0.8760648,0.04,12120.0,0.05,0.106109954,0.2039126,60600.0,-40.5867,0.059598237
606,0.8760626,0.01,12140.0,0.0,0.10611347,0.20391373,60700.0,-45.582813,0.059592694
607,0.8760469,0.03,12160.0,0.0,0.10610944,0.20391382,60800.0,-44.824684,0.059604093
608,0.8760302,0.05,12180.0,0.05,0.10611069,0.20391405,60900.0,-42.87768,0.05962898
609,0.87603027,0.03,12200.0,0.05,0.10612016,0.20391291,61000.0,-41.992256,0.05962386
610,0.87604123,0.04,12220.0,0.05,0.106130086,0.20391235,61100.0,-44.83527,0.059644286
611,0.87603647,0.04,12240.0,0.0,0.1061309,0.20391443,61200.0,-45.174313,0.0596473
612,0.87603474,0.04,12260.0,0.05,0.10613433,0.20391783,61300.0,-41.015526,0.059653
613,0.87601733,0.06,12280.0,0.0,0.106125616,0.20391914,61400.0,-45.46786,0.05964546
614,0.87601495,0.04,12300.0,0.0,0.10612023,0.20391895,61500.0,-45.75138,0.059643764
615,0.87601155,0.01,12320.0,0.05,0.10612138,0.2039166,61600.0,-40.34534,0.05965292
616,0.8760237,0.05,12340.0,0.0,0.10611713,0.20391758,61700.0,-42.02168,0.059651393
617,0.87602204,0.0,12360.0,0.05,0.1061067,0.20391855,61800.0,-42.265896,0.059663665
618,0.8760236,0.07,12380.0,0.0,0.10610541,0.20392323,61900.0,-41.63325,0.059655417
619,0.87601095,0.05,12400.0,0.0,0.10610998,0.20392437,62000.0,-44.84783,0.059648715
620,0.8760054,0.04,12420.0,0.05,0.106110476,0.20392528,62100.0,-42.405922,0.059643403
621,0.87600493,0.03,12440.0,0.0,0.106102586,0.20392375,62200.0,-43.49111,0.059651785
622,0.87601566,0.02,12460.0,0.05,0.10610926,0.20392615,62300.0,-42.683266,0.059655704
623,0.8760078,0.08,12480.0,0.0,0.10611089,0.2039254,62400.0,-45.259247,0.059649482
624,0.87601596,0.04,12500.0,0.05,0.106116824,0.2039265,62500.0,-37.73887,0.05963598
625,0.8759977,0.04,12520.0,0.0,0.10611206,0.20392615,62600.0,-38.779266,0.059631225
626,0.87598246,0.04,12540.0,0.05,0.10610589,0.20392723,62700.0,-41.015602,0.059637275
627,0.87598497,0.04,12560.0,0.0,0.10610763,0.20392719,62800.0,-42.608276,0.059631705
628,0.8759864,0.02,12580.0,0.05,0.1061103,0.20392458,62900.0,-44.833427,0.059635922
629,0.8759942,0.04,12600.0,0.05,0.10611075,0.20392372,63000.0,-37.291054,0.05965075
630,0.8759809,0.04,12620.0,0.0,0.10610888,0.20392397,63100.0,-46.871037,0.059676573
631,0.87598366,0.03,12640.0,0.1,0.10610855,0.2039247,63200.0,-35.375443,0.059673645
632,0.875964,0.06,12660.0,0.15,0.10610279,0.2039239,63300.0,-31.786749,0.059711836
633,0.8759803,0.06,12680.0,0.0,0.10610336,0.20392114,63400.0,-45.972374,0.059723843
634,0.87599427,0.03,12700.0,0.0,0.10610784,0.20391682,63500.0,-45.11351,0.059727784
635,0.87601227,0.01,12720.0,0.0,0.10611943,0.20391737,63600.0,-43.54255,0.059726488
636,0.8760054,0.06,12740.0,0.05,0.10611981,0.2039164,63700.0,-36.7598,0.059727937
637,0.8760109,0.02,12760.0,0.0,0.10612339,0.20391704,63800.0,-35.847218,0.059732422
638,0.8760269,0.03,12780.0,0.05,0.10611871,0.20391855,63900.0,-41.626823,0.05973434
639,0.87602395,0.05,12800.0,0.05,0.10611827,0.20391892,64000.0,-38.117165,0.059728846
640,0.876014,0.05,12820.0,0.0,0.1061211,0.20391555,64100.0,-40.41355,0.059720002
641,0.87603205,0.01,12840.0,0.0,0.106133215,0.2039163,64200.0,-38.630318,0.059713483
642,0.8760275,0.06,12860.0,0.05,0.1061311,0.20391777,64300.0,-36.098656,0.05970809
643,0.8760237,0.05,12880.0,0.0,0.10612679,0.20391905,64400.0,-41.704964,0.05970771
644,0.8760188,0.03,12900.0,0.05,0.10613219,0.20392111,64500.0,-38.554596,0.05969436
645,0.87602216,0.02,12920.0,0.05,0.10612938,0.20391831,64600.0,-39.99975,0.059682034
646,0.8760248,0.02,12940.0,0.1,0.1061332,0.20391825,64700.0,-35.63163,0.059694074
647,0.8760214,0.02,12960.0,0.0,0.10612986,0.20391738,64800.0,-40.233612,0.059678294
648,0.8760371,0.07,12980.0,0.0,0.10613393,0.20391841,64900.0,-42.886658,0.059666052
649,0.87603664,0.06,13000.0,0.05,0.10613509,0.20391895,65000.0,-43.55935,0.059652854
650,0.87603575,0.01,13020.0,0.0,0.1061365,0.20392099,65100.0,-43.183235,0.059636258
651,0.8760421,0.01,13040.0,0.15,0.10613354,0.20391974,65200.0,-34.292683,0.059623867
652,0.8760555,0.03,13060.0,0.0,0.10614109,0.20391841,65300.0,-42.47573,0.059615254
653,0.8760504,0.04,13080.0,0.05,0.10614344,0.20392051,65400.0,-43.238873,0.05960418
654,0.8760426,0.04,13100.0,0.1,0.10614208,0.2039188,65500.0,-41.009514,0.059594296
655,0.87605166,0.04,13120.0,0.0,0.10614035,0.20391901,65600.0,-43.03587,0.059588257
656,0.8760504,0.05,13140.0,0.05,0.106133126,0.2039201,65700.0,-40.99425,0.059573554
657,0.8760607,0.04,13160.0,0.15,0.10613086,0.20392062,65800.0,-38.477837,0.05957048
658,0.8760584,0.03,13180.0,0.0,0.10612359,0.20392114,65900.0,-42.450787,0.05956146
659,0.8760593,0.05,13200.0,0.05,0.10612074,0.20392247,66000.0,-42.869606,0.059548054
660,0.87606645,0.04,13220.0,0.1,0.10611997,0.20392042,66100.0,-39.639107,0.059529267
661,0.8760619,0.0,13240.0,0.05,0.10611426,0.20392315,66200.0,-39.765045,0.059511866
662,0.8760476,0.04,13260.0,0.0,0.10611185,0.20392157,66300.0,-44.41953,0.059497528
663,0.8760521,0.03,13280.0,0.0,0.106108874,0.20392221,66400.0,-45.026257,0.059477318
664,0.8760713,0.05,13300.0,0.1,0.106111646,0.20392501,66500.0,-40.318436,0.05945897
665,0.8760845,0.04,13320.0,0.05,0.10611861,0.20392716,66600.0,-43.060413,0.059466228
666,0.8760857,0.02,13340.0,0.0,0.106126934,0.20392689,66700.0,-45.951984,0.05944761
667,0.8760698,0.05,13360.0,0.05,0.106130324,0.20393005,66800.0,-43.245617,0.059428506
668,0.8760671,0.01,13380.0,0.05,0.10613471,0.2039322,66900.0,-44.377556,0.05941241
669,0.8760579,0.04,13400.0,0.0,0.10613177,0.20393284,67000.0,-45.51705,0.05939635
670,0.8760729,0.03,13420.0,0.0,0.106136404,0.20393509,67100.0,-46.173588,0.05939673
671,0.87606645,0.03,13440.0,0.05,0.106137365,0.20393535,67200.0,-44.65951,0.059383
672,0.87606436,0.05,13460.0,0.0,0.106146075,0.20393611,67300.0,-47.98439,0.059370648
673,0.8760478,0.0,13480.0,0.0,0.10613433,0.20393807,67400.0,-48.157806,0.05935281
674,0.87604785,0.01,13500.0,0.15,0.106141426,0.20393427,67500.0,-38.49386,0.059342623
675,0.8760567,0.06,13520.0,0.0,0.10614779,0.20393467,67600.0,-47.98588,0.059321783
676,0.87604696,0.03,13540.0,0.1,0.10613649,0.2039353,67700.0,-43.42352,0.059314966
677,0.8760511,0.03,13560.0,0.0,0.10614253,0.20393528,67800.0,-45.411755,0.05929337
678,0.8760426,0.02,13580.0,0.05,0.10614041,0.20393693,67900.0,-44.4621,0.05928835
679,0.8760292,0.05,13600.0,0.05,0.10613024,0.20393844,68000.0,-45.313282,0.05928688
680,0.8760328,0.02,13620.0,0.0,0.10613798,0.203938,68100.0,-45.666855,0.05927086
681,0.8760322,0.02,13640.0,0.0,0.10612744,0.20393963,68200.0,-45.975876,0.059260193
682,0.8760438,0.03,13660.0,0.0,0.10612818,0.203938,68300.0,-46.1753,0.059238557
683,0.876038,0.03,13680.0,0.0,0.10612299,0.20393904,68400.0,-49.25565,0.059222512
684,0.8760419,0.02,13700.0,0.0,0.10612922,0.20394096,68500.0,-43.980995,0.05920478
685,0.8760271,0.03,13720.0,0.1,0.10613207,0.20394333,68600.0,-39.96444,0.05919542
686,0.8760304,0.03,13740.0,0.0,0.10612601,0.20394629,68700.0,-46.778603,0.05917788
687,0.87604403,0.05,13760.0,0.05,0.10612766,0.20394917,68800.0,-45.79992,0.05916679
688,0.8760488,0.03,13780.0,0.0,0.106133334,0.20394436,68900.0,-47.51419,0.059154235
689,0.8760581,0.04,13800.0,0.05,0.10613006,0.20394848,69000.0,-41.52864,0.05914011
690,0.8760681,0.0,13820.0,0.05,0.106133044,0.20394434,69100.0,-46.724102,0.059127778
691,0.87606746,0.06,13840.0,0.0,0.106125206,0.20394291,69200.0,-46.712803,0.05913775
692,0.87608415,0.02,13860.0,0.0,0.106136106,0.20394318,69300.0,-44.289143,0.059122354
693,0.876086,0.03,13880.0,0.0,0.10613794,0.2039462,69400.0,-44.619514,0.059110127
694,0.87608105,0.05,13900.0,0.05,0.106134675,0.20394582,69500.0,-44.98711,0.05909439
695,0.8760833,0.05,13920.0,0.0,0.10613036,0.20394789,69600.0,-42.88656,0.059083343
696,0.87607175,0.0,13940.0,0.05,0.10612217,0.20394823,69700.0,-44.099247,0.059074506
697,0.8760546,0.04,13960.0,0.0,0.10611582,0.20394753,69800.0,-45.041992,0.059066128
698,0.87605906,0.04,13980.0,0.15,0.106117405,0.203946,69900.0,-41.802315,0.059051976
699,0.87605745,0.02,14000.0,0.05,0.10611138,0.20394164,70000.0,-43.551445,0.05904155
700,0.87605745,0.02,14020.0,0.1,0.10610821,0.20394112,70100.0,-44.182777,0.059024885
701,0.8760573,0.06,14040.0,0.0,0.10610952,0.2039413,70200.0,-48.428417,0.059011567
702,0.876055,0.01,14060.0,0.05,0.1061048,0.2039415,70300.0,-46.042374,0.0590042
703,0.87603956,0.04,14080.0,0.0,0.106104575,0.20394297,70400.0,-45.80584,0.058991335
704,0.8760348,0.03,14100.0,0.05,0.106092304,0.20394447,70500.0,-45.68469,0.05897152
705,0.8760411,0.02,14120.0,0.0,0.10608559,0.20394525,70600.0,-49.11708,0.058960654
706,0.8760386,0.02,14140.0,0.05,0.10608464,0.20394605,70700.0,-43.89434,0.058949117
707,0.8760333,0.05,14160.0,0.05,0.10608975,0.2039419,70800.0,-45.31776,0.058976475
708,0.8760254,0.08,14180.0,0.0,0.106086046,0.20393828,70900.0,-48.832592,0.058960926
709,0.87602216,0.01,14200.0,0.05,0.1060795,0.20393814,71000.0,-46.698914,0.058954205
710,0.8760276,0.04,14220.0,0.05,0.1060788,0.2039378,71100.0,-44.160717,0.05895616
711,0.8760275,0.04,14240.0,0.0,0.10607618,0.2039371,71200.0,-49.39213,0.058942832
712,0.87602687,0.05,14260.0,0.0,0.10608115,0.20393549,71300.0,-43.547142,0.058939002
713,0.87602663,0.06,14280.0,0.0,0.1060764,0.20393863,71400.0,-47.422516,0.05893254
714,0.87602,0.01,14300.0,0.0,0.1060707,0.20394006,71500.0,-47.83835,0.058931217
715,0.8760374,0.01,14320.0,0.05,0.106082015,0.20394154,71600.0,-44.720844,0.058948655
716,0.87604505,0.03,14340.0,0.05,0.10609233,0.20394236,71700.0,-45.906155,0.058935147
717,0.87606144,0.03,14360.0,0.05,0.10610581,0.20394339,71800.0,-44.86261,0.058925733
718,0.8760564,0.03,14380.0,0.0,0.10610404,0.2039423,71900.0,-48.010464,0.058922637
719,0.8760591,0.06,14400.0,0.05,0.10611302,0.20394222,72000.0,-42.62263,0.05891083
720,0.87605006,0.02,14420.0,0.05,0.10611568,0.20394307,72100.0,-46.72147,0.05889587
721,0.8760345,0.01,14440.0,0.0,0.10610973,0.20394403,72200.0,-47.284615,0.05888334
722,0.8760381,0.03,14460.0,0.05,0.10611088,0.20394538,72300.0,-45.58491,0.05890107
723,0.8760414,0.07,14480.0,0.0,0.10611255,0.20394693,72400.0,-45.91742,0.058885824
724,0.87604123,0.04,14500.0,0.05,0.10611573,0.20394832,72500.0,-39.72446,0.0588733
725,0.87602884,0.05,14520.0,0.05,0.10611061,0.20394577,72600.0,-42.818024,0.058857445
726,0.8760214,0.04,14540.0,0.0,0.106105804,0.20394264,72700.0,-48.91335,0.05883842
727,0.8760126,0.05,14560.0,0.05,0.10609824,0.20394039,72800.0,-44.781223,0.058835104
728,0.8760016,0.02,14580.0,0.1,0.10610092,0.2039378,72900.0,-42.978584,0.058822025
729,0.8760092,0.03,14600.0,0.0,0.10610511,0.20393787,73000.0,-48.46042,0.0588095
730,0.8759963,0.05,14620.0,0.05,0.10610383,0.2039412,73100.0,-43.097206,0.058796767
731,0.87601066,0.02,14640.0,0.0,0.106106676,0.2039418,73200.0,-49.60235,0.058790836
732,0.87599665,0.04,14660.0,0.0,0.106100924,0.20394108,73300.0,-46.79118,0.05877493
733,0.87599736,0.06,14680.0,0.1,0.106101595,0.2039421,73400.0,-43.635384,0.05876669
734,0.87599236,0.03,14700.0,0.1,0.10610268,0.203944,73500.0,-43.199593,0.058751058
735,0.8760082,0.03,14720.0,0.0,0.1061121,0.20394604,73600.0,-48.924747,0.058736976
736,0.8760071,0.02,14740.0,0.05,0.1061118,0.203947,73700.0,-46.754,0.058719546
737,0.8760006,0.07,14760.0,0.0,0.10611701,0.2039435,73800.0,-49.03396,0.058729593
738,0.8760147,0.03,14780.0,0.0,0.10612682,0.2039436,73900.0,-46.56105,0.05871679
739,0.87600756,0.04,14800.0,0.05,0.10611882,0.20394646,74000.0,-44.723766,0.058698405
740,0.8759928,0.04,14820.0,0.05,0.10611004,0.20394793,74100.0,-46.9716,0.058680512
741,0.8759784,0.04,14840.0,0.05,0.10610768,0.20394966,74200.0,-46.55815,0.05867547
742,0.87597483,0.02,14860.0,0.05,0.106107205,0.20394938,74300.0,-45.408463,0.05866383
743,0.87598276,0.08,14880.0,0.05,0.10611418,0.20394892,74400.0,-45.86857,0.058655776
744,0.87597513,0.04,14900.0,0.0,0.106107496,0.20394899,74500.0,-46.54151,0.058652464
745,0.87597495,0.03,14920.0,0.05,0.10610914,0.20394838,74600.0,-46.21621,0.05865009
746,0.875969,0.04,14940.0,0.15,0.10610662,0.2039491,74700.0,-41.113056,0.05863617
747,0.87596893,0.02,14960.0,0.05,0.10610396,0.20394972,74800.0,-44.507416,0.0586295
748,0.8759616,0.03,14980.0,0.05,0.106104575,0.20395108,74900.0,-43.239883,0.0586378
749,0.8759697,0.02,15000.0,0.1,0.10610186,0.20395404,75000.0,-43.26726,0.058627676
750,0.87596494,0.01,15020.0,0.05,0.10609474,0.20395495,75100.0,-44.217903,0.058614954
751,0.8759759,0.01,15040.0,0.05,0.106096126,0.2039542,75200.0,-45.911003,0.05861538
752,0.87597924,0.03,15060.0,0.05,0.10609264,0.20395544,75300.0,-43.376854,0.058597755
753,0.8759789,0.04,15080.0,0.05,0.10609138,0.20395626,75400.0,-46.579254,0.05859395
754,0.87597376,0.03,15100.0,0.05,0.10609334,0.20395838,75500.0,-46.81956,0.05860683
755,0.8759635,0.0,15120.0,0.0,0.106090166,0.20395754,75600.0,-48.79271,0.05860613
756,0.87596107,0.01,15140.0,0.0,0.10608669,0.20395546,75700.0,-48.906487,0.058608003
757,0.8759684,0.04,15160.0,0.05,0.10608989,0.20395511,75800.0,-46.1827,0.05860096
758,0.8759663,0.01,15180.0,0.05,0.106087446,0.20395619,75900.0,-46.481926,0.058590326
759,0.87597245,0.05,15200.0,0.0,0.106084265,0.2039559,76000.0,-48.16297,0.05859802
760,0.87596136,0.06,15220.0,0.05,0.106081724,0.20395838,76100.0,-42.065685,0.058592085
761,0.8759659,0.03,15240.0,0.05,0.10608057,0.20395458,76200.0,-42.31206,0.05858597
762,0.8759601,0.06,15260.0,0.0,0.106081694,0.20395865,76300.0,-44.667503,0.058577277
763,0.87595636,0.02,15280.0,0.0,0.106077045,0.20395768,76400.0,-46.528595,0.058562826
764,0.8759484,0.03,15300.0,0.0,0.1060734,0.2039587,76500.0,-48.92678,0.05855046
765,0.8759535,0.05,15320.0,0.0,0.10606372,0.20396036,76600.0,-48.44056,0.05855264
766,0.8759723,0.04,15340.0,0.1,0.10607141,0.20395912,76700.0,-44.44111,0.058546327
767,0.87596846,0.05,15360.0,0.05,0.106066525,0.20395999,76800.0,-45.36413,0.058533244
768,0.8759611,0.03,15380.0,0.0,0.10606164,0.20396271,76900.0,-47.069283,0.05853577
769,0.8759613,0.03,15400.0,0.1,0.10606227,0.20396422,77000.0,-41.474968,0.058530387
770,0.8759637,0.0,15420.0,0.15,0.10606128,0.20396367,77100.0,-41.10363,0.05853604
771,0.8759566,0.03,15440.0,0.0,0.10605394,0.20396467,77200.0,-43.730354,0.058527283
772,0.8759534,0.03,15460.0,0.05,0.10605041,0.20396477,77300.0,-43.20365,0.05851763
773,0.875966,0.02,15480.0,0.0,0.10606297,0.20396137,77400.0,-46.456116,0.058510374
774,0.8759718,0.04,15500.0,0.05,0.106061816,0.20396255,77500.0,-44.494923,0.05850772
775,0.87598276,0.01,15520.0,0.2,0.10606519,0.20396248,77600.0,-38.439972,0.05849152
776,0.8759856,0.05,15540.0,0.0,0.10606519,0.2039606,77700.0,-47.86394,0.05847659
777,0.8759751,0.04,15560.0,0.0,0.10605956,0.20395696,77800.0,-47.527092,0.058482874
778,0.87598276,0.03,15580.0,0.0,0.106060505,0.20395704,77900.0,-46.561764,0.058481645
779,0.87598926,0.01,15600.0,0.0,0.10605329,0.20395818,78000.0,-46.446762,0.058480605
780,0.87599605,0.04,15620.0,0.0,0.106057025,0.20395938,78100.0,-44.074444,0.058473013
781,0.8759952,0.05,15640.0,0.05,0.106060386,0.2039616,78200.0,-44.268353,0.058463555
782,0.8759993,0.02,15660.0,0.05,0.10605565,0.2039594,78300.0,-43.24605,0.058458544
783,0.8759918,0.01,15680.0,0.0,0.10605361,0.20395967,78400.0,-46.481133,0.058454562
784,0.87599534,0.03,15700.0,0.05,0.106058836,0.2039598,78500.0,-43.218006,0.05844692
785,0.87600136,0.03,15720.0,0.05,0.10605659,0.20396097,78600.0,-47.099724,0.058438465
786,0.8760071,0.04,15740.0,0.0,0.106051944,0.20396177,78700.0,-44.52537,0.058438867
787,0.87601614,0.01,15760.0,0.05,0.10605153,0.20396408,78800.0,-46.57525,0.058426537
788,0.87600654,0.05,15780.0,0.1,0.10604439,0.20396739,78900.0,-41.572296,0.058427177
789,0.8760068,0.01,15800.0,0.1,0.10604892,0.20396692,79000.0,-43.348473,0.058411706
790,0.8760035,0.01,15820.0,0.0,0.10605381,0.20396908,79100.0,-47.07909,0.058398653
791,0.87599343,0.04,15840.0,0.05,0.10605353,0.20397082,79200.0,-46.246773,0.058388468
792,0.8759916,0.04,15860.0,0.0,0.10605347,0.20396928,79300.0,-46.75949,0.05838881
793,0.87599015,0.03,15880.0,0.05,0.106049694,0.20396957,79400.0,-44.614418,0.05838283
794,0.87599164,0.02,15900.0,0.0,0.10604998,0.20396906,79500.0,-46.660103,0.058372874
795,0.8760016,0.04,15920.0,0.05,0.10604477,0.20396745,79600.0,-43.022377,0.058364034
796,0.8760047,0.02,15940.0,0.05,0.10604509,0.20396729,79700.0,-46.479492,0.05835754
797,0.8760119,0.04,15960.0,0.05,0.10604384,0.20396641,79800.0,-41.910465,0.0583462
798,0.8760268,0.02,15980.0,0.0,0.10605147,0.2039643,79900.0,-47.621346,0.058351945
799,0.8760293,0.02,16000.0,0.05,0.1060533,0.20396501,80000.0,-42.791416,0.058373496
800,0.87603337,0.03,16020.0,0.05,0.106053196,0.2039687,80100.0,-43.742718,0.058363102
801,0.87603456,0.03,16040.0,0.05,0.10604916,0.20396824,80200.0,-42.170563,0.058358606
802,0.8760266,0.05,16060.0,0.0,0.10604814,0.2039697,80300.0,-45.485146,0.058348455
803,0.8760093,0.05,16080.0,0.05,0.106044054,0.20396854,80400.0,-43.04322,0.05833585
804,0.8760152,0.04,16100.0,0.0,0.10604628,0.20396537,80500.0,-48.1178,0.058335572
805,0.8760087,0.07,16120.0,0.05,0.10604278,0.20396477,80600.0,-45.50342,0.058321
806,0.8760081,0.01,16140.0,0.0,0.106036104,0.20396276,80700.0,-47.857323,0.05831362
807,0.8760147,0.0,16160.0,0.0,0.10603898,0.20396452,80800.0,-45.935654,0.05829865
808,0.87600803,0.01,16180.0,0.05,0.10603374,0.20396389,80900.0,-43.64782,0.058288638
809,0.87600636,0.05,16200.0,0.0,0.10603362,0.20396228,81000.0,-48.22312,0.058284033
810,0.87600374,0.07,16220.0,0.05,0.10603007,0.20396364,81100.0,-43.418415,0.058269676
811,0.87599975,0.02,16240.0,0.05,0.10603192,0.20396408,81200.0,-44.37703,0.058263544
812,0.8760099,0.01,16260.0,0.0,0.10602909,0.20396034,81300.0,-45.45809,0.058256537
813,0.87602407,0.02,16280.0,0.0,0.10603311,0.20396033,81400.0,-42.214363,0.058245517
814,0.8760256,0.11,16300.0,0.0,0.10603282,0.20395853,81500.0,-46.679096,0.058242656
815,0.87603325,0.05,16320.0,0.1,0.10603815,0.20395832,81600.0,-40.608047,0.05823129
816,0.8760357,0.03,16340.0,0.05,0.10604129,0.20395681,81700.0,-40.100697,0.058217622
817,0.87603253,0.06,16360.0,0.1,0.106036045,0.20395413,81800.0,-45.050392,0.058206137
818,0.8760224,0.03,16380.0,0.05,0.10603372,0.2039523,81900.0,-43.818275,0.05819547
819,0.87602735,0.03,16400.0,0.0,0.10603366,0.20395508,82000.0,-47.345898,0.058191627
820,0.87602144,0.03,16420.0,0.05,0.106030904,0.20395508,82100.0,-44.15348,0.05817986
821,0.8760188,0.02,16440.0,0.0,0.106027745,0.2039536,82200.0,-48.484962,0.058168598
822,0.87601835,0.02,16460.0,0.05,0.1060339,0.20395525,82300.0,-46.919914,0.058169413
823,0.8760163,0.03,16480.0,0.15,0.10603162,0.20395574,82400.0,-39.13967,0.058169886
824,0.87600356,0.04,16500.0,0.0,0.10603112,0.20395686,82500.0,-49.837128,0.05815922
825,0.8760124,0.02,16520.0,0.0,0.10602555,0.20395905,82600.0,-46.915825,0.058152486
826,0.87600327,0.02,16540.0,0.2,0.10601872,0.20395811,82700.0,-37.96519,0.058141917
827,0.87600404,0.06,16560.0,0.0,0.10601753,0.20396133,82800.0,-46.319115,0.05815327
828,0.8760064,0.05,16580.0,0.0,0.106014095,0.20396268,82900.0,-49.214367,0.05815115
829,0.8760055,0.03,16600.0,0.05,0.106009044,0.20396246,83000.0,-46.08393,0.05813925
830,0.8760121,0.05,16620.0,0.05,0.1060094,0.20395952,83100.0,-44.51374,0.058132704
831,0.87601167,0.04,16640.0,0.0,0.10600698,0.2039583,83200.0,-46.387455,0.058122702
832,0.87601,0.04,16660.0,0.1,0.106005155,0.20395836,83300.0,-43.480743,0.058129862
833,0.87601835,0.03,16680.0,0.0,0.1060073,0.20395933,83400.0,-47.985336,0.058120865
834,0.8760088,0.03,16700.0,0.0,0.10600599,0.20395851,83500.0,-47.930065,0.05810831
835,0.876012,0.05,16720.0,0.0,0.10600531,0.20395908,83600.0,-46.816677,0.058095917
836,0.87600255,0.02,16740.0,0.0,0.10599827,0.20395966,83700.0,-48.522827,0.05809302
837,0.8759992,0.07,16760.0,0.0,0.10599395,0.20395967,83800.0,-45.55027,0.05809041
838,0.87598866,0.09,16780.0,0.0,0.10598928,0.2039598,83900.0,-46.37948,0.058077417
839,0.87599283,0.03,16800.0,0.05,0.105988495,0.20395829,84000.0,-43.795677,0.058068126
840,0.87599725,0.05,16820.0,0.1,0.105992906,0.20395802,84100.0,-42.172485,0.058068525
841,0.87599343,0.05,16840.0,0.15,0.105993904,0.20395865,84200.0,-40.723373,0.05805688
842,0.87600785,0.01,16860.0,0.05,0.1059981,0.20395838,84300.0,-47.33428,0.058046106
843,0.8760038,0.04,16880.0,0.0,0.1059894,0.20395973,84400.0,-45.427086,0.05803723
844,0.876,0.07,16900.0,0.05,0.10598577,0.20395847,84500.0,-43.432472,0.058027416
845,0.876004,0.02,16920.0,0.05,0.105989315,0.20395741,84600.0,-44.760124,0.058022838
846,0.8760068,0.05,16940.0,0.05,0.105991475,0.20396061,84700.0,-45.840557,0.058011185
847,0.87601036,0.04,16960.0,0.0,0.105992794,0.20396152,84800.0,-45.34977,0.05800119
848,0.87601304,0.02,16980.0,0.0,0.1059883,0.20396136,84900.0,-47.841125,0.057988938
849,0.87600493,0.02,17000.0,0.0,0.10599052,0.2039634,85000.0,-47.682022,0.05797592
850,0.8760045,0.04,17020.0,0.0,0.105987184,0.20396425,85100.0,-46.742344,0.057971075
851,0.8760049,0.05,17040.0,0.0,0.10598799,0.20396587,85200.0,-45.500217,0.057966623
852,0.8760058,0.03,17060.0,0.0,0.10598961,0.20396431,85300.0,-49.343956,0.057956096
853,0.87600416,0.0,17080.0,0.0,0.105994724,0.20396635,85400.0,-45.37963,0.05794253
854,0.8760044,0.03,17100.0,0.0,0.10599136,0.20396909,85500.0,-46.490334,0.057929453
855,0.8760023,0.05,17120.0,0.05,0.105991505,0.20396806,85600.0,-45.050636,0.05792711
856,0.8759999,0.04,17140.0,0.1,0.10598817,0.20396695,85700.0,-44.253582,0.057916988
857,0.875993,0.08,17160.0,0.0,0.1059934,0.20396724,85800.0,-48.178402,0.057903204
858,0.8759882,0.04,17180.0,0.05,0.1059868,0.20396785,85900.0,-45.409706,0.057894725
859,0.87597924,0.04,17200.0,0.05,0.105978824,0.20396534,86000.0,-46.623867,0.0578872
860,0.8759742,0.08,17220.0,0.0,0.10598276,0.20396748,86100.0,-46.681892,0.05787287
861,0.8759796,0.03,17240.0,0.15,0.1059851,0.20396782,86200.0,-41.091385,0.057863098
862,0.87597775,0.04,17260.0,0.0,0.105981685,0.20396389,86300.0,-49.632385,0.05785594
863,0.87598175,0.01,17280.0,0.1,0.10597944,0.20396599,86400.0,-43.26268,0.057849802
864,0.87599725,0.03,17300.0,0.0,0.10597996,0.2039665,86500.0,-48.589226,0.057840522
865,0.87601495,0.02,17320.0,0.1,0.105983615,0.20396496,86600.0,-43.855167,0.057827562
866,0.87602264,0.03,17340.0,0.05,0.10598449,0.2039684,86700.0,-44.79444,0.057815295
867,0.876029,0.01,17360.0,0.0,0.105986275,0.20396549,86800.0,-47.38316,0.057831198
868,0.8760298,0.03,17380.0,0.0,0.105991066,0.20396787,86900.0,-47.051674,0.057827905
869,0.8760343,0.03,17400.0,0.0,0.10599228,0.20396909,87000.0,-48.12487,0.05781805
870,0.87602633,0.05,17420.0,0.05,0.10599246,0.20397018,87100.0,-45.20228,0.05780735
871,0.876023,0.06,17440.0,0.1,0.1059924,0.2039739,87200.0,-44.319168,0.057805367
872,0.8760109,0.07,17460.0,0.0,0.10599329,0.20397246,87300.0,-44.381588,0.057794243
873,0.8760114,0.04,17480.0,0.0,0.10599538,0.20397472,87400.0,-45.851265,0.05777968
874,0.8760062,0.06,17500.0,0.05,0.10598504,0.20397533,87500.0,-46.54551,0.05776688
875,0.8760006,0.0,17520.0,0.0,0.10598513,0.20397542,87600.0,-45.797844,0.057760175
876,0.87599754,0.04,17540.0,0.0,0.10598358,0.20397525,87700.0,-43.6706,0.057764173
877,0.87599903,0.06,17560.0,0.05,0.105980836,0.20397738,87800.0,-44.88064,0.057760715
878,0.8760044,0.01,17580.0,0.1,0.105977125,0.20397732,87900.0,-43.41972,0.05775107
879,0.8760225,0.07,17600.0,0.0,0.1059829,0.2039765,88000.0,-48.314808,0.057748117
880,0.8760285,0.03,17620.0,0.05,0.10598689,0.20397672,88100.0,-46.982185,0.0577333
881,0.8760225,0.06,17640.0,0.05,0.10598895,0.20397767,88200.0,-45.7512,0.05772114
882,0.87601656,0.04,17660.0,0.1,0.10598764,0.20397826,88300.0,-40.376366,0.05771148
883,0.8760293,0.06,17680.0,0.05,0.10599197,0.20397648,88400.0,-44.824245,0.05770034
884,0.8760267,0.03,17700.0,0.05,0.10599426,0.20397831,88500.0,-45.065823,0.057686877
885,0.87602997,0.04,17720.0,0.0,0.105988584,0.20397943,88600.0,-45.37138,0.057672847
886,0.8760355,0.02,17740.0,0.0,0.105994046,0.20398155,88700.0,-47.543922,0.057666074
887,0.8760379,0.0,17760.0,0.0,0.105999134,0.20398022,88800.0,-48.12412,0.05765229
888,0.8760395,0.04,17780.0,0.05,0.10599577,0.20397747,88900.0,-44.20957,0.057638425
889,0.8760516,0.03,17800.0,0.05,0.10600426,0.20397888,89000.0,-45.61996,0.057624765
890,0.8760531,0.04,17820.0,0.05,0.10600448,0.20397814,89100.0,-46.82643,0.05761417
891,0.87604666,0.05,17840.0,0.1,0.105997205,0.20397696,89200.0,-39.6682,0.057606917
892,0.87603927,0.02,17860.0,0.0,0.10599748,0.20397991,89300.0,-48.917786,0.057593513
893,0.8760486,0.01,17880.0,0.05,0.10600513,0.20397991,89400.0,-44.735443,0.057602614
894,0.8760441,0.06,17900.0,0.05,0.10600349,0.20397842,89500.0,-45.94894,0.057593282
895,0.8760438,0.02,17920.0,0.0,0.10600247,0.20397699,89600.0,-47.859184,0.057592854
896,0.87605065,0.06,17940.0,0.05,0.10600352,0.2039759,89700.0,-45.857147,0.05758841
897,0.8760535,0.01,17960.0,0.05,0.10600576,0.20397493,89800.0,-45.971725,0.057585783
898,0.8760578,0.05,17980.0,0.0,0.10600541,0.20397481,89900.0,-44.328106,0.05758289
899,0.87605476,0.08,18000.0,0.05,0.1060012,0.20397614,90000.0,-45.345028,0.057578824
900,0.8760659,0.01,18020.0,0.05,0.106003664,0.20397685,90100.0,-44.309002,0.057570018
901,0.8760653,0.04,18040.0,0.05,0.106001794,0.20397615,90200.0,-45.759487,0.05756118
902,0.8760662,0.04,18060.0,0.0,0.106001236,0.20397376,90300.0,-43.647644,0.057563763
903,0.8760707,0.03,18080.0,0.05,0.10600164,0.20397337,90400.0,-43.404003,0.05755748
904,0.8760858,0.03,18100.0,0.05,0.106002994,0.20397282,90500.0,-46.52168,0.057549138
905,0.87607783,0.03,18120.0,0.05,0.106000684,0.20397359,90600.0,-43.594948,0.057542063
906,0.8760803,0.03,18140.0,0.05,0.10600015,0.20397407,90700.0,-42.6017,0.05753722
907,0.87607074,0.02,18160.0,0.0,0.10599407,0.20397379,90800.0,-48.141613,0.057539653
908,0.8760781,0.04,18180.0,0.05,0.10600108,0.20397365,90900.0,-45.081722,0.05753013
909,0.87608653,0.04,18200.0,0.1,0.1059994,0.2039729,91000.0,-42.96747,0.05752155
910,0.87608546,0.06,18220.0,0.05,0.106005885,0.20397253,91100.0,-42.55059,0.057520054
911,0.87607807,0.03,18240.0,0.0,0.106013976,0.20397201,91200.0,-44.326916,0.057526488
912,0.876074,0.01,18260.0,0.05,0.10600561,0.20397037,91300.0,-44.647144,0.057517905
913,0.8760714,0.06,18280.0,0.0,0.1060056,0.2039696,91400.0,-46.355236,0.057511155
914,0.87606335,0.04,18300.0,0.0,0.10599777,0.20396791,91500.0,-45.708183,0.057510212
915,0.8760688,0.03,18320.0,0.05,0.10600581,0.203969,91600.0,-41.440224,0.057502
916,0.87607163,0.04,18340.0,0.15,0.10601007,0.20396902,91700.0,-39.914528,0.057493262
917,0.8760729,0.03,18360.0,0.05,0.10600694,0.2039671,91800.0,-43.966152,0.057487182
918,0.87607837,0.02,18380.0,0.05,0.10601151,0.20396926,91900.0,-42.433105,0.057478026
919,0.8760855,0.05,18400.0,0.0,0.106018305,0.20396942,92000.0,-37.161827,0.057472683
920,0.87608486,0.02,18420.0,0.1,0.10601697,0.20396928,92100.0,-44.18434,0.057484284
921,0.8760795,0.02,18440.0,0.0,0.10601431,0.20396908,92200.0,-49.196957,0.057476174
922,0.87609434,0.02,18460.0,0.0,0.10601682,0.20397034,92300.0,-44.562836,0.057462458
923,0.87609607,0.03,18480.0,0.1,0.106016,0.20397028,92400.0,-39.825745,0.05745193
924,0.8761018,0.06,18500.0,0.0,0.106020354,0.20396987,92500.0,-46.606853,0.057445914
925,0.87610245,0.03,18520.0,0.0,0.10601755,0.20397007,92600.0,-47.647804,0.057448197
926,0.8761094,0.0,18540.0,0.1,0.10601505,0.20396973,92700.0,-40.2758,0.05743717
927,0.87611103,0.03,18560.0,0.0,0.106022514,0.2039693,92800.0,-47.889935,0.05742833
928,0.8761099,0.06,18580.0,0.0,0.106023096,0.20396954,92900.0,-47.429703,0.057417374
929,0.87610847,0.04,18600.0,0.0,0.10603171,0.20396991,93000.0,-45.946404,0.05740521
930,0.8761086,0.04,18620.0,0.05,0.10603249,0.20396921,93100.0,-43.430706,0.05739417
931,0.87610596,0.02,18640.0,0.0,0.106029235,0.203972,93200.0,-44.23712,0.057388306
932,0.87610656,0.03,18660.0,0.0,0.10603251,0.20397052,93300.0,-46.05062,0.057388034
933,0.8761015,0.04,18680.0,0.0,0.106032886,0.20397379,93400.0,-45.914955,0.057381276
934,0.8761101,0.01,18700.0,0.0,0.10603271,0.20397213,93500.0,-46.478535,0.057374075
935,0.8761113,0.05,18720.0,0.0,0.10603184,0.20397235,93600.0,-46.74769,0.057365414
936,0.8761079,0.04,18740.0,0.0,0.10603105,0.20397049,93700.0,-45.438854,0.05736291
937,0.8761041,0.03,18760.0,0.05,0.10602301,0.20397213,93800.0,-45.201633,0.05735363
938,0.8760933,0.06,18780.0,0.05,0.10602418,0.20397365,93900.0,-46.322037,0.057358712
939,0.8761034,0.03,18800.0,0.0,0.106034316,0.20397352,94000.0,-46.313866,0.057349287
940,0.8761091,0.03,18820.0,0.05,0.10603025,0.20397459,94100.0,-42.357452,0.057341542
941,0.87611145,0.05,18840.0,0.05,0.10602876,0.20397596,94200.0,-45.043407,0.057336554
942,0.8761077,0.07,18860.0,0.0,0.10602716,0.20397596,94300.0,-47.76361,0.05733253
943,0.87611055,0.05,18880.0,0.05,0.10602224,0.20397538,94400.0,-47.230263,0.05733143
944,0.87611896,0.02,18900.0,0.05,0.10602364,0.20397629,94500.0,-45.132,0.05732249
945,0.8761142,0.04,18920.0,0.05,0.10601964,0.20397526,94600.0,-45.11573,0.057314977
946,0.87611026,0.05,18940.0,0.0,0.106015444,0.20397492,94700.0,-44.31462,0.057310343
947,0.8761113,0.03,18960.0,0.0,0.10600855,0.20397297,94800.0,-46.46093,0.057319112
948,0.8761074,0.04,18980.0,0.1,0.106012546,0.20397316,94900.0,-44.671436,0.0573213
949,0.8761177,0.04,19000.0,0.0,0.10601369,0.203974,95000.0,-46.73121,0.057319947
950,0.8761139,0.02,19020.0,0.0,0.10600916,0.20397072,95100.0,-45.01804,0.057314087
951,0.876105,0.08,19040.0,0.05,0.1060115,0.20396954,95200.0,-44.455475,0.0573074
952,0.8761065,0.05,19060.0,0.05,0.10601124,0.20396844,95300.0,-46.50382,0.057303596
953,0.87611485,0.02,19080.0,0.1,0.10601664,0.20396668,95400.0,-40.158283,0.05730097
954,0.8761098,0.02,19100.0,0.05,0.10601433,0.20396806,95500.0,-44.65058,0.057303328
955,0.8761061,0.02,19120.0,0.0,0.106015384,0.20396845,95600.0,-44.560528,0.05730814
956,0.87609243,0.02,19140.0,0.05,0.106010936,0.20396776,95700.0,-45.9251,0.05730472
957,0.87608665,0.01,19160.0,0.0,0.106011145,0.20396417,95800.0,-45.253693,0.057306133
958,0.876091,0.06,19180.0,0.1,0.10601097,0.20396549,95900.0,-40.34487,0.057318553
959,0.87609464,0.03,19200.0,0.05,0.10601628,0.20396669,96000.0,-45.074787,0.057331476
960,0.876097,0.04,19220.0,0.0,0.10601753,0.20396544,96100.0,-39.24438,0.057331968
961,0.876105,0.05,19240.0,0.0,0.106018305,0.20396475,96200.0,-48.09063,0.057326544
962,0.87610906,0.05,19260.0,0.0,0.1060163,0.20396177,96300.0,-46.121803,0.057324637
963,0.8761175,0.02,19280.0,0.1,0.10601614,0.2039612,96400.0,-38.008476,0.057316322
964,0.8761149,0.05,19300.0,0.1,0.106016755,0.20396224,96500.0,-43.43589,0.057311162
965,0.8761247,0.01,19320.0,0.05,0.10601666,0.20396301,96600.0,-40.256634,0.057302766
966,0.8761189,0.04,19340.0,0.1,0.10601238,0.2039624,96700.0,-41.03132,0.057294145
967,0.87612385,0.05,19360.0,0.0,0.10601246,0.20396157,96800.0,-44.084328,0.05728596
968,0.8761189,0.01,19380.0,0.1,0.10601246,0.20395926,96900.0,-41.759075,0.05727914
969,0.8761298,0.03,19400.0,0.0,0.10601681,0.20395969,97000.0,-46.543175,0.057277128
970,0.8761301,0.09,19420.0,0.0,0.10602436,0.20395935,97100.0,-44.471558,0.057268325
971,0.8761349,0.06,19440.0,0.0,0.10602025,0.20396028,97200.0,-39.85083,0.05726021
972,0.87612486,0.05,19460.0,0.05,0.10601386,0.20396224,97300.0,-43.38748,0.057253838
973,0.87611765,0.03,19480.0,0.0,0.10601302,0.20396245,97400.0,-48.83115,0.05724709
974,0.8761042,0.06,19500.0,0.0,0.10600734,0.20396294,97500.0,-44.885857,0.057242576
975,0.8761113,0.03,19520.0,0.05,0.10601006,0.20396207,97600.0,-42.247845,0.05723402
976,0.8761132,0.03,19540.0,0.05,0.10601523,0.2039647,97700.0,-42.615715,0.057227384
977,0.8761175,0.02,19560.0,0.0,0.106018305,0.2039669,97800.0,-43.847233,0.057220653
978,0.8761182,0.01,19580.0,0.0,0.1060132,0.20396723,97900.0,-45.792995,0.057212673
979,0.8761223,0.03,19600.0,0.05,0.106014974,0.20396782,98000.0,-43.61502,0.057204165
980,0.87612414,0.04,19620.0,0.05,0.106011115,0.20396799,98100.0,-41.4863,0.057201985
981,0.87612534,0.0,19640.0,0.0,0.10601163,0.20396711,98200.0,-47.241516,0.057196975
982,0.87613344,0.04,19660.0,0.05,0.10601264,0.20396878,98300.0,-43.53498,0.057191264
983,0.8761317,0.07,19680.0,0.0,0.106013514,0.20396824,98400.0,-44.479248,0.057182595
984,0.8761311,0.04,19700.0,0.15,0.10601363,0.20396875,98500.0,-37.682777,0.057181668
985,0.87612706,0.04,19720.0,0.0,0.10601318,0.20396838,98600.0,-46.713486,0.057171274
986,0.87612057,0.04,19740.0,0.0,0.10601294,0.20396811,98700.0,-44.563335,0.057166122
987,0.8761177,0.04,19760.0,0.1,0.10600694,0.20396812,98800.0,-42.14263,0.057156816
988,0.8761274,0.07,19780.0,0.0,0.10601157,0.20396851,98900.0,-46.212055,0.057156242
989,0.8761371,0.02,19800.0,0.05,0.10601438,0.2039684,99000.0,-44.126614,0.05715469
990,0.8761427,0.05,19820.0,0.0,0.106014885,0.20396769,99100.0,-44.288326,0.057151433
991,0.8761463,0.06,19840.0,0.0,0.10601691,0.20396593,99200.0,-46.53789,0.057145234
992,0.8761539,0.02,19860.0,0.0,0.10601774,0.20396644,99300.0,-46.633934,0.057147533
993,0.8761561,0.04,19880.0,0.0,0.106016375,0.2039668,99400.0,-46.395912,0.05714418
994,0.876158,0.05,19900.0,0.05,0.10601691,0.20396584,99500.0,-45.611156,0.05713792
995,0.876157,0.05,19920.0,0.05,0.10601481,0.2039658,99600.0,-40.712517,0.05712845
996,0.8761632,0.03,19940.0,0.0,0.10601733,0.2039653,99700.0,-42.763035,0.057119135
997,0.8761611,0.04,19960.0,0.0,0.10601439,0.2039647,99800.0,-46.80563,0.0571107
998,0.87615925,0.0,19980.0,0.0,0.106015086,0.20396501,99900.0,-45.419277,0.05710037
999,0.8761618,0.0,20000.0,0.0,0.10601703,0.20396559,100000.0,-46.526634,0.0570935
