train/success_rate,epoch,stats_g/mean,test/mean_Q,stats_o/std,stats_o/mean,stats_g/std,test/success_rate,test/episode,train/episode
0.0,0,0.8576068,-3.0327172,0.053618357,0.1786399,0.116477676,0.0,20.0,100.0
0.0,1,0.8563283,-5.0697317,0.05342433,0.17704578,0.11831828,0.0,40.0,200.0
0.01,2,0.8523858,-6.9837937,0.051435694,0.17854883,0.11935576,0.0,60.0,300.0
0.0,3,0.85096294,-9.0507145,0.051152065,0.1779509,0.11913777,0.0,80.0,400.0
0.02,4,0.8501981,-10.771412,0.055065632,0.17822292,0.11883924,0.0,100.0,500.0
0.0,5,0.85026073,-12.713057,0.05641946,0.17801239,0.11776254,0.0,120.0,600.0
0.01,6,0.84862536,-14.448107,0.056249376,0.17815313,0.117684044,0.0,140.0,700.0
0.0,7,0.8511737,-15.835999,0.05540664,0.17805392,0.11810503,0.0,160.0,800.0
0.0,8,0.85039395,-17.279165,0.05572857,0.17790388,0.11868235,0.0,180.0,900.0
0.0,9,0.84947795,-19.426023,0.055254098,0.17800105,0.11837264,0.0,200.0,1000.0
0.0,10,0.84905916,-20.685658,0.055842277,0.17769358,0.118128456,0.0,220.0,1100.0
0.0,11,0.8501167,-20.51962,0.05524588,0.17765991,0.118439704,0.05,240.0,1200.0
0.0,12,0.85006744,-23.476994,0.05505383,0.17763232,0.11852831,0.0,260.0,1300.0
0.0,13,0.84993654,-24.077385,0.05489886,0.17779972,0.11811934,0.0,280.0,1400.0
0.0,14,0.850437,-23.866907,0.05499915,0.17764458,0.11788859,0.0,300.0,1500.0
0.01,15,0.85014826,-26.598896,0.054713,0.17767048,0.117780805,0.0,320.0,1600.0
0.01,16,0.8503763,-27.284922,0.054880057,0.17762434,0.11810938,0.0,340.0,1700.0
0.01,17,0.8505473,-29.27532,0.05496832,0.177661,0.11779269,0.0,360.0,1800.0
0.0,18,0.8505516,-29.425503,0.05597998,0.17753771,0.11766106,0.0,380.0,1900.0
0.0,19,0.84982085,-30.369122,0.056647025,0.17735046,0.11764401,0.0,400.0,2000.0
0.01,20,0.85068154,-26.58735,0.05687665,0.17724428,0.117811166,0.0,420.0,2100.0
0.02,21,0.85085267,-33.018826,0.05746226,0.1772057,0.11736479,0.0,440.0,2200.0
0.0,22,0.8510525,-31.326843,0.05861366,0.17722636,0.11765993,0.0,460.0,2300.0
0.0,23,0.85008174,-29.924435,0.059960846,0.17722422,0.11770117,0.05,480.0,2400.0
0.0,24,0.8502657,-31.92271,0.060820177,0.17722423,0.11775138,0.0,500.0,2500.0
0.01,25,0.85031337,-32.48346,0.060822975,0.17717934,0.117596686,0.0,520.0,2600.0
0.0,26,0.8504598,-34.936436,0.061057854,0.17717206,0.11757865,0.0,540.0,2700.0
0.01,27,0.8506331,-32.992954,0.061101522,0.17712845,0.11757662,0.0,560.0,2800.0
0.01,28,0.85051155,-36.21987,0.061350927,0.1771163,0.11779648,0.0,580.0,2900.0
0.0,29,0.85036606,-35.849564,0.06172386,0.17720671,0.11795992,0.0,600.0,3000.0
0.01,30,0.8506033,-35.686104,0.062191237,0.17714266,0.11790723,0.0,620.0,3100.0
0.0,31,0.850303,-34.307636,0.06227829,0.17713055,0.11785833,0.0,640.0,3200.0
0.0,32,0.8503005,-36.802113,0.062434133,0.17707503,0.11778402,0.0,660.0,3300.0
0.0,33,0.8500964,-36.437523,0.06270721,0.1771529,0.117827326,0.0,680.0,3400.0
0.01,34,0.84976465,-36.88861,0.06297956,0.17712687,0.117900796,0.05,700.0,3500.0
0.0,35,0.84997207,-37.18334,0.06312749,0.17716698,0.11809852,0.0,720.0,3600.0
0.0,36,0.850276,-37.268196,0.06347785,0.17712021,0.11809999,0.0,740.0,3700.0
0.0,37,0.8502222,-39.115906,0.06367623,0.17720391,0.118147336,0.0,760.0,3800.0
0.01,38,0.8503063,-36.795246,0.063765556,0.1772736,0.11808946,0.0,780.0,3900.0
0.02,39,0.85007834,-38.89993,0.06393246,0.17722858,0.11810964,0.0,800.0,4000.0
0.0,40,0.8500951,-37.904396,0.06420397,0.17716987,0.118176915,0.0,820.0,4100.0
0.0,41,0.8501093,-40.487827,0.06430767,0.17715447,0.11812115,0.0,840.0,4200.0
0.0,42,0.85046345,-39.652813,0.06433182,0.17710936,0.11828852,0.0,860.0,4300.0
0.0,43,0.8503843,-39.669395,0.06449012,0.17711028,0.11828601,0.0,880.0,4400.0
0.0,44,0.8502508,-40.195183,0.06461722,0.17716375,0.118300855,0.0,900.0,4500.0
0.01,45,0.850365,-40.07628,0.06498358,0.17712738,0.118409574,0.0,920.0,4600.0
0.0,46,0.85032517,-40.577965,0.06490001,0.1771427,0.11844513,0.0,940.0,4700.0
0.02,47,0.8503935,-37.715374,0.064793065,0.17710271,0.118511,0.0,960.0,4800.0
0.0,48,0.8504887,-38.31238,0.064621255,0.1771937,0.118562736,0.0,980.0,4900.0
0.0,49,0.85077834,-40.136536,0.06460804,0.17722519,0.118501864,0.0,1000.0,5000.0
0.0,50,0.85086805,-40.555134,0.06449603,0.17724828,0.11852566,0.0,1020.0,5100.0
0.0,51,0.8510585,-40.375328,0.064549886,0.17721593,0.118680954,0.0,1040.0,5200.0
0.0,52,0.8509286,-40.942307,0.064552404,0.17720145,0.11887596,0.0,1060.0,5300.0
0.0,53,0.85124063,-39.11383,0.06445666,0.1771832,0.118905045,0.0,1080.0,5400.0
0.02,54,0.85117406,-41.212494,0.064408265,0.17725931,0.118959405,0.0,1100.0,5500.0
0.0,55,0.8513925,-42.122726,0.06449971,0.17720915,0.118898146,0.0,1120.0,5600.0
0.0,56,0.8515191,-42.35659,0.06444278,0.1771482,0.11886229,0.0,1140.0,5700.0
0.0,57,0.8515017,-43.593365,0.06435526,0.17713036,0.11889789,0.0,1160.0,5800.0
0.0,58,0.8514612,-39.44335,0.064339295,0.17711583,0.1189265,0.05,1180.0,5900.0
0.0,59,0.8513141,-39.374527,0.06437507,0.17710632,0.11886408,0.0,1200.0,6000.0
0.0,60,0.8516354,-39.49818,0.064304546,0.17706217,0.11889098,0.0,1220.0,6100.0
0.0,61,0.85171956,-41.454525,0.06436393,0.1770548,0.118869066,0.0,1240.0,6200.0
0.0,62,0.8517532,-41.62719,0.06437458,0.17704275,0.11881878,0.0,1260.0,6300.0
0.02,63,0.8517129,-39.456886,0.064563945,0.17700388,0.118849814,0.0,1280.0,6400.0
0.0,64,0.8520358,-34.120007,0.0646934,0.1769559,0.11888701,0.0,1300.0,6500.0
0.0,65,0.8521665,-34.044765,0.064735465,0.17692387,0.11893129,0.0,1320.0,6600.0
0.0,66,0.8522875,-39.032524,0.06479323,0.17693079,0.11896371,0.0,1340.0,6700.0
0.0,67,0.85223716,-39.363003,0.06492366,0.17694145,0.1189422,0.0,1360.0,6800.0
0.01,68,0.8523631,-37.853622,0.065169156,0.17689271,0.11891472,0.0,1380.0,6900.0
0.0,69,0.8524143,-41.069435,0.06528414,0.17690875,0.11887679,0.0,1400.0,7000.0
0.0,70,0.85214686,-39.46447,0.065408185,0.17691968,0.11892942,0.0,1420.0,7100.0
0.0,71,0.85225815,-41.459232,0.065432176,0.17691517,0.11894902,0.0,1440.0,7200.0
0.0,72,0.8523292,-40.798027,0.06549458,0.17693682,0.11891381,0.0,1460.0,7300.0
0.0,73,0.8521674,-39.7573,0.06556212,0.17695804,0.118904054,0.0,1480.0,7400.0
0.01,74,0.8521841,-40.848732,0.06567796,0.17697725,0.11889007,0.0,1500.0,7500.0
0.02,75,0.85199594,-40.49823,0.06580266,0.17697182,0.11887445,0.0,1520.0,7600.0
0.0,76,0.8521294,-37.214813,0.06580857,0.17698379,0.1188151,0.0,1540.0,7700.0
0.0,77,0.8520443,-39.48545,0.0658988,0.17697258,0.118799746,0.0,1560.0,7800.0
0.0,78,0.85217386,-37.5662,0.06593935,0.17697577,0.118761666,0.0,1580.0,7900.0
0.0,79,0.85213804,-38.25246,0.06595172,0.17702554,0.11877996,0.0,1600.0,8000.0
0.0,80,0.8521393,-41.706005,0.065955594,0.17705055,0.11879629,0.0,1620.0,8100.0
0.0,81,0.85222274,-41.39876,0.06596563,0.17705153,0.11883223,0.0,1640.0,8200.0
0.01,82,0.8522559,-40.66431,0.06591934,0.17708507,0.118890375,0.0,1660.0,8300.0
0.02,83,0.8521905,-40.504868,0.06594861,0.17713493,0.11889156,0.0,1680.0,8400.0
0.0,84,0.8521593,-39.718666,0.06607144,0.17716645,0.118911065,0.0,1700.0,8500.0
0.0,85,0.8521922,-39.16465,0.066162996,0.1771708,0.11895788,0.0,1720.0,8600.0
0.0,86,0.85231715,-40.54769,0.06624429,0.1771666,0.11894184,0.0,1740.0,8700.0
0.0,87,0.85233545,-38.842003,0.06645002,0.17716938,0.11897099,0.0,1760.0,8800.0
0.0,88,0.85228974,-38.583717,0.06662536,0.1771433,0.11895021,0.05,1780.0,8900.0
0.0,89,0.85237813,-42.812958,0.06656823,0.17713994,0.11892185,0.0,1800.0,9000.0
0.0,90,0.85250235,-41.238014,0.06654409,0.17714609,0.11885059,0.0,1820.0,9100.0
0.0,91,0.852386,-40.223644,0.06659443,0.17711052,0.118917026,0.0,1840.0,9200.0
0.0,92,0.8523354,-39.92381,0.0666645,0.17713219,0.118918985,0.0,1860.0,9300.0
0.0,93,0.8523934,-42.258633,0.06705186,0.17709363,0.11891705,0.0,1880.0,9400.0
0.02,94,0.85235596,-42.81321,0.06714572,0.17707893,0.11893252,0.0,1900.0,9500.0
0.01,95,0.8521998,-44.21412,0.06733778,0.1770341,0.1189023,0.0,1920.0,9600.0
0.01,96,0.85214514,-36.929016,0.06760678,0.17700584,0.11889291,0.0,1940.0,9700.0
0.0,97,0.85195225,-41.051357,0.067712486,0.17699516,0.11883565,0.0,1960.0,9800.0
0.01,98,0.85190433,-45.61071,0.06776929,0.17692217,0.11887268,0.0,1980.0,9900.0
0.0,99,0.8518993,-40.07142,0.06817553,0.1768553,0.11886307,0.05,2000.0,10000.0
0.0,100,0.85172147,-45.234734,0.068157695,0.17683889,0.11884465,0.0,2020.0,10100.0
0.01,101,0.851559,-42.24832,0.06826143,0.17680748,0.118867695,0.05,2040.0,10200.0
0.0,102,0.85151356,-43.745686,0.068432875,0.17680958,0.11889259,0.0,2060.0,10300.0
0.0,103,0.85156137,-40.849903,0.06860433,0.17679596,0.1188648,0.05,2080.0,10400.0
0.01,104,0.85149145,-42.07489,0.06874325,0.17677382,0.11888804,0.0,2100.0,10500.0
0.0,105,0.8514345,-45.32276,0.068841,0.17677233,0.11887153,0.0,2120.0,10600.0
0.03,106,0.8515398,-44.651985,0.06928496,0.17676477,0.11884984,0.0,2140.0,10700.0
0.01,107,0.8515195,-42.259426,0.06934612,0.17674805,0.11886695,0.0,2160.0,10800.0
0.0,108,0.85155004,-43.29232,0.06958244,0.1767405,0.1188379,0.0,2180.0,10900.0
0.0,109,0.8515524,-40.3555,0.06964237,0.17671122,0.11881856,0.0,2200.0,11000.0
0.0,110,0.851502,-43.965637,0.069784276,0.17668052,0.11878852,0.0,2220.0,11100.0
0.0,111,0.8515957,-44.684696,0.06996458,0.17671421,0.11873442,0.0,2240.0,11200.0
0.0,112,0.85151434,-40.216373,0.07016121,0.17672037,0.11878773,0.0,2260.0,11300.0
0.01,113,0.8515311,-43.207157,0.07012963,0.17671637,0.11883459,0.0,2280.0,11400.0
0.0,114,0.8515033,-40.65341,0.0701089,0.17674738,0.118854105,0.0,2300.0,11500.0
0.02,115,0.851486,-41.699184,0.07008475,0.17675525,0.118846215,0.0,2320.0,11600.0
0.0,116,0.8513892,-40.984425,0.07038791,0.17673716,0.118804306,0.05,2340.0,11700.0
0.0,117,0.8513995,-42.01335,0.07058072,0.17672844,0.118840486,0.0,2360.0,11800.0
0.01,118,0.85134333,-41.17387,0.070794865,0.17672968,0.1188434,0.0,2380.0,11900.0
0.0,119,0.8513727,-42.036358,0.070947886,0.17673111,0.11883706,0.0,2400.0,12000.0
0.0,120,0.8514018,-41.86981,0.0711082,0.17674932,0.11882093,0.0,2420.0,12100.0
0.0,121,0.85149664,-38.760536,0.07139167,0.17674147,0.11883321,0.05,2440.0,12200.0
0.0,122,0.8514566,-44.56458,0.07151976,0.17674975,0.11881212,0.0,2460.0,12300.0
0.0,123,0.85155815,-42.093243,0.07176309,0.17674671,0.1188122,0.0,2480.0,12400.0
0.01,124,0.8517041,-39.348595,0.07203855,0.17673154,0.118772395,0.0,2500.0,12500.0
0.01,125,0.85168654,-41.73597,0.07219574,0.17671533,0.11883193,0.0,2520.0,12600.0
0.0,126,0.8516727,-41.237972,0.07247296,0.17670344,0.11888084,0.0,2540.0,12700.0
0.01,127,0.8517151,-42.49472,0.07263975,0.1767339,0.11889052,0.0,2560.0,12800.0
0.0,128,0.8516729,-40.933983,0.07264782,0.17674476,0.11886102,0.05,2580.0,12900.0
0.01,129,0.8516131,-41.5441,0.07270286,0.17672245,0.11885769,0.05,2600.0,13000.0
0.0,130,0.85162646,-42.84831,0.07285524,0.17671986,0.118870646,0.0,2620.0,13100.0
0.0,131,0.8515962,-41.860687,0.07284251,0.17671101,0.11892351,0.0,2640.0,13200.0
0.02,132,0.85163087,-40.750084,0.0729541,0.17668386,0.11891826,0.0,2660.0,13300.0
0.0,133,0.8516374,-42.024982,0.072971135,0.17668381,0.11890193,0.0,2680.0,13400.0
0.0,134,0.85155296,-39.810204,0.07318801,0.17664774,0.1188997,0.0,2700.0,13500.0
0.03,135,0.8516138,-43.20503,0.07320936,0.17665899,0.118887804,0.0,2720.0,13600.0
0.0,136,0.85160476,-40.953575,0.073418766,0.17661303,0.11890008,0.0,2740.0,13700.0
0.0,137,0.85156435,-41.584007,0.07348701,0.17662114,0.11889263,0.0,2760.0,13800.0
0.0,138,0.8516312,-45.24555,0.0735021,0.17659798,0.11886563,0.0,2780.0,13900.0
0.02,139,0.8515813,-38.54942,0.07352161,0.17657956,0.11882337,0.0,2800.0,14000.0
0.0,140,0.8516834,-41.323845,0.0735301,0.17655773,0.11881707,0.0,2820.0,14100.0
0.02,141,0.8516281,-39.857525,0.07348433,0.1765525,0.11880509,0.0,2840.0,14200.0
0.0,142,0.8515424,-43.29708,0.07364341,0.17652237,0.11881789,0.0,2860.0,14300.0
0.01,143,0.8515012,-43.758587,0.073729135,0.1765287,0.11879071,0.0,2880.0,14400.0
0.0,144,0.85149914,-38.97866,0.07380395,0.17652653,0.11876742,0.05,2900.0,14500.0
0.0,145,0.8514867,-40.15429,0.073868096,0.17650385,0.11877453,0.0,2920.0,14600.0
0.01,146,0.8514724,-39.6165,0.07386926,0.17649125,0.118785314,0.0,2940.0,14700.0
0.01,147,0.8515031,-42.023743,0.073915504,0.17650282,0.1187822,0.0,2960.0,14800.0
0.01,148,0.8515256,-43.170403,0.07389446,0.17650169,0.11879548,0.0,2980.0,14900.0
0.0,149,0.8515384,-40.39876,0.073878415,0.17652538,0.11875931,0.0,3000.0,15000.0
0.01,150,0.851618,-39.429985,0.07384201,0.17654222,0.118736625,0.05,3020.0,15100.0
0.0,151,0.85158086,-44.93741,0.07377781,0.17655326,0.118773185,0.0,3040.0,15200.0
0.01,152,0.85154563,-43.860855,0.07375635,0.17654055,0.11876106,0.0,3060.0,15300.0
0.0,153,0.8515322,-39.13684,0.07375164,0.17654291,0.11874453,0.0,3080.0,15400.0
0.0,154,0.85155815,-43.662178,0.07374626,0.17653392,0.118758135,0.0,3100.0,15500.0
0.0,155,0.8516235,-42.57752,0.073644914,0.176553,0.118735224,0.0,3120.0,15600.0
0.0,156,0.85161346,-43.24868,0.07360161,0.17658879,0.11871562,0.0,3140.0,15700.0
0.0,157,0.85151654,-43.99522,0.07361863,0.17657961,0.11869955,0.0,3160.0,15800.0
0.0,158,0.85153127,-39.776623,0.07358533,0.17656673,0.11867701,0.0,3180.0,15900.0
0.01,159,0.85164064,-43.339943,0.0736064,0.17655708,0.11866081,0.0,3200.0,16000.0
0.01,160,0.85163826,-43.673004,0.0735888,0.17656757,0.11866731,0.0,3220.0,16100.0
0.01,161,0.8516963,-44.930473,0.07354862,0.17655702,0.11869817,0.0,3240.0,16200.0
0.01,162,0.8517375,-44.51239,0.07357414,0.17657383,0.11867776,0.05,3260.0,16300.0
0.0,163,0.85173804,-43.27314,0.07361293,0.17656559,0.11865226,0.0,3280.0,16400.0
0.01,164,0.85179067,-45.628403,0.073708385,0.1765263,0.118675254,0.0,3300.0,16500.0
0.01,165,0.85179377,-44.84864,0.07374844,0.17653097,0.11865399,0.0,3320.0,16600.0
0.0,166,0.8517763,-45.793083,0.07374722,0.17651571,0.11866647,0.0,3340.0,16700.0
0.0,167,0.8517885,-46.37348,0.073838465,0.17652513,0.11864922,0.0,3360.0,16800.0
0.0,168,0.8517618,-44.61666,0.07377962,0.17655037,0.1186335,0.0,3380.0,16900.0
0.0,169,0.851789,-44.650433,0.0737492,0.1765412,0.118650496,0.0,3400.0,17000.0
0.0,170,0.8518135,-44.70742,0.07367527,0.17655726,0.1186476,0.0,3420.0,17100.0
0.01,171,0.8518309,-46.51069,0.07372748,0.1765904,0.118682764,0.0,3440.0,17200.0
0.0,172,0.85186595,-45.814983,0.07369229,0.17657967,0.11869957,0.0,3460.0,17300.0
0.01,173,0.85193425,-44.619728,0.07361936,0.17659064,0.11867195,0.0,3480.0,17400.0
0.0,174,0.85195714,-44.51704,0.073567346,0.17659752,0.11866144,0.0,3500.0,17500.0
0.01,175,0.8520525,-46.68334,0.07358259,0.17659773,0.1186758,0.0,3520.0,17600.0
0.0,176,0.85203934,-43.49987,0.07356219,0.17660598,0.118656754,0.0,3540.0,17700.0
0.0,177,0.8519931,-43.82145,0.07353729,0.17659806,0.11863917,0.0,3560.0,17800.0
0.0,178,0.8520069,-47.70156,0.07346871,0.1765998,0.118644476,0.0,3580.0,17900.0
0.01,179,0.85200435,-45.262787,0.07340995,0.17659977,0.11860734,0.0,3600.0,18000.0
0.0,180,0.8519879,-46.341324,0.07332401,0.17660604,0.11860561,0.0,3620.0,18100.0
0.03,181,0.8520744,-46.25585,0.073262975,0.17659461,0.11859623,0.0,3640.0,18200.0
0.0,182,0.8520279,-45.342873,0.07324066,0.17662278,0.11859108,0.0,3660.0,18300.0
0.01,183,0.85200804,-47.362335,0.07318554,0.17662139,0.11858494,0.0,3680.0,18400.0
0.01,184,0.8519561,-47.769356,0.07321527,0.17663357,0.118605606,0.0,3700.0,18500.0
0.01,185,0.8519414,-44.16632,0.07314283,0.1766407,0.11858818,0.0,3720.0,18600.0
0.02,186,0.8519802,-40.556976,0.07307326,0.17665659,0.11864076,0.0,3740.0,18700.0
0.0,187,0.85193443,-48.924427,0.073034175,0.17667785,0.11864855,0.0,3760.0,18800.0
0.0,188,0.8519996,-45.336266,0.07306184,0.17670651,0.118609406,0.0,3780.0,18900.0
0.02,189,0.85199565,-46.27665,0.073018916,0.17671794,0.11860553,0.05,3800.0,19000.0
0.0,190,0.852016,-46.758575,0.07300853,0.1767023,0.118593335,0.0,3820.0,19100.0
0.02,191,0.8520482,-46.306232,0.072994135,0.1767064,0.118620604,0.0,3840.0,19200.0
0.01,192,0.8520376,-47.237465,0.07293041,0.17670366,0.1186254,0.0,3860.0,19300.0
0.01,193,0.8520122,-43.38131,0.07285847,0.17670786,0.1186199,0.0,3880.0,19400.0
0.01,194,0.852007,-46.062195,0.07284495,0.17672881,0.11858628,0.0,3900.0,19500.0
0.0,195,0.8519954,-46.359604,0.072802156,0.17672539,0.11859464,0.0,3920.0,19600.0
0.01,196,0.8519585,-45.956093,0.07274637,0.17672518,0.11861769,0.0,3940.0,19700.0
0.0,197,0.8519099,-46.56732,0.07273379,0.17674012,0.118652545,0.0,3960.0,19800.0
0.0,198,0.8518961,-44.16717,0.07269944,0.17676866,0.11861328,0.0,3980.0,19900.0
0.0,199,0.8518438,-42.56131,0.07265397,0.17678419,0.11861169,0.0,4000.0,20000.0
0.0,200,0.8518731,-45.85526,0.07263002,0.17678615,0.118608385,0.0,4020.0,20100.0
0.0,201,0.8518219,-46.974003,0.07266439,0.17680323,0.118573256,0.0,4040.0,20200.0
0.02,202,0.851821,-45.94308,0.0726687,0.17681438,0.11856043,0.0,4060.0,20300.0
0.01,203,0.85174584,-46.29953,0.07265233,0.17682987,0.1185832,0.0,4080.0,20400.0
0.0,204,0.85171086,-47.179497,0.072665766,0.17684588,0.118597955,0.0,4100.0,20500.0
0.01,205,0.85167766,-44.508213,0.07268321,0.17685065,0.118595116,0.0,4120.0,20600.0
0.01,206,0.8516317,-41.442116,0.07264437,0.17685306,0.1186117,0.0,4140.0,20700.0
0.01,207,0.85161036,-43.359047,0.07263901,0.1768487,0.11860148,0.0,4160.0,20800.0
0.0,208,0.8515691,-46.205902,0.072652526,0.17684832,0.118596606,0.0,4180.0,20900.0
0.01,209,0.8516223,-45.596886,0.072658926,0.17683579,0.118584424,0.0,4200.0,21000.0
0.0,210,0.851628,-44.591854,0.07268705,0.17683314,0.118596934,0.0,4220.0,21100.0
0.01,211,0.85162,-43.930775,0.07264372,0.17684466,0.118592344,0.0,4240.0,21200.0
0.0,212,0.85157865,-44.410847,0.0727052,0.1768433,0.118592136,0.0,4260.0,21300.0
0.01,213,0.8515718,-47.67518,0.072650574,0.1768587,0.11858945,0.0,4280.0,21400.0
0.0,214,0.85160065,-46.77497,0.07263508,0.17687707,0.118628055,0.0,4300.0,21500.0
0.0,215,0.851605,-46.066998,0.07262805,0.17687939,0.118628405,0.0,4320.0,21600.0
0.02,216,0.85159534,-46.618103,0.07268224,0.17690235,0.118624866,0.05,4340.0,21700.0
0.02,217,0.85166854,-46.195168,0.0726882,0.17690834,0.118625976,0.0,4360.0,21800.0
0.02,218,0.85165167,-46.37905,0.07267583,0.17692596,0.11861048,0.0,4380.0,21900.0
0.02,219,0.8516724,-45.31897,0.072664574,0.176928,0.118621856,0.0,4400.0,22000.0
0.02,220,0.8517131,-46.84991,0.072702944,0.17693187,0.11864245,0.0,4420.0,22100.0
0.01,221,0.8516523,-45.370598,0.072726585,0.1769378,0.11862416,0.0,4440.0,22200.0
0.0,222,0.851644,-44.71881,0.0727712,0.17693947,0.118623696,0.0,4460.0,22300.0
0.02,223,0.85168976,-46.810387,0.07283202,0.17694664,0.11867031,0.0,4480.0,22400.0
0.01,224,0.85179496,-43.79631,0.07282753,0.17694029,0.11865152,0.0,4500.0,22500.0
0.0,225,0.8518148,-44.935246,0.07279048,0.17694768,0.11864332,0.05,4520.0,22600.0
0.01,226,0.8518658,-40.36448,0.07280349,0.1769529,0.118668325,0.05,4540.0,22700.0
0.01,227,0.8519476,-40.37665,0.07282091,0.17695719,0.11868926,0.0,4560.0,22800.0
0.01,228,0.85194135,-43.565437,0.072822735,0.1769794,0.11871392,0.05,4580.0,22900.0
0.01,229,0.8519339,-46.481327,0.072806746,0.17699137,0.11871835,0.0,4600.0,23000.0
0.01,230,0.8519551,-41.491188,0.07285367,0.17698336,0.11869055,0.05,4620.0,23100.0
0.0,231,0.85199636,-42.51857,0.072854966,0.17698722,0.118679084,0.0,4640.0,23200.0
0.01,232,0.85200685,-45.27022,0.072844364,0.1769901,0.11869667,0.0,4660.0,23300.0
0.01,233,0.8519586,-40.697853,0.07296401,0.17698704,0.11869212,0.0,4680.0,23400.0
0.01,234,0.8519767,-41.4991,0.07303184,0.17699754,0.11869051,0.0,4700.0,23500.0
0.0,235,0.85190344,-43.60133,0.07312103,0.17700501,0.11867484,0.0,4720.0,23600.0
0.01,236,0.85194,-45.03986,0.073202215,0.17700082,0.118672825,0.0,4740.0,23700.0
0.0,237,0.8519376,-40.651146,0.07326821,0.17700134,0.1186664,0.1,4760.0,23800.0
0.0,238,0.85194165,-42.454876,0.07333021,0.17699699,0.11868771,0.0,4780.0,23900.0
0.01,239,0.8519523,-43.802,0.07335279,0.17699078,0.11870361,0.0,4800.0,24000.0
0.0,240,0.8518727,-43.122738,0.073402956,0.17697844,0.11871871,0.0,4820.0,24100.0
0.02,241,0.85185987,-42.735527,0.07346852,0.17699932,0.118705936,0.0,4840.0,24200.0
0.02,242,0.8518603,-40.710903,0.073534615,0.17700325,0.1187085,0.0,4860.0,24300.0
0.02,243,0.8518724,-44.260277,0.07366272,0.1770098,0.1186918,0.0,4880.0,24400.0
0.01,244,0.85186154,-39.88241,0.07367649,0.17701702,0.11866823,0.05,4900.0,24500.0
0.01,245,0.85191494,-42.898563,0.07384171,0.17701134,0.11865091,0.0,4920.0,24600.0
0.01,246,0.85193187,-45.31439,0.0738684,0.17702158,0.118647374,0.0,4940.0,24700.0
0.0,247,0.85189635,-41.489983,0.07387031,0.17702205,0.118662,0.05,4960.0,24800.0
0.0,248,0.8518534,-42.32923,0.07388224,0.17702994,0.11866691,0.0,4980.0,24900.0
0.0,249,0.8518732,-39.162636,0.073961586,0.17702705,0.118674584,0.05,5000.0,25000.0
0.0,250,0.85187316,-41.936676,0.07398322,0.17703813,0.11866137,0.0,5020.0,25100.0
0.0,251,0.85188764,-44.465282,0.07400597,0.17704132,0.118650615,0.0,5040.0,25200.0
0.0,252,0.8518768,-43.08929,0.07404483,0.17703876,0.11864289,0.0,5060.0,25300.0
0.0,253,0.85191107,-39.959137,0.07406988,0.17705508,0.11866035,0.0,5080.0,25400.0
0.01,254,0.8519101,-39.193672,0.07411619,0.17705442,0.118651755,0.0,5100.0,25500.0
0.02,255,0.85186887,-44.541405,0.07413568,0.17704812,0.11862562,0.0,5120.0,25600.0
0.0,256,0.8518618,-41.909443,0.0741556,0.17704925,0.11860755,0.0,5140.0,25700.0
0.02,257,0.8518711,-43.650566,0.07420581,0.17704812,0.11859905,0.0,5160.0,25800.0
0.01,258,0.85184693,-43.168846,0.07423664,0.17704193,0.11860482,0.0,5180.0,25900.0
0.0,259,0.8518636,-43.01394,0.07425554,0.17703779,0.11860275,0.0,5200.0,26000.0
0.0,260,0.8517904,-42.82754,0.074256614,0.17702952,0.1186166,0.0,5220.0,26100.0
0.0,261,0.8518577,-41.843235,0.07430279,0.17701058,0.11862993,0.0,5240.0,26200.0
0.04,262,0.85182,-40.208416,0.07427496,0.17701665,0.11860708,0.0,5260.0,26300.0
0.0,263,0.8518214,-46.44859,0.074265935,0.177027,0.11861544,0.0,5280.0,26400.0
0.02,264,0.85186917,-43.33411,0.07429068,0.17702655,0.11862842,0.0,5300.0,26500.0
0.0,265,0.8518781,-44.576767,0.07428627,0.17701706,0.118606426,0.0,5320.0,26600.0
0.0,266,0.8518502,-44.153027,0.07425168,0.17700987,0.11856973,0.0,5340.0,26700.0
0.01,267,0.85182667,-39.113968,0.074257225,0.17699397,0.11856872,0.05,5360.0,26800.0
0.02,268,0.85181826,-45.141426,0.07427488,0.17700213,0.118581444,0.0,5380.0,26900.0
0.01,269,0.851783,-44.081715,0.07430452,0.1769847,0.1185733,0.0,5400.0,27000.0
0.0,270,0.85171103,-44.89734,0.074312575,0.17696348,0.11858234,0.0,5420.0,27100.0
0.0,271,0.85171646,-42.186317,0.07431202,0.17695597,0.11858491,0.05,5440.0,27200.0
0.01,272,0.8517094,-42.83497,0.074277036,0.17695214,0.11859272,0.0,5460.0,27300.0
0.01,273,0.8517041,-44.23817,0.074301146,0.17693268,0.11857629,0.0,5480.0,27400.0
0.01,274,0.85171384,-41.239388,0.07432438,0.17692548,0.1185823,0.0,5500.0,27500.0
0.0,275,0.8517501,-47.39833,0.07431309,0.17692257,0.118596494,0.0,5520.0,27600.0
0.0,276,0.8517239,-44.68033,0.074358925,0.17691147,0.1185837,0.0,5540.0,27700.0
0.0,277,0.85170704,-43.671253,0.07437138,0.17690133,0.11859661,0.05,5560.0,27800.0
0.01,278,0.85167557,-44.790314,0.074374504,0.17688127,0.11858239,0.0,5580.0,27900.0
0.03,279,0.8516695,-42.561832,0.07435701,0.1768582,0.11858515,0.0,5600.0,28000.0
0.01,280,0.85165405,-46.69388,0.074375756,0.17687021,0.11857077,0.0,5620.0,28100.0
0.01,281,0.85160893,-43.71813,0.074357554,0.17686947,0.11857631,0.0,5640.0,28200.0
0.01,282,0.85160667,-45.91504,0.07439813,0.17686912,0.11857287,0.0,5660.0,28300.0
0.0,283,0.8515752,-43.753376,0.07439545,0.17686762,0.11857182,0.0,5680.0,28400.0
0.0,284,0.8515709,-46.14386,0.07445133,0.1768613,0.11857406,0.0,5700.0,28500.0
0.01,285,0.851548,-44.135338,0.07446201,0.1768671,0.11857166,0.0,5720.0,28600.0
0.01,286,0.8515423,-43.444496,0.07444917,0.17687343,0.11858282,0.0,5740.0,28700.0
0.03,287,0.8515174,-44.78225,0.07446142,0.17687172,0.118590154,0.0,5760.0,28800.0
0.01,288,0.851546,-46.66279,0.07444772,0.17687328,0.11859542,0.0,5780.0,28900.0
0.02,289,0.851553,-45.34011,0.07447078,0.17687017,0.11862657,0.0,5800.0,29000.0
0.01,290,0.851556,-46.81656,0.07446973,0.1768752,0.11862711,0.0,5820.0,29100.0
0.0,291,0.85160136,-46.513832,0.07448044,0.17687984,0.11861455,0.0,5840.0,29200.0
0.01,292,0.8516342,-47.167107,0.07448221,0.17688444,0.118606605,0.0,5860.0,29300.0
0.02,293,0.85162634,-46.114876,0.074506864,0.17689663,0.11861951,0.0,5880.0,29400.0
0.02,294,0.85164213,-45.61341,0.07453244,0.1769021,0.118598096,0.0,5900.0,29500.0
0.03,295,0.85165596,-45.101402,0.07454299,0.17691217,0.11858535,0.05,5920.0,29600.0
0.01,296,0.8516578,-44.958374,0.0745922,0.17693016,0.11859398,0.05,5940.0,29700.0
0.01,297,0.8516495,-44.263435,0.07462249,0.17694958,0.11861656,0.0,5960.0,29800.0
0.01,298,0.85169244,-45.02378,0.074698,0.17696732,0.11862352,0.0,5980.0,29900.0
0.01,299,0.8516672,-43.897808,0.074750215,0.17697893,0.11860455,0.0,6000.0,30000.0
0.02,300,0.8516303,-45.712784,0.07476915,0.1769955,0.118611,0.0,6020.0,30100.0
0.03,301,0.85164505,-43.90293,0.07480963,0.17700377,0.11863085,0.0,6040.0,30200.0
0.02,302,0.8516589,-43.083046,0.07482234,0.17702259,0.11863654,0.0,6060.0,30300.0
0.02,303,0.8516357,-44.116894,0.07484427,0.17702562,0.118629016,0.0,6080.0,30400.0
0.04,304,0.8516326,-45.85891,0.07486435,0.17704134,0.11861668,0.0,6100.0,30500.0
0.02,305,0.8516671,-42.77057,0.07489359,0.17706366,0.11861396,0.05,6120.0,30600.0
0.02,306,0.8516473,-45.147423,0.07494142,0.17707518,0.11863637,0.0,6140.0,30700.0
0.0,307,0.8516559,-38.59209,0.07499599,0.17708899,0.11864523,0.0,6160.0,30800.0
0.01,308,0.8516241,-45.970177,0.07498052,0.1771082,0.118652225,0.0,6180.0,30900.0
0.03,309,0.8516181,-42.940536,0.074988365,0.17713949,0.11864627,0.0,6200.0,31000.0
0.02,310,0.8515981,-43.350033,0.07498024,0.17715286,0.11866293,0.0,6220.0,31100.0
0.03,311,0.8515975,-40.235996,0.07502451,0.17716755,0.118663274,0.05,6240.0,31200.0
0.02,312,0.85157174,-41.1504,0.07504802,0.17718327,0.11865154,0.05,6260.0,31300.0
0.02,313,0.8515648,-44.218422,0.07505585,0.17719556,0.118662715,0.0,6280.0,31400.0
0.01,314,0.85157084,-39.06185,0.07509053,0.17720671,0.11865294,0.05,6300.0,31500.0
0.02,315,0.85158724,-41.848938,0.07508955,0.17723003,0.11865175,0.0,6320.0,31600.0
0.0,316,0.8516085,-39.694206,0.07511402,0.17725289,0.11866281,0.05,6340.0,31700.0
0.0,317,0.85163456,-40.822144,0.075113505,0.17727982,0.11867628,0.0,6360.0,31800.0
0.0,318,0.851618,-35.25777,0.07512834,0.17730434,0.11870118,0.0,6380.0,31900.0
0.03,319,0.8516008,-37.71341,0.07514038,0.17731042,0.118676625,0.05,6400.0,32000.0
0.01,320,0.85157305,-40.46459,0.07514774,0.17732765,0.1186826,0.0,6420.0,32100.0
0.01,321,0.8515617,-38.93678,0.075146206,0.1773313,0.11867469,0.05,6440.0,32200.0
0.02,322,0.85152745,-40.010365,0.075144164,0.17733262,0.11867275,0.0,6460.0,32300.0
0.0,323,0.8515001,-41.482506,0.07514099,0.17733607,0.11867976,0.0,6480.0,32400.0
0.01,324,0.85151845,-42.082104,0.075115554,0.1773439,0.11868334,0.0,6500.0,32500.0
0.01,325,0.8515343,-41.5004,0.07509944,0.17735562,0.11867251,0.0,6520.0,32600.0
0.0,326,0.85149366,-40.630695,0.075174496,0.17736053,0.11866552,0.0,6540.0,32700.0
0.01,327,0.85149217,-40.95313,0.075255975,0.17736433,0.11866943,0.0,6560.0,32800.0
0.01,328,0.85148793,-40.644867,0.07527388,0.17737299,0.11866003,0.0,6580.0,32900.0
0.02,329,0.8514913,-42.03556,0.07528483,0.1773794,0.118639804,0.0,6600.0,33000.0
0.01,330,0.8514784,-40.41269,0.07532822,0.17738208,0.11862052,0.0,6620.0,33100.0
0.03,331,0.8515025,-41.708866,0.07531466,0.1773897,0.11863168,0.0,6640.0,33200.0
0.0,332,0.8514962,-43.947014,0.075348645,0.17740296,0.11864248,0.0,6660.0,33300.0
0.01,333,0.85152894,-42.335186,0.07538738,0.17741233,0.1186462,0.05,6680.0,33400.0
0.02,334,0.8515303,-42.282936,0.07538203,0.17742018,0.11865061,0.0,6700.0,33500.0
0.0,335,0.8515582,-43.576103,0.075398214,0.17742717,0.118655555,0.0,6720.0,33600.0
0.01,336,0.8515466,-37.106358,0.07538047,0.17744045,0.11866555,0.05,6740.0,33700.0
0.0,337,0.85152555,-42.359566,0.0753802,0.17745963,0.118691765,0.05,6760.0,33800.0
0.02,338,0.85152626,-42.308266,0.07544426,0.17747055,0.11870182,0.05,6780.0,33900.0
0.0,339,0.8515584,-42.463524,0.07544282,0.17749092,0.118703574,0.0,6800.0,34000.0
0.03,340,0.851522,-41.01999,0.0754557,0.17749162,0.118718326,0.1,6820.0,34100.0
0.0,341,0.85149264,-42.508324,0.07545987,0.17750855,0.11869546,0.0,6840.0,34200.0
0.0,342,0.851518,-43.146545,0.07552165,0.17751624,0.1187008,0.0,6860.0,34300.0
0.0,343,0.85150623,-40.05613,0.07553162,0.17754063,0.11868953,0.05,6880.0,34400.0
0.0,344,0.8514797,-42.304684,0.075549394,0.17755361,0.1186831,0.0,6900.0,34500.0
0.01,345,0.85149026,-41.74563,0.0756274,0.17755713,0.11866752,0.05,6920.0,34600.0
0.0,346,0.8515454,-40.51779,0.07572164,0.17757449,0.11869013,0.0,6940.0,34700.0
0.02,347,0.8515385,-42.177055,0.075770356,0.17758846,0.118698396,0.0,6960.0,34800.0
0.01,348,0.85150796,-39.703342,0.075804204,0.17760658,0.11869647,0.05,6980.0,34900.0
0.01,349,0.8514969,-40.537327,0.0758495,0.1776305,0.11869796,0.0,7000.0,35000.0
0.01,350,0.8515272,-42.86233,0.075898215,0.17765306,0.11869619,0.0,7020.0,35100.0
0.0,351,0.85154194,-43.688732,0.075941496,0.17766623,0.11868721,0.0,7040.0,35200.0
0.01,352,0.85151196,-41.623455,0.07598635,0.17767341,0.11870929,0.0,7060.0,35300.0
0.02,353,0.8514989,-41.124496,0.07601111,0.1776779,0.11871042,0.0,7080.0,35400.0
0.0,354,0.85148174,-40.357376,0.076063536,0.17767847,0.11872693,0.0,7100.0,35500.0
0.02,355,0.85149795,-38.032295,0.07616138,0.17767987,0.118729234,0.0,7120.0,35600.0
0.0,356,0.8514929,-35.708855,0.07622897,0.17768034,0.11872196,0.0,7140.0,35700.0
0.02,357,0.85148853,-41.614323,0.07627146,0.17768262,0.118730985,0.0,7160.0,35800.0
0.01,358,0.85149163,-43.741325,0.07631162,0.17768848,0.1187309,0.0,7180.0,35900.0
0.0,359,0.8514902,-43.399223,0.07635426,0.17769378,0.11873575,0.0,7200.0,36000.0
0.0,360,0.8514488,-39.02527,0.076395474,0.17769378,0.11872276,0.0,7220.0,36100.0
0.0,361,0.85148096,-39.390232,0.07644919,0.17770495,0.11872426,0.0,7240.0,36200.0
0.02,362,0.8514507,-43.72976,0.076507896,0.17771158,0.11871157,0.0,7260.0,36300.0
0.0,363,0.8514912,-40.040222,0.07657677,0.17770994,0.118701994,0.1,7280.0,36400.0
0.03,364,0.8514938,-43.01028,0.07657698,0.17769977,0.11869377,0.0,7300.0,36500.0
0.02,365,0.85148716,-41.75831,0.07658847,0.17769809,0.11869866,0.0,7320.0,36600.0
0.0,366,0.85148096,-41.84197,0.07663142,0.17770024,0.118696354,0.05,7340.0,36700.0
0.02,367,0.8514635,-45.899986,0.07667086,0.17769916,0.1187009,0.0,7360.0,36800.0
0.01,368,0.8514612,-38.36423,0.07669423,0.17770262,0.118696906,0.05,7380.0,36900.0
0.03,369,0.8514752,-39.477062,0.07672627,0.17769666,0.11870426,0.0,7400.0,37000.0
0.03,370,0.85149664,-41.49898,0.07675936,0.17770353,0.11870185,0.0,7420.0,37100.0
0.0,371,0.8514909,-36.341484,0.076778315,0.17770216,0.118671335,0.05,7440.0,37200.0
0.01,372,0.8514936,-40.478504,0.07678586,0.17769884,0.11869216,0.05,7460.0,37300.0
0.02,373,0.85151964,-42.99106,0.07681283,0.17768872,0.118690215,0.0,7480.0,37400.0
0.0,374,0.8515281,-42.306877,0.07681396,0.17768508,0.11869747,0.0,7500.0,37500.0
0.03,375,0.8515127,-40.323616,0.076854296,0.1776846,0.11870382,0.0,7520.0,37600.0
0.03,376,0.85149115,-40.08946,0.076892115,0.17767052,0.11870185,0.05,7540.0,37700.0
0.01,377,0.85143775,-42.281754,0.076969385,0.17765608,0.11871338,0.0,7560.0,37800.0
0.0,378,0.8514748,-39.055046,0.07698666,0.1776596,0.118703395,0.05,7580.0,37900.0
0.03,379,0.8514727,-40.440624,0.07704175,0.17765749,0.11871681,0.0,7600.0,38000.0
0.0,380,0.85141563,-40.499977,0.07715541,0.17765127,0.11871654,0.0,7620.0,38100.0
0.02,381,0.851391,-39.048126,0.07721748,0.1776488,0.11871966,0.05,7640.0,38200.0
0.01,382,0.85135335,-42.270023,0.077259295,0.17765541,0.11868888,0.0,7660.0,38300.0
0.02,383,0.8513577,-43.263752,0.077263966,0.17765936,0.118675806,0.05,7680.0,38400.0
0.01,384,0.8513577,-42.491615,0.07732262,0.17765358,0.11866739,0.0,7700.0,38500.0
0.01,385,0.8513681,-40.243034,0.07734923,0.17766038,0.11867851,0.0,7720.0,38600.0
0.01,386,0.85135525,-43.54787,0.07736576,0.1776529,0.11867368,0.0,7740.0,38700.0
0.0,387,0.85135454,-41.705887,0.07735334,0.1776467,0.11869154,0.0,7760.0,38800.0
0.02,388,0.85132366,-42.85277,0.0773807,0.17764331,0.11869007,0.0,7780.0,38900.0
0.0,389,0.8512922,-42.7754,0.07738186,0.17763722,0.118679166,0.0,7800.0,39000.0
0.01,390,0.8513131,-43.425766,0.07737587,0.17763989,0.11869222,0.0,7820.0,39100.0
0.01,391,0.8513519,-42.793938,0.07737822,0.17763785,0.1186811,0.0,7840.0,39200.0
0.01,392,0.8513635,-42.797543,0.07739154,0.17762765,0.118681274,0.0,7860.0,39300.0
0.02,393,0.85135746,-39.68525,0.0774149,0.17762306,0.11866345,0.0,7880.0,39400.0
0.03,394,0.8513751,-44.119118,0.077462494,0.17761979,0.1186643,0.0,7900.0,39500.0
0.02,395,0.8513954,-44.600727,0.07743762,0.17762674,0.118659504,0.0,7920.0,39600.0
0.03,396,0.8513889,-43.07643,0.07744786,0.17762654,0.11865058,0.05,7940.0,39700.0
0.03,397,0.8513577,-44.98358,0.077475116,0.17764309,0.118637405,0.0,7960.0,39800.0
0.01,398,0.85135204,-43.046417,0.07744962,0.17764908,0.11863465,0.0,7980.0,39900.0
0.0,399,0.8513405,-44.68447,0.077429906,0.177656,0.11863297,0.0,8000.0,40000.0
0.03,400,0.8513346,-41.099686,0.07741484,0.17766134,0.11863459,0.0,8020.0,40100.0
0.02,401,0.8513424,-42.464222,0.0774029,0.17766283,0.11864036,0.0,8040.0,40200.0
0.02,402,0.851325,-43.030285,0.07738494,0.17766623,0.11863055,0.0,8060.0,40300.0
0.03,403,0.85130876,-39.65973,0.07737441,0.17766716,0.1186376,0.0,8080.0,40400.0
0.02,404,0.8513508,-44.405766,0.077383086,0.17766787,0.118660845,0.0,8100.0,40500.0
0.0,405,0.8513438,-45.754646,0.077367455,0.17766932,0.11868479,0.0,8120.0,40600.0
0.0,406,0.8512834,-41.310047,0.077364326,0.17766485,0.11870012,0.0,8140.0,40700.0
0.02,407,0.85129666,-40.453968,0.07737075,0.1776618,0.11870992,0.0,8160.0,40800.0
0.0,408,0.8513058,-42.048195,0.07739732,0.17766537,0.11872334,0.0,8180.0,40900.0
0.02,409,0.8513101,-41.336617,0.07739175,0.17767642,0.11873311,0.0,8200.0,41000.0
0.01,410,0.8513379,-39.12797,0.077379264,0.17767899,0.1187528,0.0,8220.0,41100.0
0.03,411,0.85134053,-43.620262,0.07741508,0.1776837,0.11877047,0.05,8240.0,41200.0
0.05,412,0.85133415,-43.136715,0.077457234,0.17768799,0.118785314,0.05,8260.0,41300.0
0.03,413,0.85134834,-42.61804,0.07743657,0.17768794,0.11879808,0.0,8280.0,41400.0
0.04,414,0.85134983,-41.734642,0.07749101,0.1776907,0.11880242,0.05,8300.0,41500.0
0.01,415,0.85140294,-43.887554,0.07748049,0.17769678,0.118824035,0.05,8320.0,41600.0
0.04,416,0.851407,-42.514057,0.07752061,0.17770353,0.11883559,0.0,8340.0,41700.0
0.04,417,0.8514119,-40.68,0.07755962,0.17770247,0.11884761,0.1,8360.0,41800.0
0.03,418,0.8513935,-42.46068,0.0775834,0.17771444,0.11885399,0.0,8380.0,41900.0
0.01,419,0.85140914,-40.2069,0.07761788,0.17772369,0.118875444,0.05,8400.0,42000.0
0.03,420,0.85145,-43.788677,0.077649504,0.17773731,0.11889056,0.0,8420.0,42100.0
0.04,421,0.8514421,-41.09077,0.07767188,0.17773655,0.11889624,0.0,8440.0,42200.0
0.02,422,0.85142875,-41.814842,0.07771594,0.17774117,0.11889469,0.0,8460.0,42300.0
0.02,423,0.8514313,-44.64003,0.07775149,0.17774847,0.11888731,0.0,8480.0,42400.0
0.02,424,0.8514261,-40.36912,0.07781126,0.1777439,0.11888325,0.05,8500.0,42500.0
0.0,425,0.8514599,-42.201393,0.07789636,0.17773914,0.11889148,0.0,8520.0,42600.0
0.02,426,0.8514707,-36.391045,0.07795471,0.1777392,0.11889096,0.0,8540.0,42700.0
0.0,427,0.8514807,-35.9898,0.077968374,0.1777382,0.11890031,0.0,8560.0,42800.0
0.03,428,0.8514803,-40.46804,0.0779936,0.17773029,0.11890939,0.0,8580.0,42900.0
0.01,429,0.8514798,-36.701332,0.07797201,0.17773092,0.118931144,0.0,8600.0,43000.0
0.02,430,0.8514974,-37.91465,0.077954516,0.17773464,0.118950635,0.0,8620.0,43100.0
0.0,431,0.85150975,-39.25579,0.077952206,0.1777237,0.11896941,0.0,8640.0,43200.0
0.02,432,0.8514836,-42.96525,0.077953495,0.17772207,0.11898222,0.0,8660.0,43300.0
0.0,433,0.85149884,-39.017204,0.077948704,0.1777112,0.11896459,0.0,8680.0,43400.0
0.02,434,0.8514635,-39.20887,0.07797851,0.17770892,0.11896849,0.0,8700.0,43500.0
0.01,435,0.8514982,-43.14989,0.077960856,0.17770855,0.11899454,0.0,8720.0,43600.0
0.01,436,0.85147834,-38.070286,0.07798779,0.17771566,0.119001634,0.0,8740.0,43700.0
0.01,437,0.85147476,-41.182255,0.07803084,0.17771757,0.119024254,0.0,8760.0,43800.0
0.0,438,0.85149413,-40.556984,0.078038186,0.17771073,0.11902389,0.0,8780.0,43900.0
0.01,439,0.8515053,-40.01712,0.07807905,0.1777078,0.11902294,0.0,8800.0,44000.0
0.0,440,0.8515045,-38.382225,0.07807122,0.17770359,0.11904856,0.0,8820.0,44100.0
0.01,441,0.8514853,-41.08984,0.07810289,0.17769372,0.11907021,0.0,8840.0,44200.0
0.01,442,0.8514852,-37.72058,0.07813849,0.17769222,0.11907011,0.0,8860.0,44300.0
0.0,443,0.8515022,-44.34115,0.078166686,0.17768946,0.1190638,0.0,8880.0,44400.0
0.01,444,0.8514817,-37.40466,0.07815442,0.17768604,0.11907577,0.0,8900.0,44500.0
0.02,445,0.8514671,-40.485985,0.078161165,0.17768115,0.11907888,0.0,8920.0,44600.0
0.0,446,0.8514375,-42.70561,0.07819296,0.1776698,0.11908358,0.0,8940.0,44700.0
0.02,447,0.85143495,-38.242252,0.07820507,0.17766315,0.119075924,0.0,8960.0,44800.0
0.02,448,0.85143334,-36.350124,0.07820193,0.17765234,0.11908686,0.0,8980.0,44900.0
0.04,449,0.8514069,-37.21537,0.07825265,0.17765044,0.11909305,0.0,9000.0,45000.0
0.02,450,0.8513885,-38.108284,0.0782597,0.17765054,0.119088404,0.0,9020.0,45100.0
0.0,451,0.85135704,-39.13331,0.07833138,0.17765078,0.11909882,0.0,9040.0,45200.0
0.02,452,0.8513748,-39.418724,0.07839642,0.17764525,0.119101524,0.0,9060.0,45300.0
0.01,453,0.8513667,-38.084053,0.078414276,0.17764099,0.119128294,0.0,9080.0,45400.0
0.0,454,0.8513651,-35.218372,0.0784447,0.17762765,0.119140714,0.0,9100.0,45500.0
0.02,455,0.8513279,-40.28585,0.07850262,0.1776205,0.11914458,0.0,9120.0,45600.0
0.01,456,0.8513252,-35.163494,0.07855987,0.17761114,0.11914585,0.0,9140.0,45700.0
0.01,457,0.8513463,-39.164772,0.07856959,0.17761333,0.11917142,0.0,9160.0,45800.0
0.0,458,0.85133713,-35.510246,0.078610145,0.17760813,0.11918088,0.0,9180.0,45900.0
0.0,459,0.85135776,-34.521004,0.07859782,0.1776031,0.11919708,0.0,9200.0,46000.0
0.0,460,0.8513685,-34.86461,0.07862858,0.17759077,0.119192384,0.0,9220.0,46100.0
0.0,461,0.8513796,-35.47091,0.07861343,0.17758432,0.119195245,0.0,9240.0,46200.0
0.02,462,0.8513462,-33.103912,0.07860321,0.17756741,0.11920833,0.0,9260.0,46300.0
0.0,463,0.8513427,-36.65731,0.0786184,0.17755891,0.119206734,0.0,9280.0,46400.0
0.01,464,0.8513367,-34.141987,0.0786103,0.17755221,0.11921949,0.0,9300.0,46500.0
0.01,465,0.851309,-35.385616,0.078596205,0.17754349,0.11921447,0.0,9320.0,46600.0
0.01,466,0.8513089,-35.490833,0.078598335,0.17753643,0.119222045,0.0,9340.0,46700.0
0.0,467,0.8512818,-40.934734,0.078588635,0.17753486,0.119232066,0.0,9360.0,46800.0
0.03,468,0.8512762,-36.69991,0.07858452,0.17753102,0.11923144,0.0,9380.0,46900.0
0.01,469,0.8513033,-39.48277,0.078568175,0.17752212,0.119239695,0.0,9400.0,47000.0
0.01,470,0.85131997,-35.73703,0.078557834,0.17752054,0.11924171,0.05,9420.0,47100.0
0.01,471,0.8513225,-38.1976,0.07855074,0.1775106,0.11925441,0.0,9440.0,47200.0
0.02,472,0.85135144,-38.585106,0.0785268,0.17751232,0.119250305,0.0,9460.0,47300.0
0.02,473,0.8513601,-40.60502,0.078532755,0.17751074,0.119255126,0.0,9480.0,47400.0
0.02,474,0.85137206,-37.396507,0.078531556,0.17751142,0.11925742,0.0,9500.0,47500.0
0.01,475,0.8513537,-38.328136,0.078568965,0.17749774,0.11927999,0.05,9520.0,47600.0
0.0,476,0.8513312,-37.558586,0.0785971,0.17749687,0.11928951,0.0,9540.0,47700.0
0.03,477,0.85133076,-35.33892,0.07860623,0.17749588,0.11927842,0.05,9560.0,47800.0
0.02,478,0.85131955,-37.626675,0.078601465,0.17749652,0.119270444,0.0,9580.0,47900.0
0.01,479,0.8513413,-34.904945,0.07860575,0.17749166,0.11928133,0.0,9600.0,48000.0
0.04,480,0.85133386,-37.209545,0.078617066,0.17749216,0.11928824,0.0,9620.0,48100.0
0.04,481,0.8513519,-40.752518,0.07862672,0.1774922,0.119291745,0.0,9640.0,48200.0
0.02,482,0.85134244,-37.61102,0.07863631,0.17748688,0.11930687,0.0,9660.0,48300.0
0.03,483,0.8513596,-36.261288,0.07863406,0.1774815,0.119317226,0.0,9680.0,48400.0
0.01,484,0.85136706,-38.684807,0.07863302,0.1774804,0.119321674,0.05,9700.0,48500.0
0.03,485,0.8513555,-33.386066,0.07864393,0.17747854,0.11932885,0.05,9720.0,48600.0
0.01,486,0.8513737,-37.044365,0.078648254,0.1774738,0.119335115,0.0,9740.0,48700.0
0.03,487,0.8513482,-35.60147,0.07865786,0.17747803,0.11933953,0.0,9760.0,48800.0
0.0,488,0.85134315,-36.87211,0.07864166,0.17748153,0.11936733,0.05,9780.0,48900.0
0.05,489,0.85133433,-38.615776,0.07864163,0.17747921,0.119370066,0.05,9800.0,49000.0
0.01,490,0.8513312,-41.96885,0.07865862,0.17747538,0.11938349,0.0,9820.0,49100.0
0.01,491,0.8513658,-36.62011,0.0786725,0.1774703,0.11938142,0.05,9840.0,49200.0
0.01,492,0.8513782,-37.56722,0.078666374,0.17747267,0.11938265,0.0,9860.0,49300.0
0.02,493,0.851396,-37.947247,0.078690946,0.17746764,0.11938875,0.1,9880.0,49400.0
0.02,494,0.85138243,-41.06524,0.07867208,0.1774713,0.11939982,0.0,9900.0,49500.0
0.01,495,0.85139036,-37.73152,0.078658395,0.17747006,0.119397946,0.0,9920.0,49600.0
0.03,496,0.85137814,-40.663227,0.07865121,0.17746982,0.119391866,0.0,9940.0,49700.0
0.02,497,0.8513883,-37.616066,0.07865615,0.17746362,0.11940178,0.05,9960.0,49800.0
0.03,498,0.8514006,-39.495293,0.0786599,0.1774706,0.11938719,0.0,9980.0,49900.0
0.01,499,0.8514099,-41.114655,0.0786801,0.17746128,0.11940218,0.0,10000.0,50000.0
0.01,500,0.8513872,-38.45395,0.07867969,0.17745334,0.11940843,0.0,10020.0,50100.0
0.02,501,0.8513716,-40.669754,0.078671455,0.17744927,0.119405575,0.0,10040.0,50200.0
0.04,502,0.8513486,-37.224953,0.0786489,0.17744678,0.11941627,0.0,10060.0,50300.0
0.0,503,0.85133886,-37.394764,0.078633785,0.17745276,0.119422175,0.05,10080.0,50400.0
0.0,504,0.8513306,-42.047142,0.07862986,0.17744452,0.11941845,0.0,10100.0,50500.0
0.01,505,0.8513296,-41.4098,0.07863465,0.17744072,0.11941352,0.0,10120.0,50600.0
0.01,506,0.8513076,-40.301258,0.07863497,0.17744094,0.119413644,0.0,10140.0,50700.0
0.0,507,0.85130024,-41.303215,0.078617215,0.17744303,0.11942727,0.0,10160.0,50800.0
0.03,508,0.8512935,-39.543533,0.07861519,0.17743991,0.119433485,0.05,10180.0,50900.0
0.0,509,0.8512921,-42.62046,0.078613,0.17743737,0.11942845,0.0,10200.0,51000.0
0.01,510,0.8512586,-41.626656,0.078610376,0.17743388,0.11943119,0.05,10220.0,51100.0
0.02,511,0.8512759,-40.18966,0.07862639,0.17743072,0.11942998,0.05,10240.0,51200.0
0.0,512,0.8512806,-42.319923,0.078656465,0.17743164,0.119428016,0.0,10260.0,51300.0
0.02,513,0.8512542,-41.073692,0.078639224,0.17743014,0.11944539,0.0,10280.0,51400.0
0.02,514,0.8512559,-44.08923,0.07864649,0.17743404,0.11943542,0.0,10300.0,51500.0
0.02,515,0.851253,-42.00254,0.07866263,0.17743228,0.11943868,0.0,10320.0,51600.0
0.01,516,0.8512605,-43.54119,0.07870597,0.1774318,0.119442455,0.0,10340.0,51700.0
0.01,517,0.85128236,-41.80876,0.078699656,0.17743367,0.11944843,0.05,10360.0,51800.0
0.02,518,0.8513115,-41.563393,0.07872811,0.1774238,0.11945656,0.05,10380.0,51900.0
0.0,519,0.8513152,-43.09244,0.07875581,0.17742313,0.11947104,0.0,10400.0,52000.0
0.04,520,0.85132927,-40.999687,0.0787707,0.1774279,0.11948162,0.0,10420.0,52100.0
0.07,521,0.8513236,-43.218212,0.07877426,0.17742199,0.1194875,0.0,10440.0,52200.0
0.0,522,0.85128933,-42.348785,0.078785434,0.17741771,0.11950698,0.0,10460.0,52300.0
0.01,523,0.8513096,-40.353786,0.07883185,0.17741358,0.119514324,0.1,10480.0,52400.0
0.01,524,0.85132736,-42.516354,0.07888997,0.17741497,0.119533636,0.0,10500.0,52500.0
0.02,525,0.8513167,-38.32189,0.07897196,0.1774159,0.1195366,0.0,10520.0,52600.0
0.0,526,0.8513153,-34.643497,0.07904673,0.1774219,0.1195493,0.0,10540.0,52700.0
0.0,527,0.85130125,-36.352215,0.07914239,0.17742199,0.119560726,0.0,10560.0,52800.0
0.01,528,0.8513429,-34.06532,0.0792271,0.1774123,0.11956069,0.0,10580.0,52900.0
0.02,529,0.85134774,-32.793903,0.07929229,0.17740513,0.11956414,0.0,10600.0,53000.0
0.01,530,0.85134935,-35.64748,0.07932328,0.17740548,0.11955934,0.0,10620.0,53100.0
0.01,531,0.8513398,-35.84833,0.07935665,0.17739731,0.11957497,0.0,10640.0,53200.0
0.01,532,0.85133547,-34.89149,0.07939419,0.17739241,0.11957585,0.0,10660.0,53300.0
0.0,533,0.8513233,-36.646545,0.07943608,0.17739107,0.119582444,0.0,10680.0,53400.0
0.0,534,0.85129446,-35.36395,0.07946041,0.17739277,0.11959455,0.0,10700.0,53500.0
0.0,535,0.85127646,-34.34192,0.07948154,0.1773999,0.11960561,0.0,10720.0,53600.0
0.0,536,0.8512675,-37.83324,0.07949754,0.17739622,0.11961358,0.0,10740.0,53700.0
0.0,537,0.8512544,-36.91398,0.07951421,0.17740025,0.11961756,0.0,10760.0,53800.0
0.0,538,0.851254,-35.285114,0.079507105,0.1773942,0.11961508,0.05,10780.0,53900.0
0.01,539,0.85124713,-35.157856,0.079520896,0.17739432,0.119622976,0.05,10800.0,54000.0
0.0,540,0.8512473,-36.192257,0.07951145,0.17739636,0.11962849,0.0,10820.0,54100.0
0.0,541,0.85125566,-37.74389,0.0795131,0.17739072,0.11963636,0.0,10840.0,54200.0
0.0,542,0.8512616,-38.76278,0.079496905,0.1773877,0.11964071,0.0,10860.0,54300.0
0.0,543,0.85125667,-34.70089,0.07950322,0.17739071,0.11965609,0.0,10880.0,54400.0
0.0,544,0.851238,-38.117546,0.07949557,0.1773846,0.11966763,0.0,10900.0,54500.0
0.0,545,0.8512381,-39.581425,0.07949423,0.1773813,0.11967572,0.0,10920.0,54600.0
0.01,546,0.8512426,-35.70732,0.079504035,0.17737053,0.11968184,0.0,10940.0,54700.0
0.01,547,0.85122776,-41.04197,0.079546034,0.17736208,0.1196903,0.0,10960.0,54800.0
0.01,548,0.85123426,-39.556374,0.07953905,0.1773535,0.11969739,0.0,10980.0,54900.0
0.01,549,0.8512179,-39.483665,0.07956389,0.17734732,0.119704604,0.0,11000.0,55000.0
0.0,550,0.8512313,-38.925495,0.07956087,0.17734502,0.11970144,0.0,11020.0,55100.0
0.01,551,0.8512351,-36.179974,0.07956203,0.17733933,0.11969745,0.0,11040.0,55200.0
0.02,552,0.85120183,-43.272675,0.079557754,0.17733793,0.11968988,0.0,11060.0,55300.0
0.04,553,0.851206,-40.803253,0.079561576,0.17734519,0.1196872,0.0,11080.0,55400.0
0.02,554,0.85121053,-41.055412,0.07957127,0.17733753,0.119706385,0.0,11100.0,55500.0
0.04,555,0.8511936,-41.678776,0.07959113,0.17733245,0.11970652,0.0,11120.0,55600.0
0.0,556,0.8512015,-41.203835,0.07961673,0.17732838,0.11971594,0.0,11140.0,55700.0
0.01,557,0.85121745,-41.23715,0.07960832,0.17732568,0.119728126,0.0,11160.0,55800.0
0.02,558,0.85121435,-42.07285,0.079620406,0.17732066,0.11973519,0.0,11180.0,55900.0
0.03,559,0.8512311,-42.42118,0.07963595,0.17732161,0.11973852,0.0,11200.0,56000.0
0.0,560,0.851218,-38.282494,0.07965855,0.17732042,0.11975374,0.05,11220.0,56100.0
0.0,561,0.85117364,-42.113995,0.07965942,0.17731543,0.119757704,0.0,11240.0,56200.0
0.0,562,0.8511726,-40.988457,0.079669125,0.17731266,0.11975568,0.0,11260.0,56300.0
0.02,563,0.8511961,-39.218002,0.07967625,0.17731442,0.11975629,0.0,11280.0,56400.0
0.01,564,0.8512218,-43.3821,0.07965674,0.17731358,0.11976858,0.0,11300.0,56500.0
0.01,565,0.8512158,-44.491924,0.07968637,0.17731223,0.119773984,0.0,11320.0,56600.0
0.0,566,0.851221,-41.41175,0.07973709,0.17731014,0.11977843,0.05,11340.0,56700.0
0.01,567,0.8512189,-41.354214,0.07973581,0.17731552,0.119794786,0.0,11360.0,56800.0
0.02,568,0.85122555,-39.309464,0.07974536,0.17731795,0.11980339,0.05,11380.0,56900.0
0.01,569,0.8512147,-41.503525,0.07976565,0.17731792,0.11980644,0.0,11400.0,57000.0
0.03,570,0.85120964,-44.18998,0.07976827,0.17732495,0.119811356,0.0,11420.0,57100.0
0.01,571,0.85120755,-39.834877,0.07977706,0.17732191,0.11980843,0.0,11440.0,57200.0
0.02,572,0.8512276,-40.355118,0.07979201,0.17732206,0.119820684,0.05,11460.0,57300.0
0.01,573,0.85122776,-40.861485,0.07982877,0.17732349,0.11981827,0.0,11480.0,57400.0
0.03,574,0.85120124,-40.130215,0.07986733,0.17732027,0.11983242,0.0,11500.0,57500.0
0.05,575,0.85120916,-32.897224,0.079884075,0.17732632,0.119826846,0.0,11520.0,57600.0
0.0,576,0.8512044,-39.22113,0.0799157,0.17732325,0.11983671,0.0,11540.0,57700.0
0.01,577,0.8511877,-41.081467,0.07994374,0.17731625,0.119849704,0.05,11560.0,57800.0
0.03,578,0.8511917,-37.86407,0.07996628,0.17731442,0.11986711,0.0,11580.0,57900.0
0.01,579,0.8512022,-37.110622,0.0799994,0.17731307,0.11987186,0.0,11600.0,58000.0
0.01,580,0.8512001,-37.480854,0.08003452,0.17731287,0.119868904,0.0,11620.0,58100.0
0.04,581,0.85117656,-39.87399,0.08006886,0.17731516,0.119879045,0.0,11640.0,58200.0
0.0,582,0.85119075,-31.767593,0.080084935,0.17731464,0.11989781,0.0,11660.0,58300.0
0.02,583,0.85118246,-38.803226,0.08009866,0.17731202,0.119896114,0.0,11680.0,58400.0
0.01,584,0.8512037,-39.578537,0.0801257,0.17731073,0.119895756,0.0,11700.0,58500.0
0.01,585,0.8512053,-38.102547,0.080124505,0.17730135,0.11989951,0.0,11720.0,58600.0
0.01,586,0.851224,-37.72619,0.08012718,0.17730118,0.119908355,0.0,11740.0,58700.0
0.0,587,0.85122466,-38.90174,0.08013357,0.17729983,0.11991096,0.0,11760.0,58800.0
0.0,588,0.8512165,-35.904808,0.0801265,0.17729406,0.119923055,0.0,11780.0,58900.0
0.03,589,0.85121655,-36.059982,0.0801382,0.17728458,0.11993393,0.0,11800.0,59000.0
0.01,590,0.8512182,-35.89071,0.08015444,0.17728256,0.1199295,0.0,11820.0,59100.0
0.0,591,0.85120755,-34.990284,0.080163695,0.17728178,0.119922005,0.0,11840.0,59200.0
0.0,592,0.8512071,-38.83461,0.08017556,0.17726937,0.1199295,0.0,11860.0,59300.0
0.01,593,0.8512173,-39.471413,0.080191575,0.17726642,0.11993068,0.0,11880.0,59400.0
0.0,594,0.85122615,-36.970993,0.080226555,0.17726369,0.11992761,0.0,11900.0,59500.0
0.0,595,0.85121125,-33.643578,0.08024167,0.17726265,0.11993537,0.0,11920.0,59600.0
0.0,596,0.8512098,-38.42002,0.080251046,0.17726536,0.11994364,0.0,11940.0,59700.0
0.01,597,0.8512056,-35.837048,0.08024448,0.17726333,0.11994636,0.0,11960.0,59800.0
0.0,598,0.85118556,-32.887596,0.08024584,0.17726332,0.11994066,0.0,11980.0,59900.0
0.0,599,0.8511993,-35.89994,0.080232926,0.1772666,0.1199479,0.0,12000.0,60000.0
0.03,600,0.85121936,-36.21986,0.08022168,0.17725877,0.11994966,0.0,12020.0,60100.0
0.0,601,0.85124284,-39.901546,0.08023365,0.17725368,0.11994674,0.0,12040.0,60200.0
0.04,602,0.85123706,-39.12069,0.08022796,0.17725429,0.11994491,0.0,12060.0,60300.0
0.01,603,0.85124296,-38.661526,0.0802163,0.17725039,0.11994966,0.0,12080.0,60400.0
0.0,604,0.8512586,-41.15267,0.08020912,0.17724848,0.11996818,0.0,12100.0,60500.0
0.02,605,0.8512656,-39.9979,0.0802021,0.17724842,0.11996764,0.05,12120.0,60600.0
0.01,606,0.8512592,-40.11218,0.08019356,0.17724718,0.119964845,0.0,12140.0,60700.0
0.01,607,0.85126525,-39.494556,0.08022987,0.17724508,0.119972885,0.0,12160.0,60800.0
0.03,608,0.8512695,-41.40891,0.08022952,0.177241,0.11998119,0.0,12180.0,60900.0
0.02,609,0.8512767,-40.351917,0.08023668,0.17723851,0.119994394,0.0,12200.0,61000.0
0.01,610,0.8512716,-36.237442,0.0802441,0.17723376,0.119990416,0.05,12220.0,61100.0
0.01,611,0.8512698,-40.40947,0.08028377,0.1772304,0.1199871,0.0,12240.0,61200.0
0.01,612,0.8512807,-39.892555,0.080305,0.1772382,0.11996821,0.0,12260.0,61300.0
0.01,613,0.85128975,-38.801952,0.080332235,0.17724645,0.11996192,0.0,12280.0,61400.0
0.02,614,0.8512617,-38.38661,0.08035053,0.17724065,0.11996564,0.05,12300.0,61500.0
0.01,615,0.85128,-40.742634,0.08036415,0.17724378,0.11995884,0.05,12320.0,61600.0
0.02,616,0.85129714,-42.512432,0.08041087,0.17724453,0.119962506,0.0,12340.0,61700.0
0.0,617,0.85132056,-41.473133,0.08042636,0.17724873,0.11996201,0.0,12360.0,61800.0
0.01,618,0.85130566,-40.637093,0.08044135,0.17725445,0.11996001,0.0,12380.0,61900.0
0.03,619,0.85129267,-41.859947,0.08049262,0.17725746,0.11996134,0.0,12400.0,62000.0
0.04,620,0.8512992,-37.03631,0.08050149,0.17725597,0.11995915,0.0,12420.0,62100.0
0.04,621,0.8512902,-41.774593,0.080510706,0.17725214,0.11995759,0.0,12440.0,62200.0
0.01,622,0.8512644,-39.176872,0.08052124,0.17725371,0.11995668,0.0,12460.0,62300.0
0.02,623,0.85125566,-41.923866,0.08053009,0.17725153,0.11995995,0.0,12480.0,62400.0
0.02,624,0.8512731,-42.3578,0.08053482,0.17725225,0.11995858,0.0,12500.0,62500.0
0.02,625,0.8512557,-39.710243,0.080565445,0.17724405,0.119956255,0.0,12520.0,62600.0
0.03,626,0.85122156,-37.687725,0.08057097,0.17724471,0.11995561,0.0,12540.0,62700.0
0.04,627,0.8512356,-41.587605,0.08056116,0.17724508,0.11996314,0.0,12560.0,62800.0
0.02,628,0.85122395,-40.4992,0.080567144,0.17724206,0.11996455,0.05,12580.0,62900.0
0.02,629,0.85123104,-39.167328,0.080581464,0.17724693,0.11996225,0.05,12600.0,63000.0
0.0,630,0.8512192,-42.623493,0.08058923,0.17724043,0.11996075,0.0,12620.0,63100.0
0.02,631,0.8512127,-41.76932,0.080590785,0.17723343,0.11996759,0.05,12640.0,63200.0
0.01,632,0.8512089,-39.43542,0.080612004,0.17722887,0.119956456,0.0,12660.0,63300.0
0.01,633,0.85120934,-41.158863,0.080593444,0.17722768,0.11996197,0.05,12680.0,63400.0
0.04,634,0.8512077,-43.026657,0.08062049,0.17722955,0.11995945,0.0,12700.0,63500.0
0.05,635,0.8511927,-43.123215,0.080616616,0.17723288,0.11994484,0.0,12720.0,63600.0
0.01,636,0.8511701,-40.261242,0.080622815,0.17723222,0.11994944,0.0,12740.0,63700.0
0.03,637,0.8511705,-37.99331,0.080635376,0.17723297,0.1199357,0.0,12760.0,63800.0
0.02,638,0.851165,-38.608074,0.08066222,0.17723295,0.11993592,0.1,12780.0,63900.0
0.02,639,0.85119134,-38.456974,0.08066876,0.17723279,0.11993489,0.05,12800.0,64000.0
0.02,640,0.85118896,-36.846977,0.08066909,0.17723548,0.119927324,0.1,12820.0,64100.0
0.01,641,0.85118955,-39.367218,0.08068244,0.17723691,0.11992527,0.05,12840.0,64200.0
0.03,642,0.8511879,-39.125526,0.080717415,0.17723647,0.119922854,0.05,12860.0,64300.0
0.02,643,0.8511827,-36.412518,0.08073412,0.17724293,0.11991769,0.05,12880.0,64400.0
0.04,644,0.85119104,-42.581184,0.08074647,0.17725012,0.11991302,0.0,12900.0,64500.0
0.02,645,0.85119015,-35.85154,0.08074039,0.1772549,0.11991105,0.1,12920.0,64600.0
0.0,646,0.8511932,-37.32204,0.08072379,0.17725536,0.1198953,0.0,12940.0,64700.0
0.01,647,0.8511844,-35.38609,0.08072471,0.17725302,0.11989228,0.05,12960.0,64800.0
0.04,648,0.8511705,-39.17379,0.08072959,0.17725861,0.11988118,0.0,12980.0,64900.0
0.01,649,0.85115457,-38.99647,0.080738574,0.17725943,0.11988362,0.05,13000.0,65000.0
0.0,650,0.85116845,-41.751198,0.08074704,0.17725782,0.119880624,0.05,13020.0,65100.0
0.01,651,0.8511787,-41.94932,0.080737226,0.17725633,0.1198848,0.05,13040.0,65200.0
0.04,652,0.8511765,-42.49418,0.080730565,0.17726393,0.11988773,0.0,13060.0,65300.0
0.01,653,0.8511677,-39.069134,0.08073211,0.17726749,0.119885124,0.0,13080.0,65400.0
0.02,654,0.85116845,-40.460564,0.08075099,0.17726879,0.11987403,0.1,13100.0,65500.0
0.0,655,0.8511455,-36.27352,0.0807558,0.17727217,0.11987567,0.0,13120.0,65600.0
0.02,656,0.8511197,-38.092247,0.080744006,0.17727457,0.11986992,0.0,13140.0,65700.0
0.02,657,0.8510935,-39.99211,0.080741875,0.17727475,0.11986452,0.0,13160.0,65800.0
0.02,658,0.85107726,-42.42234,0.08075326,0.17727661,0.11986335,0.0,13180.0,65900.0
0.02,659,0.8510983,-40.849777,0.0807516,0.17727087,0.11986783,0.05,13200.0,66000.0
0.01,660,0.8511076,-43.43908,0.08077464,0.17726335,0.11986504,0.0,13220.0,66100.0
0.03,661,0.8511054,-39.420795,0.080805376,0.17726889,0.119860314,0.0,13240.0,66200.0
0.01,662,0.85109496,-36.563194,0.08082258,0.17727265,0.11986273,0.0,13260.0,66300.0
0.02,663,0.8511277,-36.25658,0.08082628,0.1772798,0.11986307,0.1,13280.0,66400.0
0.01,664,0.8511202,-35.63807,0.080849074,0.17728601,0.11986193,0.0,13300.0,66500.0
0.02,665,0.851114,-29.57555,0.08085805,0.17729412,0.11985283,0.05,13320.0,66600.0
0.05,666,0.85111886,-37.950745,0.08088477,0.17730254,0.119852245,0.05,13340.0,66700.0
0.01,667,0.8511161,-31.860052,0.08091198,0.17730345,0.119855195,0.0,13360.0,66800.0
0.03,668,0.8511136,-38.074337,0.0809249,0.17730993,0.11986276,0.0,13380.0,66900.0
0.02,669,0.85110503,-33.462734,0.08093644,0.17731474,0.11985657,0.0,13400.0,67000.0
0.02,670,0.8510987,-33.504845,0.0809402,0.17731912,0.119854234,0.05,13420.0,67100.0
0.02,671,0.8510833,-38.77925,0.080937654,0.17732319,0.119854115,0.0,13440.0,67200.0
0.01,672,0.85108954,-37.51646,0.08093513,0.17733274,0.11985213,0.0,13460.0,67300.0
0.03,673,0.8511092,-34.897396,0.08094342,0.17733867,0.11985212,0.0,13480.0,67400.0
0.02,674,0.8510978,-31.988974,0.08093996,0.1773419,0.119857155,0.05,13500.0,67500.0
0.02,675,0.85108227,-33.952564,0.08093123,0.17735071,0.11985911,0.0,13520.0,67600.0
0.03,676,0.851057,-37.98409,0.08093013,0.17735393,0.11986437,0.0,13540.0,67700.0
0.02,677,0.85104007,-34.42262,0.08093149,0.17735775,0.11986462,0.05,13560.0,67800.0
0.03,678,0.85104626,-33.67763,0.08091842,0.1773594,0.1198658,0.05,13580.0,67900.0
0.03,679,0.8510399,-32.60598,0.08090857,0.17736715,0.119855285,0.05,13600.0,68000.0
0.02,680,0.8510275,-35.014164,0.08088626,0.17737669,0.1198496,0.0,13620.0,68100.0
0.02,681,0.8510367,-36.787758,0.08087438,0.17738193,0.11984708,0.05,13640.0,68200.0
0.01,682,0.8510194,-32.868317,0.080863334,0.1773852,0.119844295,0.0,13660.0,68300.0
0.02,683,0.8510135,-38.333458,0.080865905,0.17739151,0.11984249,0.0,13680.0,68400.0
0.01,684,0.8510007,-37.65541,0.08089631,0.17738964,0.11984535,0.0,13700.0,68500.0
0.02,685,0.85100394,-35.504856,0.080926895,0.17738137,0.11984348,0.0,13720.0,68600.0
0.01,686,0.85100156,-34.495533,0.080910236,0.17738694,0.119838834,0.05,13740.0,68700.0
0.0,687,0.85099214,-35.131092,0.080913976,0.17739236,0.11983704,0.0,13760.0,68800.0
0.02,688,0.8510023,-34.34243,0.0808948,0.17739807,0.119841345,0.05,13780.0,68900.0
0.03,689,0.8510005,-36.86183,0.08089276,0.17740142,0.1198361,0.0,13800.0,69000.0
0.03,690,0.85098404,-37.47248,0.080872685,0.17740497,0.11983305,0.0,13820.0,69100.0
0.03,691,0.8510068,-36.51626,0.08087099,0.17740747,0.11984023,0.0,13840.0,69200.0
0.08,692,0.8509727,-32.803547,0.08085244,0.1774094,0.11984988,0.1,13860.0,69300.0
0.03,693,0.85096955,-37.19231,0.080864325,0.17741103,0.11984348,0.1,13880.0,69400.0
0.04,694,0.85098267,-34.618114,0.08085656,0.17741433,0.119838655,0.0,13900.0,69500.0
0.04,695,0.85097796,-37.100544,0.08086797,0.17741829,0.11983651,0.05,13920.0,69600.0
0.01,696,0.85096437,-36.43613,0.080863126,0.1774217,0.119846225,0.05,13940.0,69700.0
0.01,697,0.85096544,-40.60498,0.08085793,0.17742287,0.119845755,0.0,13960.0,69800.0
0.01,698,0.85097194,-38.712696,0.08084581,0.17742756,0.11984656,0.0,13980.0,69900.0
0.04,699,0.85096115,-34.45626,0.08084135,0.1774286,0.119843036,0.2,14000.0,70000.0
0.02,700,0.8509579,-42.17114,0.080831915,0.17743446,0.119844854,0.0,14020.0,70100.0
0.02,701,0.8509548,-38.75413,0.08082637,0.17743199,0.11983907,0.1,14040.0,70200.0
0.02,702,0.8509485,-41.290398,0.08083162,0.17743583,0.11982632,0.0,14060.0,70300.0
0.04,703,0.8509693,-41.145634,0.08085837,0.17743723,0.119820476,0.0,14080.0,70400.0
0.05,704,0.8509524,-37.811935,0.080870345,0.17743592,0.11982289,0.1,14100.0,70500.0
0.03,705,0.8509714,-39.08387,0.08089265,0.17743555,0.11982588,0.1,14120.0,70600.0
0.06,706,0.8509669,-41.556465,0.08088401,0.17743628,0.11982271,0.0,14140.0,70700.0
0.01,707,0.85096747,-39.933266,0.080867864,0.17744152,0.11981856,0.05,14160.0,70800.0
0.04,708,0.85095286,-43.085003,0.08087295,0.17744473,0.11981397,0.0,14180.0,70900.0
0.04,709,0.8509529,-40.326283,0.08087733,0.17744705,0.11981118,0.1,14200.0,71000.0
0.0,710,0.8509523,-37.14263,0.08088646,0.17745022,0.11980679,0.0,14220.0,71100.0
0.01,711,0.8509398,-37.525307,0.08087697,0.17745516,0.11980093,0.05,14240.0,71200.0
0.01,712,0.85095185,-37.323765,0.08087884,0.17745735,0.11979559,0.05,14260.0,71300.0
0.05,713,0.8509539,-39.08884,0.08088683,0.1774597,0.11979244,0.0,14280.0,71400.0
0.03,714,0.8509421,-38.652107,0.08087659,0.17746475,0.11980051,0.1,14300.0,71500.0
0.02,715,0.8509229,-41.44848,0.08087431,0.17746662,0.11980221,0.05,14320.0,71600.0
0.02,716,0.8509303,-38.799023,0.080887556,0.17746757,0.119815774,0.1,14340.0,71700.0
0.03,717,0.8509117,-38.24636,0.080876596,0.17747325,0.119811945,0.1,14360.0,71800.0
0.06,718,0.8508976,-42.70879,0.08087098,0.177476,0.11981189,0.0,14380.0,71900.0
0.03,719,0.85089225,-42.80517,0.08088985,0.17747782,0.11980834,0.0,14400.0,72000.0
0.01,720,0.8508966,-40.517067,0.080877125,0.17747867,0.119804285,0.0,14420.0,72100.0
0.03,721,0.85091066,-36.965656,0.08086732,0.17748474,0.11979723,0.2,14440.0,72200.0
0.01,722,0.85091496,-41.822308,0.08086644,0.17748745,0.119802095,0.0,14460.0,72300.0
0.05,723,0.850914,-41.158146,0.08085449,0.17749314,0.11979541,0.0,14480.0,72400.0
0.05,724,0.85090286,-43.3659,0.080857486,0.177496,0.119794495,0.0,14500.0,72500.0
0.05,725,0.8509113,-38.66793,0.08086058,0.17750016,0.11979432,0.05,14520.0,72600.0
0.01,726,0.8509105,-42.114605,0.08088068,0.17750156,0.119798124,0.0,14540.0,72700.0
0.02,727,0.85090756,-40.166145,0.08089992,0.17750376,0.11979448,0.1,14560.0,72800.0
0.03,728,0.85089904,-40.242546,0.08092853,0.17750515,0.119790144,0.1,14580.0,72900.0
0.02,729,0.8509194,-41.959602,0.08094801,0.17751187,0.119784094,0.0,14600.0,73000.0
0.05,730,0.8509221,-39.060825,0.08095122,0.1775175,0.11977365,0.0,14620.0,73100.0
0.06,731,0.85092634,-38.6905,0.08095128,0.17752804,0.11977464,0.05,14640.0,73200.0
0.02,732,0.85093254,-40.467842,0.08095833,0.17753619,0.11976975,0.1,14660.0,73300.0
0.04,733,0.8509364,-44.35412,0.080967456,0.17753923,0.11977461,0.0,14680.0,73400.0
0.02,734,0.8509247,-39.908363,0.08097661,0.17753968,0.11977347,0.05,14700.0,73500.0
0.0,735,0.850918,-45.172028,0.08097231,0.17754196,0.11976811,0.1,14720.0,73600.0
0.02,736,0.8509192,-40.320293,0.08096502,0.17754562,0.11977104,0.05,14740.0,73700.0
0.02,737,0.8509217,-40.746178,0.08097063,0.1775534,0.119766794,0.05,14760.0,73800.0
0.04,738,0.85092956,-39.936226,0.08098384,0.17755747,0.119759224,0.05,14780.0,73900.0
0.06,739,0.8509206,-41.488617,0.080981195,0.17756706,0.119755395,0.05,14800.0,74000.0
0.04,740,0.8509149,-40.314354,0.08098585,0.1775764,0.119747706,0.15,14820.0,74100.0
0.02,741,0.8509118,-45.56592,0.08098588,0.1775809,0.119745165,0.0,14840.0,74200.0
0.02,742,0.85090977,-39.967712,0.080976754,0.17758578,0.119747944,0.15,14860.0,74300.0
0.09,743,0.8508959,-41.474697,0.08099443,0.17759016,0.11974427,0.05,14880.0,74400.0
0.08,744,0.8508949,-40.027424,0.08100112,0.17759624,0.11974738,0.05,14900.0,74500.0
0.05,745,0.8509044,-40.449883,0.08100926,0.17760493,0.119746864,0.0,14920.0,74600.0
0.04,746,0.8509085,-42.686195,0.081019886,0.17761041,0.11974278,0.0,14940.0,74700.0
0.02,747,0.8509206,-41.431946,0.08101249,0.17761928,0.11973817,0.05,14960.0,74800.0
0.06,748,0.85094184,-41.05439,0.081010275,0.17762621,0.11973361,0.05,14980.0,74900.0
0.02,749,0.8509391,-41.20959,0.081026666,0.17763476,0.11972209,0.1,15000.0,75000.0
0.05,750,0.8509472,-39.200554,0.081045486,0.17764288,0.11973045,0.15,15020.0,75100.0
0.04,751,0.8509458,-40.14576,0.08105095,0.17765352,0.11973009,0.05,15040.0,75200.0
0.06,752,0.850939,-41.863785,0.08105924,0.17766102,0.119733445,0.0,15060.0,75300.0
0.04,753,0.8509242,-36.287285,0.08105346,0.17766932,0.119720764,0.1,15080.0,75400.0
0.04,754,0.85092443,-41.670692,0.081059426,0.17767724,0.119716786,0.0,15100.0,75500.0
0.03,755,0.85095215,-40.633514,0.081049204,0.17768207,0.11971847,0.05,15120.0,75600.0
0.1,756,0.85095143,-43.08119,0.08106208,0.17769556,0.11971494,0.0,15140.0,75700.0
0.02,757,0.8509491,-38.24569,0.08107045,0.17770135,0.11971099,0.1,15160.0,75800.0
0.06,758,0.85094887,-41.22738,0.08107591,0.1777106,0.11971098,0.0,15180.0,75900.0
0.04,759,0.8509543,-37.258335,0.08108033,0.17771812,0.119705856,0.1,15200.0,76000.0
0.04,760,0.8509503,-40.26763,0.08107488,0.17772585,0.11969713,0.0,15220.0,76100.0
0.09,761,0.8509534,-36.870018,0.081081495,0.17773473,0.11969031,0.05,15240.0,76200.0
0.03,762,0.8509471,-40.706665,0.08108024,0.17774515,0.11968955,0.0,15260.0,76300.0
0.01,763,0.8509631,-40.221504,0.08111044,0.17775269,0.11968702,0.05,15280.0,76400.0
0.07,764,0.8509601,-42.02962,0.08111828,0.1777643,0.119682916,0.0,15300.0,76500.0
0.05,765,0.850961,-36.811485,0.0811221,0.17777081,0.119676374,0.0,15320.0,76600.0
0.01,766,0.85097927,-35.587685,0.081125155,0.17777614,0.119670875,0.0,15340.0,76700.0
0.04,767,0.8509612,-39.069237,0.08113391,0.17778328,0.11967971,0.05,15360.0,76800.0
0.05,768,0.8509438,-38.790836,0.08113728,0.17779294,0.11968375,0.0,15380.0,76900.0
0.05,769,0.850961,-37.861656,0.0811574,0.17780092,0.11967865,0.05,15400.0,77000.0
0.02,770,0.8509349,-41.264503,0.08116885,0.17780577,0.119679354,0.05,15420.0,77100.0
0.07,771,0.85093164,-36.356213,0.081158705,0.17781107,0.11967484,0.05,15440.0,77200.0
0.08,772,0.8509214,-38.726585,0.08115969,0.17781721,0.11967651,0.1,15460.0,77300.0
0.01,773,0.8508932,-37.394802,0.08115105,0.1778221,0.1196825,0.0,15480.0,77400.0
0.04,774,0.8508825,-39.717308,0.08116355,0.17783442,0.11968789,0.0,15500.0,77500.0
0.04,775,0.8508901,-38.706146,0.081171714,0.17783919,0.11968369,0.1,15520.0,77600.0
0.03,776,0.85088825,-37.606743,0.081177704,0.17784902,0.11967856,0.1,15540.0,77700.0
0.09,777,0.85090756,-38.700867,0.0812004,0.17786065,0.11967539,0.05,15560.0,77800.0
0.04,778,0.8508928,-41.77809,0.08120659,0.1778642,0.11967397,0.05,15580.0,77900.0
0.09,779,0.85088724,-33.40323,0.08121229,0.17787348,0.11966982,0.05,15600.0,78000.0
0.04,780,0.8508806,-44.26771,0.08122458,0.17788142,0.11966551,0.0,15620.0,78100.0
0.08,781,0.8508644,-35.600456,0.08123732,0.17788956,0.119662106,0.15,15640.0,78200.0
0.05,782,0.85087496,-38.23406,0.08125292,0.17789473,0.11966458,0.1,15660.0,78300.0
0.06,783,0.85087544,-37.144485,0.08125434,0.17789812,0.119654864,0.1,15680.0,78400.0
0.02,784,0.8508818,-40.37443,0.081280254,0.1779039,0.11964902,0.0,15700.0,78500.0
0.06,785,0.85089207,-37.984913,0.08128482,0.17790642,0.11964617,0.05,15720.0,78600.0
0.03,786,0.8508897,-37.1363,0.081291825,0.17791209,0.11964377,0.0,15740.0,78700.0
0.03,787,0.8508932,-34.16955,0.08129368,0.1779102,0.11963796,0.1,15760.0,78800.0
0.01,788,0.85089207,-38.35694,0.08128803,0.177915,0.11963303,0.05,15780.0,78900.0
0.02,789,0.8509026,-37.059048,0.08127832,0.17792277,0.11963078,0.05,15800.0,79000.0
0.05,790,0.8509119,-39.302162,0.08128367,0.17792244,0.11962452,0.0,15820.0,79100.0
0.09,791,0.85090894,-34.67995,0.081283085,0.17792565,0.11962002,0.1,15840.0,79200.0
0.09,792,0.8509101,-36.61936,0.08129916,0.17793056,0.11960996,0.05,15860.0,79300.0
0.02,793,0.85092515,-36.37728,0.08131368,0.17794117,0.11961075,0.05,15880.0,79400.0
0.04,794,0.8509169,-36.175972,0.08132843,0.17794587,0.119606644,0.1,15900.0,79500.0
0.02,795,0.85092163,-38.355484,0.08132369,0.17795129,0.11960185,0.05,15920.0,79600.0
0.08,796,0.8509236,-38.240746,0.08131968,0.1779551,0.119596444,0.05,15940.0,79700.0
0.04,797,0.85091764,-36.140648,0.08131275,0.17795128,0.11959048,0.0,15960.0,79800.0
0.07,798,0.85091144,-37.893864,0.081307285,0.17796035,0.1195895,0.05,15980.0,79900.0
0.04,799,0.85091186,-37.10486,0.08132705,0.17796434,0.119588174,0.05,16000.0,80000.0
0.03,800,0.85090536,-36.245186,0.08131436,0.17796677,0.119587414,0.05,16020.0,80100.0
0.05,801,0.8509295,-38.86276,0.08133517,0.17797396,0.11959064,0.05,16040.0,80200.0
0.02,802,0.8509233,-39.553513,0.081332274,0.17798004,0.119593054,0.0,16060.0,80300.0
0.05,803,0.8509269,-39.43249,0.08134209,0.17798302,0.11958607,0.05,16080.0,80400.0
0.01,804,0.85093355,-33.94684,0.08133085,0.1779848,0.11958862,0.05,16100.0,80500.0
0.04,805,0.8509477,-39.83098,0.081328765,0.17798834,0.11958733,0.05,16120.0,80600.0
0.06,806,0.85093737,-37.619213,0.081338584,0.17799234,0.11959082,0.1,16140.0,80700.0
0.06,807,0.85093945,-36.98716,0.081364356,0.17799482,0.11959239,0.05,16160.0,80800.0
0.07,808,0.85094047,-38.21347,0.08138175,0.1780001,0.11957865,0.05,16180.0,80900.0
0.03,809,0.85094404,-40.39623,0.08138177,0.17800412,0.1195715,0.05,16200.0,81000.0
0.05,810,0.85095096,-36.905922,0.08138363,0.17801112,0.119570844,0.15,16220.0,81100.0
0.03,811,0.8509651,-39.762882,0.08137278,0.1780164,0.119571775,0.0,16240.0,81200.0
0.06,812,0.85096496,-39.47157,0.08137995,0.17801712,0.11956946,0.05,16260.0,81300.0
0.08,813,0.8509679,-40.672382,0.08139277,0.1780228,0.11956117,0.05,16280.0,81400.0
0.05,814,0.8509658,-37.60549,0.08138642,0.17802902,0.11956081,0.1,16300.0,81500.0
0.05,815,0.8509705,-38.632404,0.08139933,0.17803353,0.1195586,0.05,16320.0,81600.0
0.03,816,0.8509584,-38.07563,0.081402905,0.17803323,0.11956895,0.05,16340.0,81700.0
0.04,817,0.8509538,-36.875984,0.08140401,0.17803596,0.119567215,0.1,16360.0,81800.0
0.09,818,0.85093147,-39.526566,0.081396095,0.17803505,0.11956888,0.05,16380.0,81900.0
0.04,819,0.8509322,-35.45568,0.08141342,0.1780358,0.11956186,0.05,16400.0,82000.0
0.05,820,0.8509328,-37.082764,0.08142131,0.1780367,0.119561605,0.15,16420.0,82100.0
0.07,821,0.85092825,-34.747486,0.08141367,0.17803416,0.11956646,0.05,16440.0,82200.0
0.04,822,0.8509321,-39.522495,0.08141985,0.17803894,0.119570315,0.05,16460.0,82300.0
0.07,823,0.85093063,-37.76357,0.081416406,0.17804185,0.119566314,0.05,16480.0,82400.0
0.05,824,0.8509393,-39.597385,0.08143953,0.17803864,0.119567394,0.05,16500.0,82500.0
0.09,825,0.85093457,-41.231148,0.08144042,0.17803746,0.11957022,0.0,16520.0,82600.0
0.07,826,0.8509314,-39.217186,0.08144849,0.17804113,0.119567685,0.0,16540.0,82700.0
0.02,827,0.8509564,-36.432518,0.08144799,0.17804536,0.11956636,0.1,16560.0,82800.0
0.08,828,0.8509703,-38.613106,0.08144598,0.17804624,0.1195676,0.0,16580.0,82900.0
0.07,829,0.8509819,-34.4442,0.08144507,0.1780476,0.11956176,0.05,16600.0,83000.0
0.06,830,0.85097367,-36.972862,0.08145338,0.17804927,0.11956182,0.1,16620.0,83100.0
0.05,831,0.8509779,-37.34919,0.08145895,0.17805082,0.11955174,0.05,16640.0,83200.0
0.05,832,0.85097384,-38.479626,0.081458636,0.178058,0.119549565,0.0,16660.0,83300.0
0.06,833,0.8509596,-37.493446,0.08146256,0.17806427,0.11954069,0.05,16680.0,83400.0
0.06,834,0.85095316,-35.197502,0.08145748,0.1780695,0.11954638,0.0,16700.0,83500.0
0.06,835,0.850954,-36.214825,0.08146413,0.17807475,0.119550936,0.1,16720.0,83600.0
0.06,836,0.8509595,-35.259315,0.0814729,0.1780709,0.11954876,0.15,16740.0,83700.0
0.09,837,0.8509585,-33.41782,0.08149041,0.1780769,0.119545184,0.05,16760.0,83800.0
0.04,838,0.85096556,-33.32292,0.08150132,0.17808169,0.11955107,0.15,16780.0,83900.0
0.05,839,0.85096246,-37.92041,0.081518106,0.17808838,0.11954606,0.05,16800.0,84000.0
0.02,840,0.85095054,-34.49253,0.0815312,0.17809434,0.11954131,0.0,16820.0,84100.0
0.02,841,0.8509527,-37.026134,0.08154943,0.17810011,0.119540475,0.05,16840.0,84200.0
0.03,842,0.85096765,-25.517061,0.0815525,0.1781063,0.11954328,0.25,16860.0,84300.0
0.06,843,0.8509503,-34.681343,0.08155418,0.17810935,0.119541496,0.05,16880.0,84400.0
0.09,844,0.8509547,-26.60756,0.08156539,0.17811602,0.11954389,0.1,16900.0,84500.0
0.02,845,0.85094804,-30.220942,0.081570804,0.1781171,0.11955014,0.1,16920.0,84600.0
0.05,846,0.8509385,-31.26527,0.08157264,0.17811485,0.11955219,0.0,16940.0,84700.0
0.07,847,0.85093164,-34.193443,0.08157383,0.17812376,0.11954891,0.1,16960.0,84800.0
0.03,848,0.8509218,-32.776188,0.08157886,0.17812674,0.1195439,0.0,16980.0,84900.0
0.05,849,0.85091716,-31.263641,0.0816011,0.17813013,0.11954137,0.1,17000.0,85000.0
0.03,850,0.8509292,-37.120007,0.08159977,0.17813322,0.119533546,0.05,17020.0,85100.0
0.07,851,0.8509341,-32.59197,0.08161961,0.178136,0.11953477,0.1,17040.0,85200.0
0.06,852,0.85093236,-30.276966,0.08162484,0.17813839,0.119535975,0.1,17060.0,85300.0
0.08,853,0.850935,-29.202856,0.081626184,0.17814393,0.11953503,0.25,17080.0,85400.0
0.07,854,0.85092616,-32.45263,0.08163261,0.17814957,0.11953124,0.1,17100.0,85500.0
0.04,855,0.8509086,-32.829765,0.0816465,0.17815258,0.11952958,0.0,17120.0,85600.0
0.04,856,0.8509181,-31.048656,0.08165373,0.17815863,0.11952651,0.1,17140.0,85700.0
0.06,857,0.85091156,-29.091742,0.08166515,0.17815858,0.11952322,0.2,17160.0,85800.0
0.02,858,0.8509217,-35.484528,0.08168456,0.17816457,0.11952731,0.1,17180.0,85900.0
0.06,859,0.8509181,-35.9334,0.08169805,0.17816977,0.11952382,0.1,17200.0,86000.0
0.04,860,0.85090894,-33.82052,0.081708774,0.17817622,0.1195175,0.15,17220.0,86100.0
0.05,861,0.8509195,-39.96868,0.081730716,0.17818357,0.11951846,0.0,17240.0,86200.0
0.07,862,0.8509179,-32.44192,0.081738956,0.17818797,0.11951376,0.1,17260.0,86300.0
0.03,863,0.85092235,-34.220818,0.0817472,0.17819384,0.119509004,0.05,17280.0,86400.0
0.03,864,0.85092646,-32.468697,0.081769034,0.17819692,0.11950508,0.05,17300.0,86500.0
0.06,865,0.8509186,-33.119114,0.08178118,0.17820379,0.11949619,0.1,17320.0,86600.0
0.05,866,0.8509109,-30.045527,0.081810445,0.17820738,0.11949808,0.1,17340.0,86700.0
0.05,867,0.85091835,-33.793556,0.0818254,0.17821006,0.11950401,0.0,17360.0,86800.0
0.04,868,0.85093147,-33.993553,0.081835486,0.1782161,0.11950705,0.05,17380.0,86900.0
0.07,869,0.85092884,-33.9372,0.08184907,0.17821126,0.11950212,0.0,17400.0,87000.0
0.04,870,0.8509371,-34.98498,0.08186414,0.17821555,0.11950865,0.1,17420.0,87100.0
0.04,871,0.8509312,-33.02039,0.081866175,0.1782213,0.119507134,0.1,17440.0,87200.0
0.02,872,0.8509362,-35.546196,0.081895486,0.17822757,0.11950847,0.1,17460.0,87300.0
0.05,873,0.8509228,-36.269653,0.08189736,0.17823409,0.11950188,0.05,17480.0,87400.0
0.08,874,0.85091996,-34.369408,0.08191503,0.1782445,0.11949524,0.05,17500.0,87500.0
0.01,875,0.8509281,-31.529556,0.08192243,0.17825371,0.1194914,0.1,17520.0,87600.0
0.03,876,0.8509338,-30.064035,0.08193397,0.17825836,0.11949506,0.05,17540.0,87700.0
0.09,877,0.8509198,-34.5231,0.08193206,0.17826651,0.11948558,0.05,17560.0,87800.0
0.05,878,0.85093737,-33.352234,0.08194814,0.1782728,0.11948495,0.05,17580.0,87900.0
0.04,879,0.8509334,-31.287735,0.08196731,0.17827614,0.11948503,0.15,17600.0,88000.0
0.09,880,0.8509403,-34.44843,0.08196653,0.17828251,0.11948896,0.05,17620.0,88100.0
0.09,881,0.85091925,-34.05232,0.08197668,0.17829293,0.1194911,0.2,17640.0,88200.0
0.11,882,0.8509299,-36.36011,0.08198166,0.17829725,0.11949038,0.05,17660.0,88300.0
0.09,883,0.85092235,-31.93983,0.08197869,0.17830494,0.11949394,0.1,17680.0,88400.0
0.05,884,0.8509283,-36.097973,0.08199753,0.17831464,0.11949038,0.1,17700.0,88500.0
0.05,885,0.8509175,-34.28031,0.08200696,0.17832452,0.11948202,0.1,17720.0,88600.0
0.11,886,0.85090536,-31.68868,0.08201293,0.17833401,0.119475216,0.15,17740.0,88700.0
0.06,887,0.8509032,-30.345434,0.08201768,0.17834315,0.11946985,0.2,17760.0,88800.0
0.05,888,0.8509019,-28.527912,0.08203935,0.1783525,0.11947044,0.15,17780.0,88900.0
0.05,889,0.8509086,-36.36898,0.08205505,0.17835796,0.11947457,0.2,17800.0,89000.0
0.09,890,0.850905,-31.685617,0.08206889,0.17836633,0.11947734,0.15,17820.0,89100.0
0.08,891,0.8509012,-34.424576,0.082081705,0.1783689,0.11947298,0.15,17840.0,89200.0
0.02,892,0.85088795,-36.660908,0.08209604,0.17837518,0.11947298,0.0,17860.0,89300.0
0.06,893,0.8509059,-29.89751,0.08212349,0.17837709,0.11947748,0.25,17880.0,89400.0
0.09,894,0.8509019,-31.169819,0.08213067,0.17838629,0.11947895,0.2,17900.0,89500.0
0.06,895,0.8508776,-26.185894,0.082152605,0.17839375,0.11947233,0.1,17920.0,89600.0
0.04,896,0.85087293,-35.73358,0.08216868,0.17839985,0.119471945,0.05,17940.0,89700.0
0.12,897,0.850873,-28.73197,0.08219948,0.17840928,0.11947248,0.1,17960.0,89800.0
0.05,898,0.8508816,-33.80703,0.082234584,0.17841221,0.119470835,0.0,17980.0,89900.0
0.02,899,0.8508864,-32.21166,0.08226249,0.17841978,0.11946819,0.1,18000.0,90000.0
0.09,900,0.8508937,-29.461742,0.082284525,0.17842695,0.11946707,0.15,18020.0,90100.0
0.1,901,0.8508988,-33.59066,0.08230483,0.17843439,0.11946563,0.2,18040.0,90200.0
0.1,902,0.85087824,-31.385666,0.08232116,0.17843731,0.11946771,0.2,18060.0,90300.0
0.03,903,0.85087925,-28.180393,0.08234331,0.17843674,0.11947388,0.2,18080.0,90400.0
0.04,904,0.85088056,-28.89848,0.08236576,0.17844358,0.11946557,0.05,18100.0,90500.0
0.06,905,0.850889,-29.77627,0.08237453,0.17844902,0.1194629,0.05,18120.0,90600.0
0.11,906,0.85087866,-27.193243,0.08238722,0.17845269,0.11945674,0.25,18140.0,90700.0
0.08,907,0.850878,-30.1957,0.08241851,0.17846155,0.119452775,0.1,18160.0,90800.0
0.06,908,0.8508968,-32.678627,0.082419306,0.17846732,0.11944882,0.15,18180.0,90900.0
0.06,909,0.8509047,-29.440723,0.0824347,0.17847121,0.11943885,0.15,18200.0,91000.0
0.09,910,0.8509074,-30.920248,0.08245522,0.17847006,0.11944685,0.1,18220.0,91100.0
0.07,911,0.8509131,-27.859867,0.08246578,0.17847216,0.11944216,0.1,18240.0,91200.0
0.06,912,0.85089225,-28.665766,0.08248606,0.178476,0.1194413,0.25,18260.0,91300.0
0.01,913,0.85090446,-33.865936,0.082492545,0.17848553,0.11944181,0.05,18280.0,91400.0
0.11,914,0.85090035,-31.473362,0.082498044,0.1784926,0.11944256,0.1,18300.0,91500.0
0.07,915,0.8509013,-32.112225,0.0825208,0.17850336,0.11944339,0.1,18320.0,91600.0
0.05,916,0.8508909,-28.258554,0.0825351,0.17851129,0.119443305,0.15,18340.0,91700.0
0.06,917,0.8508914,-29.501392,0.08255591,0.1785119,0.11943993,0.15,18360.0,91800.0
0.06,918,0.8508912,-33.374645,0.08256175,0.17852116,0.11944451,0.1,18380.0,91900.0
0.07,919,0.85088426,-28.279068,0.08258578,0.17852522,0.11943715,0.1,18400.0,92000.0
0.06,920,0.85090613,-27.532614,0.08258741,0.17853174,0.11943337,0.1,18420.0,92100.0
0.06,921,0.8508968,-34.63378,0.0825893,0.17853674,0.11943898,0.1,18440.0,92200.0
0.04,922,0.85089016,-29.700445,0.08259692,0.17854062,0.11943405,0.2,18460.0,92300.0
0.03,923,0.85089064,-26.58164,0.08262432,0.17854261,0.11943599,0.15,18480.0,92400.0
0.03,924,0.8508878,-25.093292,0.082659215,0.1785508,0.119438976,0.1,18500.0,92500.0
0.02,925,0.8508888,-22.958366,0.082718655,0.17855155,0.119442455,0.25,18520.0,92600.0
0.02,926,0.8508897,-25.11289,0.08276889,0.17855467,0.11944436,0.15,18540.0,92700.0
0.07,927,0.85090023,-22.076685,0.08282328,0.17855637,0.11944216,0.05,18560.0,92800.0
0.04,928,0.8508995,-23.411549,0.08286357,0.17856066,0.1194379,0.1,18580.0,92900.0
0.07,929,0.8508916,-23.496204,0.08289746,0.17856361,0.119439505,0.15,18600.0,93000.0
0.02,930,0.8509006,-26.20108,0.08293679,0.178564,0.11944396,0.05,18620.0,93100.0
0.07,931,0.85088104,-26.104145,0.08295993,0.17856398,0.119441085,0.1,18640.0,93200.0
0.05,932,0.8508753,-28.655426,0.08297437,0.1785642,0.11944243,0.0,18660.0,93300.0
0.02,933,0.8508752,-24.45635,0.08297946,0.17856783,0.11944013,0.2,18680.0,93400.0
0.03,934,0.850887,-28.565998,0.082998954,0.17856665,0.11944351,0.1,18700.0,93500.0
0.06,935,0.850882,-28.482319,0.08300066,0.1785672,0.11944909,0.05,18720.0,93600.0
0.03,936,0.85088426,-28.222773,0.08301332,0.17856781,0.119450055,0.1,18740.0,93700.0
0.08,937,0.85086936,-27.096106,0.08301014,0.17857243,0.11945077,0.2,18760.0,93800.0
0.04,938,0.8508739,-26.7598,0.08300521,0.1785764,0.119448155,0.2,18780.0,93900.0
0.04,939,0.85086983,-31.43814,0.082997605,0.1785787,0.11945427,0.05,18800.0,94000.0
0.03,940,0.85086966,-28.39124,0.08300349,0.17858212,0.11945569,0.05,18820.0,94100.0
0.06,941,0.85087365,-28.224789,0.0830076,0.17858635,0.119455546,0.1,18840.0,94200.0
0.07,942,0.8508854,-31.465063,0.08300525,0.17859234,0.11945356,0.15,18860.0,94300.0
0.05,943,0.8508833,-29.43362,0.082999,0.17859821,0.119446486,0.15,18880.0,94400.0
0.07,944,0.85089207,-27.160461,0.08300252,0.17860548,0.11944216,0.2,18900.0,94500.0
0.02,945,0.8508997,-32.897484,0.08300717,0.17861505,0.11943508,0.0,18920.0,94600.0
0.09,946,0.8508912,-28.76064,0.08301598,0.178627,0.11943546,0.2,18940.0,94700.0
0.06,947,0.850903,-26.903427,0.08301938,0.17862886,0.119428836,0.15,18960.0,94800.0
0.1,948,0.8508916,-26.187557,0.08301476,0.17863408,0.1194218,0.15,18980.0,94900.0
0.03,949,0.8508932,-34.97321,0.08301884,0.17863926,0.11941948,0.05,19000.0,95000.0
0.05,950,0.85089564,-31.881842,0.08302248,0.17864043,0.1194156,0.1,19020.0,95100.0
0.04,951,0.8509028,-27.320698,0.08302655,0.17864914,0.11940989,0.25,19040.0,95200.0
0.08,952,0.85089684,-31.275,0.08303144,0.17865255,0.11940574,0.15,19060.0,95300.0
0.06,953,0.8508764,-31.918076,0.083047055,0.17865898,0.11941094,0.05,19080.0,95400.0
0.07,954,0.85087746,-32.836555,0.083060056,0.17867063,0.11940557,0.05,19100.0,95500.0
0.09,955,0.8508647,-26.49769,0.08306256,0.17867291,0.119405024,0.3,19120.0,95600.0
0.09,956,0.850859,-33.176067,0.0830662,0.17868099,0.11940059,0.1,19140.0,95700.0
0.05,957,0.85086066,-26.44186,0.08308707,0.17869058,0.11939892,0.2,19160.0,95800.0
0.08,958,0.85085565,-26.124414,0.08310603,0.17870094,0.11940204,0.2,19180.0,95900.0
0.08,959,0.8508417,-27.23734,0.08310235,0.1787078,0.11939954,0.25,19200.0,96000.0
0.07,960,0.8508501,-27.137568,0.08312121,0.1787196,0.119398974,0.4,19220.0,96100.0
0.06,961,0.8508578,-28.1927,0.083122246,0.17872538,0.119392574,0.25,19240.0,96200.0
0.07,962,0.85087204,-27.903736,0.08313254,0.17873983,0.11939316,0.15,19260.0,96300.0
0.09,963,0.8508659,-28.203308,0.08314811,0.17874904,0.1193853,0.25,19280.0,96400.0
0.04,964,0.8508622,-31.803364,0.08315377,0.17875916,0.119377226,0.1,19300.0,96500.0
0.06,965,0.8508601,-28.037205,0.08315924,0.17877401,0.11937458,0.2,19320.0,96600.0
0.06,966,0.8508598,-30.979486,0.083158195,0.17878327,0.11937805,0.1,19340.0,96700.0
0.05,967,0.8508598,-30.257141,0.083164975,0.17879641,0.119375706,0.1,19360.0,96800.0
0.05,968,0.8508597,-31.574087,0.08316507,0.17881042,0.11937044,0.25,19380.0,96900.0
0.1,969,0.8508479,-28.952976,0.08317235,0.17882265,0.11936327,0.15,19400.0,97000.0
0.07,970,0.8508482,-26.00118,0.08317389,0.17883162,0.11936245,0.25,19420.0,97100.0
0.06,971,0.8508711,-33.315617,0.083185226,0.17884533,0.11935479,0.15,19440.0,97200.0
0.11,972,0.85086614,-28.887695,0.08319519,0.1788593,0.11935616,0.1,19460.0,97300.0
0.1,973,0.8508646,-26.483847,0.08320433,0.17887138,0.11935329,0.1,19480.0,97400.0
0.13,974,0.8508596,-29.529337,0.08321485,0.17888382,0.11934694,0.15,19500.0,97500.0
0.09,975,0.8508486,-28.732822,0.083214715,0.17889877,0.119345605,0.3,19520.0,97600.0
0.1,976,0.8508629,-29.118145,0.083223745,0.17891636,0.11934781,0.25,19540.0,97700.0
0.04,977,0.85086566,-34.234276,0.08323168,0.17892365,0.119351655,0.1,19560.0,97800.0
0.12,978,0.85087496,-28.491201,0.083234966,0.17893738,0.11934995,0.15,19580.0,97900.0
0.09,979,0.85087997,-32.526756,0.0832373,0.17894842,0.11935007,0.25,19600.0,98000.0
0.09,980,0.85087985,-30.818354,0.08323656,0.17895663,0.11934713,0.1,19620.0,98100.0
0.05,981,0.85088307,-25.823221,0.08324623,0.17896496,0.11934617,0.2,19640.0,98200.0
0.07,982,0.8508746,-33.058304,0.08324211,0.17897251,0.11934478,0.0,19660.0,98300.0
0.05,983,0.8508771,-32.722427,0.08323802,0.17898183,0.11934931,0.15,19680.0,98400.0
0.1,984,0.85087734,-27.099289,0.0832387,0.17899092,0.11934507,0.3,19700.0,98500.0
0.1,985,0.85085845,-31.70401,0.08324441,0.17899385,0.11934792,0.2,19720.0,98600.0
0.03,986,0.8508553,-24.314764,0.08325363,0.17899896,0.11935096,0.35,19740.0,98700.0
0.04,987,0.8508498,-28.78461,0.08324905,0.17900208,0.119347215,0.25,19760.0,98800.0
0.06,988,0.85084623,-28.168186,0.083243124,0.17900965,0.11934388,0.15,19780.0,98900.0
0.03,989,0.8508528,-32.38376,0.08325765,0.17901248,0.11934752,0.1,19800.0,99000.0
0.07,990,0.8508404,-30.224665,0.08325467,0.17901732,0.11934149,0.15,19820.0,99100.0
0.08,991,0.8508432,-28.208902,0.0832512,0.17902523,0.11933651,0.15,19840.0,99200.0
0.04,992,0.85085267,-29.792873,0.08324745,0.17903095,0.119339295,0.2,19860.0,99300.0
0.07,993,0.8508527,-26.385162,0.08324473,0.17903271,0.11933902,0.25,19880.0,99400.0
0.04,994,0.85084695,-26.768295,0.083256066,0.17904112,0.11934022,0.3,19900.0,99500.0
0.09,995,0.85084313,-28.42753,0.083260015,0.17904684,0.11933837,0.2,19920.0,99600.0
0.11,996,0.850848,-27.770395,0.08328472,0.17905405,0.119336575,0.2,19940.0,99700.0
0.06,997,0.8508551,-25.844769,0.08328288,0.1790608,0.11933434,0.2,19960.0,99800.0
0.13,998,0.8508556,-27.774448,0.08328466,0.17907141,0.11933157,0.1,19980.0,99900.0
0.08,999,0.8508621,-24.09608,0.08328408,0.17907901,0.11933533,0.15,20000.0,100000.0
