test/success_rate,epoch,stats_o/mean,train/episode,stats_g/std,stats_g/mean,test/mean_Q,train/success_rate,test/episode,stats_o/std
0.0,0,0.26235905,20.0,0.09069506,0.88190395,-1.3209059,0.0,20.0,0.03280782
0.0,1,0.2625073,40.0,0.087868124,0.8751607,-1.7528546,0.0,40.0,0.028957237
0.0,2,0.26245615,60.0,0.087719046,0.8724742,-2.1609523,0.0,60.0,0.026758835
0.05,3,0.26241016,80.0,0.08667006,0.8744362,-2.4510899,0.0,80.0,0.025366683
0.0,4,0.26228237,100.0,0.08753932,0.87356496,-2.9796224,0.0,100.0,0.024411151
0.1,5,0.26256675,120.0,0.08752448,0.8737715,-3.2334666,0.05,120.0,0.024300862
0.05,6,0.2622635,140.0,0.08711613,0.8721549,-3.5868568,0.05,140.0,0.023908019
0.35,7,0.26212242,160.0,0.08640001,0.874067,-3.4373474,0.2,160.0,0.023572639
0.35,8,0.26188695,180.0,0.08633867,0.87369746,-3.8821297,0.25,180.0,0.023314055
0.65,9,0.26152253,200.0,0.08669236,0.8738944,-3.7187889,0.25,200.0,0.023715228
0.55,10,0.26131457,220.0,0.08675126,0.87426704,-4.351383,0.2,220.0,0.023802927
0.7,11,0.26119602,240.0,0.0868048,0.87370366,-3.7071075,0.5,240.0,0.024006903
0.65,12,0.26127118,260.0,0.087095894,0.8745074,-4.0765514,0.55,260.0,0.024273144
0.8,13,0.26133195,280.0,0.08686459,0.8748627,-3.2948868,0.75,280.0,0.024609303
0.9,14,0.2615295,300.0,0.08690717,0.87563044,-3.3442929,0.8,300.0,0.025088575
0.85,15,0.26167664,320.0,0.0870349,0.8765325,-2.893296,0.8,320.0,0.025512855
0.9,16,0.26167786,340.0,0.08725541,0.8764792,-3.5430233,0.8,340.0,0.025964122
1.0,17,0.26168633,360.0,0.08708832,0.8756469,-2.5469775,0.9,360.0,0.026270473
1.0,18,0.26153228,380.0,0.08702317,0.875073,-2.3824112,0.9,380.0,0.026588341
0.9,19,0.26165888,400.0,0.087319635,0.8755529,-3.2895482,0.8,400.0,0.027043575
1.0,20,0.2617359,420.0,0.08745737,0.87560636,-2.89671,0.95,420.0,0.027391419
1.0,21,0.26177078,440.0,0.08771493,0.8756943,-2.8813326,0.9,440.0,0.02772748
1.0,22,0.2619886,460.0,0.08749858,0.87629795,-2.5134845,0.9,460.0,0.027879369
1.0,23,0.2621175,480.0,0.0874233,0.8766451,-2.3058653,0.95,480.0,0.028042126
1.0,24,0.26210284,500.0,0.08734494,0.8764301,-2.2819376,0.95,500.0,0.028157577
1.0,25,0.26205364,520.0,0.08739409,0.8761824,-2.3590224,1.0,520.0,0.028316934
1.0,26,0.26200843,540.0,0.087178566,0.8759427,-2.1620276,0.95,540.0,0.028377092
1.0,27,0.26218158,560.0,0.08709117,0.87656933,-2.5419192,0.85,560.0,0.02846918
1.0,28,0.26208168,580.0,0.08685416,0.87613696,-1.9631529,0.75,580.0,0.028536862
1.0,29,0.26197615,600.0,0.086957075,0.8756563,-1.9766077,0.7,600.0,0.028644864
1.0,30,0.26201016,620.0,0.08677119,0.87562084,-1.9179227,0.9,620.0,0.028692905
1.0,31,0.26209712,640.0,0.0869567,0.8758654,-2.5932622,0.85,640.0,0.028824499
1.0,32,0.26217258,660.0,0.08697319,0.8760527,-2.3297896,0.85,660.0,0.02894688
1.0,33,0.26216957,680.0,0.08712068,0.87593955,-2.0611382,0.9,680.0,0.02905815
1.0,34,0.26217967,700.0,0.08704331,0.8759393,-2.0875874,0.9,700.0,0.02914556
1.0,35,0.26224098,720.0,0.08695739,0.8760881,-2.0119216,0.7,720.0,0.029177886
1.0,36,0.2622589,740.0,0.086791866,0.8760678,-1.8738852,0.8,740.0,0.0292218
1.0,37,0.26210013,760.0,0.08685473,0.87542015,-1.9619458,0.8,760.0,0.029318184
1.0,38,0.26205555,780.0,0.086990334,0.8751448,-2.1773102,0.75,780.0,0.029377436
1.0,39,0.2621817,800.0,0.086978495,0.8754825,-2.0984945,0.75,800.0,0.029415524
1.0,40,0.26219645,820.0,0.08694309,0.8754551,-1.8460602,0.9,820.0,0.029456984
1.0,41,0.26224747,840.0,0.086927675,0.8755794,-1.9813402,0.7,840.0,0.029494818
1.0,42,0.26222238,860.0,0.08692622,0.87541133,-1.6448324,0.8,860.0,0.029537821
1.0,43,0.26234514,880.0,0.08691001,0.8757334,-1.8338368,1.0,880.0,0.02958085
1.0,44,0.26246518,900.0,0.08687361,0.8761508,-1.615318,0.85,900.0,0.029610138
1.0,45,0.26246816,920.0,0.08674956,0.87618214,-1.6480032,0.85,920.0,0.02961963
1.0,46,0.26253182,940.0,0.0868988,0.8763985,-1.6475518,0.9,940.0,0.029715812
1.0,47,0.2626596,960.0,0.08704492,0.8767846,-1.9886875,0.9,960.0,0.029797912
1.0,48,0.26272076,980.0,0.08711782,0.8770654,-1.7938662,0.75,980.0,0.029837549
1.0,49,0.26277134,1000.0,0.08693481,0.87722427,-1.444319,0.65,1000.0,0.029823938
1.0,50,0.26273498,1020.0,0.086782016,0.87702817,-1.2930939,0.9,1020.0,0.029821698
1.0,51,0.26265857,1040.0,0.086721756,0.876695,-1.4171689,0.9,1040.0,0.029824536
1.0,52,0.26264104,1060.0,0.08670475,0.87659866,-1.4867579,0.9,1060.0,0.029836569
1.0,53,0.26266173,1080.0,0.086515784,0.8766553,-1.1263137,0.9,1080.0,0.02980483
1.0,54,0.26271003,1100.0,0.086598426,0.8768007,-1.3984632,0.7,1100.0,0.02986527
1.0,55,0.2627112,1120.0,0.08659048,0.87677693,-1.4635773,0.85,1120.0,0.02988111
1.0,56,0.2627357,1140.0,0.08647781,0.87688714,-1.2411029,0.85,1140.0,0.029867958
1.0,57,0.2626858,1160.0,0.08633751,0.8766878,-1.1940473,0.9,1160.0,0.029847268
1.0,58,0.26268893,1180.0,0.08630806,0.876697,-1.3830335,0.8,1180.0,0.029859787
1.0,59,0.26273862,1200.0,0.08638555,0.8768668,-1.4118363,1.0,1200.0,0.02987926
1.0,60,0.2628265,1220.0,0.08632108,0.87721914,-1.1773331,0.9,1220.0,0.029874567
1.0,61,0.26277626,1240.0,0.086413525,0.8770203,-1.2645228,0.8,1240.0,0.02991642
1.0,62,0.2627972,1260.0,0.086360835,0.8770841,-1.297981,0.6,1260.0,0.029912155
1.0,63,0.26287758,1280.0,0.08637164,0.8773423,-1.2576542,0.85,1280.0,0.029928327
1.0,64,0.2628577,1300.0,0.086439885,0.8772614,-1.1603434,1.0,1300.0,0.029972712
0.9,65,0.26284206,1320.0,0.08630842,0.87719744,-0.8865506,0.95,1320.0,0.029968124
1.0,66,0.26281944,1340.0,0.08623961,0.8770965,-1.1675268,0.8,1340.0,0.029955909
1.0,67,0.26276216,1360.0,0.08628694,0.87690884,-1.227999,0.75,1360.0,0.029989084
1.0,68,0.26268882,1380.0,0.08612075,0.87660164,-0.8145553,0.8,1380.0,0.029971074
1.0,69,0.26267397,1400.0,0.08608929,0.87657446,-1.1719314,0.9,1400.0,0.029978078
1.0,70,0.2626329,1420.0,0.08615074,0.87641853,-1.0421674,0.85,1420.0,0.030006086
1.0,71,0.26266623,1440.0,0.08619516,0.8765432,-1.3167825,0.9,1440.0,0.03003544
1.0,72,0.26267973,1460.0,0.086169414,0.8765816,-0.97915685,0.75,1460.0,0.030030925
1.0,73,0.26267242,1480.0,0.08622387,0.876568,-1.2063019,0.85,1480.0,0.030054312
1.0,74,0.2626807,1500.0,0.08612349,0.8766095,-0.86282814,0.85,1500.0,0.0300326
0.95,75,0.26276487,1520.0,0.08612891,0.87694114,-1.0690242,0.8,1520.0,0.030052055
1.0,76,0.2627428,1540.0,0.08617157,0.87684727,-1.037051,0.85,1540.0,0.030077001
0.95,77,0.262757,1560.0,0.08618969,0.8768961,-1.0411062,0.8,1560.0,0.030101717
1.0,78,0.26275763,1580.0,0.08625904,0.8768557,-1.0648148,0.9,1580.0,0.03014791
1.0,79,0.2627836,1600.0,0.0862106,0.8769652,-1.0813938,0.75,1600.0,0.030142039
1.0,80,0.2627644,1620.0,0.08615046,0.8768671,-0.90350735,0.8,1620.0,0.030134697
1.0,81,0.26271665,1640.0,0.08616369,0.876712,-1.0566658,0.9,1640.0,0.030147452
1.0,82,0.26266766,1660.0,0.08612901,0.8765197,-0.8037073,0.85,1660.0,0.030138582
1.0,83,0.26267081,1680.0,0.086119115,0.87646776,-0.7809843,0.75,1680.0,0.030150395
1.0,84,0.26261455,1700.0,0.08600179,0.8762815,-0.6557324,0.9,1700.0,0.030135412
1.0,85,0.2626292,1720.0,0.08604911,0.87629694,-0.8563693,0.7,1720.0,0.030159896
1.0,86,0.26260927,1740.0,0.0861482,0.87620884,-0.94934607,0.85,1740.0,0.030183664
1.0,87,0.26265168,1760.0,0.08625766,0.8763423,-1.1985115,0.8,1760.0,0.030215625
1.0,88,0.2626552,1780.0,0.086188294,0.8763302,-0.695995,0.9,1780.0,0.030211743
1.0,89,0.26263356,1800.0,0.08618898,0.8762293,-0.7539139,0.9,1800.0,0.030222267
1.0,90,0.2626327,1820.0,0.08618588,0.87620974,-0.6172664,0.9,1820.0,0.030226227
1.0,91,0.2626364,1840.0,0.086210735,0.8762083,-0.8676735,0.85,1840.0,0.030235603
1.0,92,0.26261374,1860.0,0.08627772,0.8761077,-1.0207456,0.8,1860.0,0.030252185
1.0,93,0.2625653,1880.0,0.086230375,0.8759013,-0.61612666,0.7,1880.0,0.030246343
1.0,94,0.262581,1900.0,0.08624515,0.8759549,-0.72576755,0.75,1900.0,0.030255426
1.0,95,0.26255062,1920.0,0.08623606,0.87582785,-0.9591471,0.65,1920.0,0.030255113
1.0,96,0.2625932,1940.0,0.08627558,0.8759737,-0.668821,0.65,1940.0,0.03026947
1.0,97,0.2626178,1960.0,0.086263895,0.8760322,-0.67984164,0.75,1960.0,0.030265203
1.0,98,0.26254377,1980.0,0.086238176,0.8757474,-0.80898106,0.9,1980.0,0.03027013
1.0,99,0.26258713,2000.0,0.08633796,0.8759063,-0.7579552,0.8,2000.0,0.030310016
1.0,100,0.26257524,2020.0,0.086282335,0.87587124,-0.6146725,0.75,2020.0,0.030296046
1.0,101,0.26257616,2040.0,0.08625635,0.87588173,-0.6516683,0.9,2040.0,0.030292278
1.0,102,0.2625987,2060.0,0.08629548,0.875987,-0.7152417,0.7,2060.0,0.030302653
1.0,103,0.26264095,2080.0,0.08624079,0.8761229,-0.61685693,0.75,2080.0,0.030298013
1.0,104,0.26259452,2100.0,0.08621913,0.87591964,-0.6169298,0.75,2100.0,0.030294975
1.0,105,0.26261014,2120.0,0.086164065,0.87600416,-0.5295866,0.85,2120.0,0.03028271
1.0,106,0.26259372,2140.0,0.08610898,0.87593824,-0.35981223,0.8,2140.0,0.030270135
1.0,107,0.26254895,2160.0,0.08607622,0.875784,-0.5482063,0.9,2160.0,0.03026222
1.0,108,0.26254404,2180.0,0.08603558,0.8757086,-0.4749504,0.9,2180.0,0.030254176
1.0,109,0.26252592,2200.0,0.08604434,0.8756229,-0.59387815,0.8,2200.0,0.030267466
1.0,110,0.26255336,2220.0,0.085996814,0.87572336,-0.39529637,0.85,2220.0,0.030258095
1.0,111,0.26255375,2240.0,0.08596573,0.8757193,-0.47235355,0.8,2240.0,0.030255854
1.0,112,0.2625364,2260.0,0.08599099,0.8756387,-0.5751436,0.75,2260.0,0.030263122
1.0,113,0.26253173,2280.0,0.08597163,0.87561387,-0.4536737,0.8,2280.0,0.030260095
1.0,114,0.26250237,2300.0,0.08588928,0.8755196,-0.3936507,0.8,2300.0,0.03023918
1.0,115,0.2625082,2320.0,0.08589778,0.8755045,-0.53466207,0.95,2320.0,0.03024447
1.0,116,0.26250842,2340.0,0.08587891,0.87548095,-0.48431388,0.7,2340.0,0.030234987
1.0,117,0.26252347,2360.0,0.08585286,0.87554866,-0.64400005,0.8,2360.0,0.030230358
1.0,118,0.26248986,2380.0,0.0858613,0.8754404,-0.45752907,0.7,2380.0,0.030240972
1.0,119,0.26249045,2400.0,0.085885525,0.8754332,-0.6492765,0.8,2400.0,0.030254269
1.0,120,0.2625144,2420.0,0.08591479,0.8755091,-0.43316245,0.75,2420.0,0.030270029
1.0,121,0.26258427,2440.0,0.08599428,0.8757468,-0.7525104,0.65,2440.0,0.030292982
1.0,122,0.2625675,2460.0,0.0859951,0.87570924,-0.3849942,0.6,2460.0,0.03029489
1.0,123,0.26256603,2480.0,0.08593228,0.87568957,-0.3645282,0.8,2480.0,0.030284842
1.0,124,0.26254207,2500.0,0.08587178,0.8755894,-0.2401109,1.0,2500.0,0.030273255
1.0,125,0.26253006,2520.0,0.08586284,0.87553185,-0.4280447,0.75,2520.0,0.030271936
1.0,126,0.26251903,2540.0,0.085789114,0.875496,-0.35039514,0.8,2540.0,0.030263271
1.0,127,0.26249832,2560.0,0.08579838,0.87544173,-0.5465542,0.8,2560.0,0.030266399
1.0,128,0.26247817,2580.0,0.085769616,0.8753709,-0.35403293,0.65,2580.0,0.030264314
1.0,129,0.2624957,2600.0,0.08570347,0.87544775,-0.35272044,0.75,2600.0,0.030252296
1.0,130,0.26245686,2620.0,0.0857233,0.8753009,-0.4333602,0.8,2620.0,0.030252451
1.0,131,0.26245636,2640.0,0.0856644,0.8753006,-0.24864945,0.6,2640.0,0.030240024
1.0,132,0.2624691,2660.0,0.08564543,0.8753331,-0.33715641,0.8,2660.0,0.030238405
1.0,133,0.2624609,2680.0,0.08565577,0.875299,-0.53100246,0.8,2680.0,0.030244881
1.0,134,0.2624696,2700.0,0.08569742,0.8753403,-0.5066798,0.85,2700.0,0.030253742
1.0,135,0.26246956,2720.0,0.08570793,0.8753474,-0.44646916,0.8,2720.0,0.030260056
1.0,136,0.26247698,2740.0,0.0856852,0.87537724,-0.29368922,0.55,2740.0,0.03025503
1.0,137,0.26247045,2760.0,0.08568493,0.87538236,-0.37944442,0.8,2760.0,0.03025726
1.0,138,0.26248223,2780.0,0.08569869,0.87543845,-0.42210808,0.95,2780.0,0.03026115
1.0,139,0.26244894,2800.0,0.08567067,0.87532204,-0.31822354,0.75,2800.0,0.030262142
1.0,140,0.26240253,2820.0,0.08573192,0.875119,-0.5250038,0.95,2820.0,0.030279774
1.0,141,0.26240274,2840.0,0.085764356,0.8751084,-0.36144882,0.9,2840.0,0.03028987
1.0,142,0.2624088,2860.0,0.08578324,0.8751406,-0.3647046,0.8,2860.0,0.030293439
1.0,143,0.26241103,2880.0,0.08580405,0.87514925,-0.30973512,0.8,2880.0,0.03029998
1.0,144,0.26241618,2900.0,0.0857927,0.8751704,-0.25704694,0.55,2900.0,0.030306008
1.0,145,0.26240546,2920.0,0.085796796,0.8751132,-0.21127081,0.75,2920.0,0.03030786
1.0,146,0.26239043,2940.0,0.08585147,0.8750713,-0.43399197,0.85,2940.0,0.030322492
1.0,147,0.26238254,2960.0,0.08583955,0.87504655,-0.27802193,0.8,2960.0,0.030318763
1.0,148,0.2624163,2980.0,0.08586634,0.87517524,-0.3185372,0.75,2980.0,0.030326854
1.0,149,0.26240444,3000.0,0.08584145,0.8751294,-0.17950165,0.85,3000.0,0.030320596
1.0,150,0.26241443,3020.0,0.08592504,0.87515426,-0.41870785,0.75,3020.0,0.030347485
1.0,151,0.26241413,3040.0,0.08590343,0.87516433,-0.18236509,0.85,3040.0,0.0303371
1.0,152,0.26244292,3060.0,0.08593893,0.87526554,-0.35953942,0.75,3060.0,0.030350918
1.0,153,0.2624474,3080.0,0.08592937,0.8752746,-0.20926318,0.9,3080.0,0.030351171
1.0,154,0.2624503,3100.0,0.085939504,0.87528306,-0.37470463,0.85,3100.0,0.03036265
1.0,155,0.2624744,3120.0,0.08600078,0.8753722,-0.34871992,0.85,3120.0,0.030378157
1.0,156,0.26247585,3140.0,0.08603966,0.87535137,-0.31471366,0.9,3140.0,0.030392397
1.0,157,0.26248986,3160.0,0.08603441,0.87541026,-0.3111853,0.85,3160.0,0.03039762
1.0,158,0.26250046,3180.0,0.08606013,0.8754577,-0.26791555,0.9,3180.0,0.030400509
1.0,159,0.2624968,3200.0,0.08612447,0.87542176,-0.32724148,0.7,3200.0,0.030416781
1.0,160,0.2624935,3220.0,0.08609465,0.87539387,-0.22366056,0.75,3220.0,0.030403187
1.0,161,0.26251537,3240.0,0.08609135,0.8754606,-0.188603,0.75,3240.0,0.03040542
1.0,162,0.26251286,3260.0,0.086106665,0.8754511,-0.25820094,0.8,3260.0,0.030406576
1.0,163,0.26254946,3280.0,0.086114824,0.8755739,-0.30543172,0.8,3280.0,0.03041305
1.0,164,0.26255777,3300.0,0.086138815,0.87559646,-0.26329738,0.6,3300.0,0.030419838
1.0,165,0.26258284,3320.0,0.08610177,0.8756845,-0.18633047,0.75,3320.0,0.030407
1.0,166,0.2626045,3340.0,0.08613374,0.8757675,-0.22555542,0.75,3340.0,0.030418497
1.0,167,0.2625788,3360.0,0.0861448,0.8756912,-0.28184143,0.75,3360.0,0.030415932
1.0,168,0.26257703,3380.0,0.08611551,0.8756626,-0.17003971,0.85,3380.0,0.03040738
1.0,169,0.2625775,3400.0,0.08612192,0.875673,-0.25017196,0.9,3400.0,0.030416125
1.0,170,0.2625852,3420.0,0.08615854,0.8757021,-0.23387656,0.7,3420.0,0.030427944
1.0,171,0.2625969,3440.0,0.086165585,0.87575793,-0.22255495,0.7,3440.0,0.030433472
1.0,172,0.26260394,3460.0,0.086151205,0.8757675,-0.14847282,0.75,3460.0,0.03042829
1.0,173,0.26255795,3480.0,0.086203136,0.875585,-0.3151154,0.85,3480.0,0.0304371
1.0,174,0.26257163,3500.0,0.08619517,0.87564343,-0.20500772,0.8,3500.0,0.030438427
1.0,175,0.26258337,3520.0,0.08615196,0.8756848,-0.12505889,0.7,3520.0,0.030432422
1.0,176,0.2625852,3540.0,0.08621014,0.87568825,-0.26700622,0.65,3540.0,0.030445993
1.0,177,0.26260948,3560.0,0.08625957,0.8757865,-0.21821716,0.8,3560.0,0.030453403
1.0,178,0.26261872,3580.0,0.08625073,0.8758351,-0.15911452,0.7,3580.0,0.030449554
1.0,179,0.26262686,3600.0,0.086286604,0.87586194,-0.22890067,0.9,3600.0,0.030459136
1.0,180,0.26265162,3620.0,0.08633032,0.8759497,-0.20840856,0.9,3620.0,0.03046834
1.0,181,0.26265746,3640.0,0.08633613,0.87597704,-0.1268458,0.7,3640.0,0.030471096
1.0,182,0.2626335,3660.0,0.08639089,0.8758829,-0.2544596,0.8,3660.0,0.030487007
1.0,183,0.26260644,3680.0,0.08636349,0.87576675,-0.1463994,0.85,3680.0,0.030480495
1.0,184,0.26261294,3700.0,0.086308874,0.87577647,-0.11536602,0.8,3700.0,0.030467827
1.0,185,0.26261985,3720.0,0.0862959,0.8757987,-0.11360644,0.75,3720.0,0.0304654
1.0,186,0.2625975,3740.0,0.086297266,0.87571067,-0.16047998,0.85,3740.0,0.030464824
1.0,187,0.26259708,3760.0,0.08629826,0.87571067,-0.17178646,0.75,3760.0,0.030466586
1.0,188,0.2625987,3780.0,0.08625237,0.8757146,-0.11136796,0.75,3780.0,0.030450577
1.0,189,0.26263374,3800.0,0.08628497,0.8758362,-0.16263351,0.7,3800.0,0.030467581
1.0,190,0.26262206,3820.0,0.08628451,0.87578267,-0.20384073,0.85,3820.0,0.030468885
1.0,191,0.26262188,3840.0,0.08623374,0.8757837,-0.088540986,0.8,3840.0,0.030458158
1.0,192,0.26262486,3860.0,0.086188175,0.8757792,-0.09659773,0.8,3860.0,0.030445665
1.0,193,0.26261008,3880.0,0.08621576,0.87570685,-0.17238948,0.85,3880.0,0.030455628
1.0,194,0.26260448,3900.0,0.08619491,0.87565714,-0.09388149,0.8,3900.0,0.030450147
1.0,195,0.2625676,3920.0,0.08621422,0.87553024,-0.14951636,0.8,3920.0,0.0304555
1.0,196,0.26255345,3940.0,0.086212,0.8754897,-0.09526937,0.8,3940.0,0.030453678
1.0,197,0.26256496,3960.0,0.08621317,0.8755305,-0.14834373,0.85,3960.0,0.03045896
1.0,198,0.2625495,3980.0,0.08618331,0.8754649,-0.08476296,0.75,3980.0,0.030453727
1.0,199,0.26255876,4000.0,0.08617976,0.8754961,-0.15548328,0.85,4000.0,0.03045692
1.0,200,0.26253232,4020.0,0.08619847,0.87538606,-0.13027288,0.8,4020.0,0.030461272
1.0,201,0.262558,4040.0,0.086206354,0.8754792,-0.0811834,0.8,4040.0,0.030469168
1.0,202,0.262539,4060.0,0.08617998,0.8754037,-0.084634505,0.7,4060.0,0.030466903
1.0,203,0.26255953,4080.0,0.08616251,0.87549335,-0.12725575,0.9,4080.0,0.030463463
1.0,204,0.26255754,4100.0,0.08619065,0.87548727,-0.16074182,0.65,4100.0,0.030474657
1.0,205,0.26256636,4120.0,0.086170964,0.8755196,-0.10828259,0.8,4120.0,0.030468663
1.0,206,0.26258284,4140.0,0.08615998,0.8756027,-0.14740743,0.65,4140.0,0.030466074
1.0,207,0.26258686,4160.0,0.08615887,0.87559885,-0.13979341,0.7,4160.0,0.03046674
1.0,208,0.2625884,4180.0,0.08614061,0.87560254,-0.083269015,0.8,4180.0,0.030458936
1.0,209,0.26258582,4200.0,0.08616257,0.8755839,-0.16921994,0.85,4200.0,0.030463552
1.0,210,0.2625855,4220.0,0.08619297,0.8755732,-0.18274036,0.9,4220.0,0.030472526
1.0,211,0.26258194,4240.0,0.08623179,0.8755629,-0.14822093,0.75,4240.0,0.030484587
1.0,212,0.26259273,4260.0,0.08623534,0.8756044,-0.10151736,0.65,4260.0,0.03048842
1.0,213,0.26261142,4280.0,0.08619969,0.87565786,-0.12280973,0.9,4280.0,0.030479645
1.0,214,0.26261324,4300.0,0.08620182,0.875683,-0.13217418,0.85,4300.0,0.030482953
1.0,215,0.26259956,4320.0,0.086214684,0.87562543,-0.11918402,0.8,4320.0,0.030487472
1.0,216,0.26259,4340.0,0.08619577,0.87558156,-0.075009495,0.8,4340.0,0.03048485
1.0,217,0.2625968,4360.0,0.08620149,0.87560314,-0.13071007,0.7,4360.0,0.0304855
1.0,218,0.26261213,4380.0,0.08621436,0.8756649,-0.11634903,0.85,4380.0,0.030486101
1.0,219,0.26262084,4400.0,0.086189516,0.87569636,-0.086393185,0.75,4400.0,0.03048344
1.0,220,0.26260418,4420.0,0.08623583,0.8756167,-0.16882893,0.8,4420.0,0.030492574
1.0,221,0.26259622,4440.0,0.08625707,0.87558764,-0.07942392,0.8,4440.0,0.030496156
1.0,222,0.26259688,4460.0,0.08625844,0.87559557,-0.1130169,0.7,4460.0,0.030495804
1.0,223,0.26257703,4480.0,0.08631158,0.8755172,-0.18336737,0.7,4480.0,0.030504655
1.0,224,0.26257053,4500.0,0.08630178,0.87548137,-0.09512225,0.8,4500.0,0.030500323
1.0,225,0.2625678,4520.0,0.08630436,0.87546223,-0.116561174,0.7,4520.0,0.030497015
1.0,226,0.26256102,4540.0,0.0863137,0.8754332,-0.10628893,0.7,4540.0,0.030500302
1.0,227,0.26257324,4560.0,0.08630794,0.8754824,-0.08082197,0.8,4560.0,0.030503858
1.0,228,0.2625807,4580.0,0.08627182,0.87550646,-0.07420339,0.75,4580.0,0.030501425
1.0,229,0.26257575,4600.0,0.08624842,0.8754943,-0.06151559,0.55,4600.0,0.030495215
1.0,230,0.2625542,4620.0,0.08625581,0.875406,-0.097610906,0.85,4620.0,0.030498099
1.0,231,0.26253918,4640.0,0.086247645,0.87536687,-0.07615355,0.75,4640.0,0.030496964
1.0,232,0.26252803,4660.0,0.08621725,0.8753018,-0.06114363,0.65,4660.0,0.030488422
1.0,233,0.26252404,4680.0,0.0862278,0.87528163,-0.09137523,0.65,4680.0,0.030490732
1.0,234,0.2625335,4700.0,0.08624626,0.87530446,-0.076383695,0.7,4700.0,0.030497503
1.0,235,0.26253936,4720.0,0.08624206,0.8753133,-0.04900608,0.85,4720.0,0.030493638
1.0,236,0.26253656,4740.0,0.08621045,0.8753024,-0.06713693,0.75,4740.0,0.03048696
1.0,237,0.26252562,4760.0,0.08624477,0.8752444,-0.12793656,0.75,4760.0,0.03049778
1.0,238,0.26252028,4780.0,0.086224206,0.8752323,-0.09387482,0.6,4780.0,0.030491129
1.0,239,0.26251593,4800.0,0.08621944,0.87521267,-0.0928185,0.8,4800.0,0.030489122
1.0,240,0.2624907,4820.0,0.08622507,0.875127,-0.06783828,0.8,4820.0,0.030488933
1.0,241,0.26251307,4840.0,0.086255945,0.87520033,-0.0907298,0.75,4840.0,0.030496866
1.0,242,0.2625098,4860.0,0.08624067,0.87517947,-0.05755846,0.9,4860.0,0.030493077
1.0,243,0.26249832,4880.0,0.08622086,0.8751197,-0.060809027,0.75,4880.0,0.030488383
1.0,244,0.2625001,4900.0,0.08620343,0.87512255,-0.047252655,0.8,4900.0,0.03048041
1.0,245,0.26249665,4920.0,0.086177856,0.87509966,-0.057576448,0.7,4920.0,0.030473044
1.0,246,0.26250145,4940.0,0.086214446,0.87511826,-0.09278861,0.8,4940.0,0.030483056
1.0,247,0.2624997,4960.0,0.086208306,0.87511283,-0.06024952,0.7,4960.0,0.030482247
1.0,248,0.2624939,4980.0,0.086235814,0.8750866,-0.1040956,0.8,4980.0,0.030487906
1.0,249,0.2624872,5000.0,0.08621796,0.8750635,-0.047252912,0.7,5000.0,0.030481696
1.0,250,0.26249653,5020.0,0.086250156,0.87509775,-0.11434953,0.85,5020.0,0.03048864
1.0,251,0.262487,5040.0,0.08624526,0.87506074,-0.093154974,0.8,5040.0,0.030485366
1.0,252,0.26250204,5060.0,0.08623513,0.87511903,-0.05488029,0.8,5060.0,0.03048104
1.0,253,0.26250333,5080.0,0.08623284,0.875124,-0.060218643,0.75,5080.0,0.030477723
1.0,254,0.26249287,5100.0,0.08624926,0.8750739,-0.10337671,0.85,5100.0,0.030480543
1.0,255,0.26247743,5120.0,0.086273395,0.87500453,-0.08963779,0.65,5120.0,0.03048344
1.0,256,0.26248395,5140.0,0.086235195,0.8750198,-0.041890018,0.9,5140.0,0.030476471
1.0,257,0.26250023,5160.0,0.086206734,0.8750796,-0.07543949,0.9,5160.0,0.030470293
1.0,258,0.2625126,5180.0,0.08623294,0.8751108,-0.07618491,0.65,5180.0,0.030478701
1.0,259,0.26249784,5200.0,0.086223125,0.8750534,-0.10884662,0.9,5200.0,0.030476179
1.0,260,0.26250806,5220.0,0.08619184,0.87509364,-0.061396487,0.85,5220.0,0.030470315
1.0,261,0.26250288,5240.0,0.08618596,0.8750703,-0.07248224,0.6,5240.0,0.030469531
1.0,262,0.262511,5260.0,0.08619339,0.8751003,-0.101496235,0.8,5260.0,0.030473432
1.0,263,0.2625007,5280.0,0.08618457,0.8750718,-0.06782852,0.7,5280.0,0.030469377
1.0,264,0.262498,5300.0,0.086176775,0.87505794,-0.061632894,0.8,5300.0,0.03046808
1.0,265,0.26251996,5320.0,0.086164,0.8751294,-0.08317481,1.0,5320.0,0.030471155
1.0,266,0.2625147,5340.0,0.08615472,0.87511307,-0.018224852,0.8,5340.0,0.030467695
1.0,267,0.2625121,5360.0,0.086164534,0.8751009,-0.0759124,0.95,5360.0,0.030465994
1.0,268,0.2625137,5380.0,0.08618501,0.8751085,-0.05799377,0.75,5380.0,0.030473793
1.0,269,0.26251626,5400.0,0.08618617,0.87510204,-0.064912654,0.75,5400.0,0.030469488
1.0,270,0.26254094,5420.0,0.08619836,0.87518066,-0.080279075,0.7,5420.0,0.030473268
1.0,271,0.26253277,5440.0,0.086235315,0.8751373,-0.07770772,0.85,5440.0,0.030482521
1.0,272,0.26252815,5460.0,0.086253196,0.8751197,-0.0746817,0.65,5460.0,0.030489841
1.0,273,0.26253018,5480.0,0.08626475,0.8751157,-0.054942716,0.6,5480.0,0.030492414
1.0,274,0.26253757,5500.0,0.08627614,0.87512714,-0.06676848,0.85,5500.0,0.030498266
1.0,275,0.26253265,5520.0,0.08627507,0.8751059,-0.05075978,0.8,5520.0,0.03049675
1.0,276,0.26255268,5540.0,0.0862391,0.8751802,-0.071783565,0.75,5540.0,0.030489748
1.0,277,0.2625503,5560.0,0.08623437,0.8751599,-0.049408983,0.75,5560.0,0.030487597
1.0,278,0.26254392,5580.0,0.086235486,0.87513465,-0.055024378,0.8,5580.0,0.030489668
1.0,279,0.2625394,5600.0,0.08624979,0.8751065,-0.087907515,0.8,5600.0,0.03049618
1.0,280,0.26255372,5620.0,0.08625614,0.87515014,-0.053583544,0.75,5620.0,0.030502263
1.0,281,0.2625445,5640.0,0.08622988,0.8751214,-0.029241055,0.85,5640.0,0.030498326
1.0,282,0.26254767,5660.0,0.08627039,0.87512636,-0.089952156,0.8,5660.0,0.030507123
1.0,283,0.2625401,5680.0,0.08629054,0.87509876,-0.06477973,0.85,5680.0,0.030511621
1.0,284,0.2625444,5700.0,0.08627657,0.8751157,-0.06907009,0.75,5700.0,0.03051037
1.0,285,0.2625504,5720.0,0.086303554,0.87513775,-0.083494775,0.7,5720.0,0.030516002
1.0,286,0.26255077,5740.0,0.0862743,0.87514144,0.00046316627,0.85,5740.0,0.030509025
1.0,287,0.26254964,5760.0,0.08626029,0.8751421,-0.029235784,0.65,5760.0,0.030507484
1.0,288,0.26256472,5780.0,0.086251974,0.87520766,-0.051171876,0.7,5780.0,0.0305052
1.0,289,0.26255423,5800.0,0.08625116,0.8751569,-0.04963506,0.8,5800.0,0.030504405
1.0,290,0.26253265,5820.0,0.08624893,0.8750791,-0.037535936,0.85,5820.0,0.030505467
1.0,291,0.2625372,5840.0,0.08624834,0.87509274,-0.055430748,0.7,5840.0,0.030505663
1.0,292,0.26254243,5860.0,0.08622972,0.87510705,-0.062038135,0.75,5860.0,0.030499393
1.0,293,0.26254207,5880.0,0.08619943,0.87509984,-0.041208956,0.7,5880.0,0.030492187
1.0,294,0.26254666,5900.0,0.08622611,0.8751025,-0.052990634,0.65,5900.0,0.030498791
1.0,295,0.26255146,5920.0,0.086223446,0.8751013,-0.05787046,0.7,5920.0,0.030496469
1.0,296,0.2625527,5940.0,0.086231925,0.87510014,-0.06402902,0.65,5940.0,0.030502226
1.0,297,0.26255634,5960.0,0.08623437,0.8751047,-0.034436036,0.7,5960.0,0.030503947
1.0,298,0.26254314,5980.0,0.08624188,0.87506247,-0.059388064,0.6,5980.0,0.030507708
1.0,299,0.2625472,6000.0,0.08624613,0.875068,-0.02094394,0.75,6000.0,0.0305142
1.0,300,0.26254827,6020.0,0.08623254,0.87508804,-0.057625335,0.8,6020.0,0.030510446
1.0,301,0.26254132,6040.0,0.086262025,0.87505263,-0.06660237,0.75,6040.0,0.03051952
1.0,302,0.26254475,6060.0,0.08627177,0.875065,-0.07959234,0.5,6060.0,0.030524531
1.0,303,0.26253176,6080.0,0.086271346,0.8750167,-0.05406036,0.75,6080.0,0.030524667
1.0,304,0.2625337,6100.0,0.086256884,0.8750303,-0.062016945,0.85,6100.0,0.030519223
1.0,305,0.26251304,6120.0,0.08626326,0.8749439,-0.082764186,0.7,6120.0,0.030518014
1.0,306,0.26251364,6140.0,0.08625585,0.8749397,-0.05659634,0.75,6140.0,0.030517232
1.0,307,0.2625059,6160.0,0.08625359,0.87490416,-0.06087802,0.65,6160.0,0.030516129
1.0,308,0.26248938,6180.0,0.08626947,0.8748353,-0.093563005,0.75,6180.0,0.03051883
1.0,309,0.2625091,6200.0,0.08627214,0.87491256,-0.06901781,0.75,6200.0,0.030520614
1.0,310,0.26251656,6220.0,0.086257756,0.8749408,-0.073143825,0.85,6220.0,0.030520145
1.0,311,0.26251575,6240.0,0.08625426,0.8749323,-0.077148646,0.75,6240.0,0.030518923
1.0,312,0.26252222,6260.0,0.086291514,0.87496233,-0.07405907,0.85,6260.0,0.030531
1.0,313,0.2625143,6280.0,0.08629906,0.87493753,-0.08200477,0.6,6280.0,0.030535787
1.0,314,0.26251936,6300.0,0.08630016,0.8749749,-0.053478472,0.75,6300.0,0.030538013
1.0,315,0.26252776,6320.0,0.086302936,0.87500423,-0.067623444,0.75,6320.0,0.030540902
1.0,316,0.26254645,6340.0,0.0863137,0.87507373,-0.075249046,0.75,6340.0,0.030546304
1.0,317,0.26254386,6360.0,0.08629906,0.8750572,-0.055371083,0.65,6360.0,0.030541498
1.0,318,0.26255083,6380.0,0.08628825,0.87508315,-0.06942971,0.75,6380.0,0.03053834
1.0,319,0.262546,6400.0,0.08629623,0.87507075,-0.062220722,0.7,6400.0,0.030544316
1.0,320,0.26255447,6420.0,0.0863354,0.87510616,-0.09975358,0.8,6420.0,0.030555204
1.0,321,0.26254398,6440.0,0.08634597,0.8750631,-0.06472728,0.8,6440.0,0.030559162
1.0,322,0.26255244,6460.0,0.08635822,0.8750885,-0.050711863,0.75,6460.0,0.030562494
1.0,323,0.26255244,6480.0,0.086350024,0.87508124,-0.04835028,0.7,6480.0,0.0305624
1.0,324,0.26255274,6500.0,0.08634573,0.87508297,-0.031561274,0.7,6500.0,0.03055879
1.0,325,0.26254708,6520.0,0.08636215,0.8750594,-0.052295245,0.75,6520.0,0.03056545
1.0,326,0.26253155,6540.0,0.08638391,0.8749926,-0.06657729,0.8,6540.0,0.030576726
1.0,327,0.26253992,6560.0,0.08639932,0.8750219,-0.07801442,0.75,6560.0,0.030581515
1.0,328,0.26253408,6580.0,0.08637104,0.87498885,-0.03521389,0.7,6580.0,0.030574257
1.0,329,0.26254147,6600.0,0.0863506,0.8750207,-0.05087431,0.7,6600.0,0.03057219
1.0,330,0.2625479,6620.0,0.086384326,0.87504363,-0.07127431,0.8,6620.0,0.030578634
1.0,331,0.26256216,6640.0,0.086380936,0.87509084,-0.06255273,0.85,6640.0,0.030578699
1.0,332,0.26257622,6660.0,0.08637822,0.8751386,-0.06462866,0.65,6660.0,0.03057696
1.0,333,0.26259223,6680.0,0.08636841,0.87520075,-0.07336673,0.8,6680.0,0.030575689
1.0,334,0.26260468,6700.0,0.08637488,0.8752381,-0.031060606,0.75,6700.0,0.030578146
1.0,335,0.2626166,6720.0,0.086372614,0.8752835,-0.044017144,0.6,6720.0,0.03057779
1.0,336,0.26261768,6740.0,0.086349845,0.8752777,-0.02428107,0.95,6740.0,0.030571887
1.0,337,0.26261052,6760.0,0.08633732,0.87525254,-0.053841423,0.8,6760.0,0.030569132
1.0,338,0.26260394,6780.0,0.08633521,0.8752246,-0.04240177,0.7,6780.0,0.030565534
1.0,339,0.2625976,6800.0,0.08636397,0.87519866,-0.048423324,0.85,6800.0,0.030571366
1.0,340,0.26260322,6820.0,0.08639532,0.87522155,-0.07787504,0.8,6820.0,0.030581081
1.0,341,0.2625978,6840.0,0.08640397,0.87519974,-0.098039754,0.65,6840.0,0.03058133
1.0,342,0.2626049,6860.0,0.08638457,0.87523395,-0.04195659,0.85,6860.0,0.030574137
1.0,343,0.26260307,6880.0,0.08637946,0.8752305,-0.06615537,0.7,6880.0,0.030575234
1.0,344,0.26261133,6900.0,0.08638114,0.8752629,-0.05001723,0.7,6900.0,0.03057672
1.0,345,0.2626269,6920.0,0.086381406,0.8753097,-0.05562945,0.75,6920.0,0.030580487
1.0,346,0.26263207,6940.0,0.08637205,0.87533563,-0.061630495,0.65,6940.0,0.030576777
1.0,347,0.26263046,6960.0,0.086371146,0.8753275,-0.059142105,0.55,6960.0,0.030576695
1.0,348,0.2626321,6980.0,0.08637151,0.8753254,-0.05390773,0.85,6980.0,0.03057836
1.0,349,0.2626231,7000.0,0.086379826,0.8752957,-0.040618375,0.75,7000.0,0.030579943
1.0,350,0.26261175,7020.0,0.0863784,0.87525845,-0.06730597,0.65,7020.0,0.030580843
1.0,351,0.26260853,7040.0,0.08635517,0.87524766,-0.0066910917,0.75,7040.0,0.030573945
1.0,352,0.26261157,7060.0,0.08636049,0.8752494,-0.05331676,0.7,7060.0,0.030575532
1.0,353,0.26259965,7080.0,0.086369164,0.8751972,-0.02771539,0.65,7080.0,0.030576443
1.0,354,0.26260665,7100.0,0.08637836,0.8752162,-0.075095944,0.75,7100.0,0.03057777
1.0,355,0.26259854,7120.0,0.08636483,0.8751847,-0.04328298,0.8,7120.0,0.03057461
1.0,356,0.26259536,7140.0,0.08633033,0.8751728,-0.030321758,0.75,7140.0,0.030565446
1.0,357,0.26260954,7160.0,0.08632537,0.87521553,-0.075711034,0.7,7160.0,0.030565599
1.0,358,0.26262385,7180.0,0.08633819,0.8752629,-0.070197865,0.75,7180.0,0.0305699
1.0,359,0.26263317,7200.0,0.08630508,0.8752983,-0.030125875,0.7,7200.0,0.030559763
1.0,360,0.26262718,7220.0,0.08629241,0.87527114,-0.06588765,0.65,7220.0,0.030560488
1.0,361,0.26263636,7240.0,0.08626535,0.8753024,-0.025252655,0.75,7240.0,0.030551901
1.0,362,0.26263726,7260.0,0.08626478,0.8753009,-0.053428005,0.65,7260.0,0.030552104
1.0,363,0.26264462,7280.0,0.08627368,0.875319,-0.05888792,0.9,7280.0,0.03055301
1.0,364,0.26265126,7300.0,0.08629736,0.87534064,-0.09674475,0.8,7300.0,0.030560296
1.0,365,0.26265472,7320.0,0.08629278,0.8753621,-0.035403185,0.35,7320.0,0.030557986
1.0,366,0.2626533,7340.0,0.08628881,0.8753579,-0.07677105,1.0,7340.0,0.03056038
1.0,367,0.26266196,7360.0,0.08628271,0.87538314,-0.075782485,0.75,7360.0,0.030559411
1.0,368,0.2626651,7380.0,0.086290576,0.8753969,-0.06195227,0.75,7380.0,0.030564804
1.0,369,0.26266545,7400.0,0.0863137,0.87540394,-0.098694816,0.65,7400.0,0.030572843
1.0,370,0.26266643,7420.0,0.08633426,0.87540555,-0.07945344,0.65,7420.0,0.030577272
1.0,371,0.26266924,7440.0,0.086330794,0.8754167,-0.061603915,0.7,7440.0,0.030577838
1.0,372,0.2626739,7460.0,0.08634766,0.8754366,-0.080146894,0.85,7460.0,0.030582378
1.0,373,0.26267266,7480.0,0.08633105,0.8754277,-0.072730824,0.75,7480.0,0.030575952
1.0,374,0.26266453,7500.0,0.0863274,0.8753939,-0.058573164,0.7,7500.0,0.030575216
1.0,375,0.26266256,7520.0,0.08634356,0.8753865,-0.071862265,0.85,7520.0,0.030580014
1.0,376,0.26266137,7540.0,0.08635511,0.8753727,-0.084696345,0.7,7540.0,0.030581648
1.0,377,0.26266152,7560.0,0.08636314,0.87536865,-0.054780073,0.8,7560.0,0.030582348
1.0,378,0.26265523,7580.0,0.08637393,0.8753374,-0.07798968,0.65,7580.0,0.03058489
1.0,379,0.26265293,7600.0,0.086362,0.87533,-0.0125483,0.7,7600.0,0.030581161
1.0,380,0.26266038,7620.0,0.08638004,0.8753558,-0.06258638,0.85,7620.0,0.030589972
1.0,381,0.26267004,7640.0,0.086389266,0.87537545,-0.048045974,0.8,7640.0,0.030589003
1.0,382,0.26266572,7660.0,0.08640868,0.8753512,-0.08877168,0.75,7660.0,0.03059507
1.0,383,0.26266208,7680.0,0.08640195,0.8753309,-0.077824585,0.85,7680.0,0.030591285
1.0,384,0.262668,7700.0,0.08638086,0.8753466,-0.05672685,0.85,7700.0,0.030585965
1.0,385,0.2626765,7720.0,0.08635899,0.8753805,-0.07829352,0.7,7720.0,0.03057995
1.0,386,0.26267922,7740.0,0.08634748,0.8753993,-0.049368877,0.85,7740.0,0.03057761
1.0,387,0.2626738,7760.0,0.08633294,0.875379,-0.053786613,0.75,7760.0,0.030573929
1.0,388,0.26267606,7780.0,0.08632182,0.87539244,-0.06343,0.8,7780.0,0.030571043
1.0,389,0.26268172,7800.0,0.08634982,0.8754117,-0.07042913,0.7,7800.0,0.030577397
1.0,390,0.26268223,7820.0,0.08636453,0.8754087,-0.043927316,0.8,7820.0,0.030580614
1.0,391,0.2626884,7840.0,0.086366236,0.87543684,-0.08524729,0.65,7840.0,0.030582309
1.0,392,0.26268744,7860.0,0.086378634,0.87543505,-0.0777911,0.65,7860.0,0.030583043
1.0,393,0.26268405,7880.0,0.08636186,0.87541705,-0.029068667,0.75,7880.0,0.030578285
1.0,394,0.26268375,7900.0,0.08635942,0.8754185,-0.018417096,0.95,7900.0,0.030575637
1.0,395,0.26267928,7920.0,0.08635443,0.87540364,-0.04352712,0.8,7920.0,0.030572977
1.0,396,0.262689,7940.0,0.08636236,0.8754441,-0.07545553,0.65,7940.0,0.03057732
1.0,397,0.26269045,7960.0,0.08637253,0.8754459,-0.07823233,0.85,7960.0,0.030580187
1.0,398,0.26268148,7980.0,0.08636671,0.8754148,-0.06843116,0.75,7980.0,0.03057887
1.0,399,0.2626837,8000.0,0.086361855,0.875426,-0.081156924,0.7,8000.0,0.030576702
1.0,400,0.26267734,8020.0,0.086355366,0.87539387,-0.094454065,0.8,8020.0,0.030577049
1.0,401,0.2626706,8040.0,0.08635757,0.87537414,-0.07649701,0.75,8040.0,0.030578459
1.0,402,0.262666,8060.0,0.086385064,0.87534505,-0.11992556,0.7,8060.0,0.030584197
1.0,403,0.26267353,8080.0,0.08637091,0.87536335,-0.017800216,0.65,8080.0,0.030582488
1.0,404,0.26267165,8100.0,0.08637319,0.8753557,-0.056583613,0.75,8100.0,0.030583229
1.0,405,0.26266867,8120.0,0.0863792,0.875333,-0.07463762,0.6,8120.0,0.03058501
1.0,406,0.26266155,8140.0,0.08640209,0.87531155,-0.0919939,0.85,8140.0,0.030593041
1.0,407,0.262669,8160.0,0.08637258,0.8753355,-0.029149983,0.9,8160.0,0.030586064
1.0,408,0.26265648,8180.0,0.08638301,0.8752944,-0.10982257,0.8,8180.0,0.030593093
1.0,409,0.26266223,8200.0,0.08636796,0.87531334,-0.020415585,0.8,8200.0,0.030589323
1.0,410,0.26265442,8220.0,0.08636419,0.8752818,-0.07233735,0.55,8220.0,0.030587727
1.0,411,0.26265377,8240.0,0.086357296,0.87527186,-0.074529454,0.75,8240.0,0.03058486
1.0,412,0.26264352,8260.0,0.0863635,0.87522674,-0.05139426,0.85,8260.0,0.03058958
1.0,413,0.26263863,8280.0,0.08636322,0.87520593,-0.100424804,0.45,8280.0,0.030586565
1.0,414,0.26265433,8300.0,0.0863716,0.8752649,-0.07803817,0.7,8300.0,0.030589279
1.0,415,0.26265958,8320.0,0.08637339,0.8752807,-0.068141736,0.8,8320.0,0.030589
1.0,416,0.26266083,8340.0,0.0863703,0.87528247,-0.07147544,0.7,8340.0,0.030586207
1.0,417,0.2626524,8360.0,0.08636934,0.8752474,-0.08172691,0.75,8360.0,0.030586343
1.0,418,0.2626661,8380.0,0.0863713,0.8753104,-0.048042566,0.75,8380.0,0.030586224
1.0,419,0.26265982,8400.0,0.0863489,0.8752839,-0.038458113,0.7,8400.0,0.030581808
1.0,420,0.26265436,8420.0,0.0863427,0.8752573,-0.04381148,0.75,8420.0,0.030583551
1.0,421,0.26265672,8440.0,0.086347215,0.8752571,-0.085345134,0.55,8440.0,0.030584585
1.0,422,0.2626508,8460.0,0.08635467,0.8752334,-0.0550267,0.65,8460.0,0.030585503
1.0,423,0.26263833,8480.0,0.086363055,0.8751834,-0.08399882,0.8,8480.0,0.030584669
1.0,424,0.2626435,8500.0,0.08636513,0.87520665,-0.042230807,0.8,8500.0,0.030585114
1.0,425,0.26265144,8520.0,0.08637083,0.8752339,-0.06381408,0.7,8520.0,0.030585378
1.0,426,0.26264927,8540.0,0.08637873,0.87521726,-0.080646574,0.7,8540.0,0.030586023
1.0,427,0.26265442,8560.0,0.0863632,0.87523335,-0.0632558,0.6,8560.0,0.030581411
1.0,428,0.26265752,8580.0,0.08636884,0.8752455,-0.0839575,0.6,8580.0,0.030588025
1.0,429,0.2626546,8600.0,0.08636037,0.8752308,-0.059416763,0.8,8600.0,0.030585852
1.0,430,0.26265043,8620.0,0.08637157,0.87522,-0.07047236,0.75,8620.0,0.030587832
1.0,431,0.26263952,8640.0,0.08637464,0.8751776,-0.055906277,0.7,8640.0,0.030587617
1.0,432,0.26264566,8660.0,0.086372055,0.87519723,-0.045490265,0.75,8660.0,0.030588184
1.0,433,0.26264632,8680.0,0.086363316,0.87519336,-0.057948433,0.85,8680.0,0.030585825
1.0,434,0.26265123,8700.0,0.08636517,0.87521386,-0.06305883,0.8,8700.0,0.030586665
1.0,435,0.26264465,8720.0,0.08637551,0.875184,-0.0644695,0.6,8720.0,0.030586233
1.0,436,0.26265427,8740.0,0.08637463,0.87522316,-0.07188897,0.9,8740.0,0.030585106
1.0,437,0.26265374,8760.0,0.08637472,0.87522554,-0.09092073,0.65,8760.0,0.03058301
1.0,438,0.26265693,8780.0,0.08638901,0.8752447,-0.060942102,0.85,8780.0,0.03058793
1.0,439,0.26264983,8800.0,0.08638259,0.8752157,-0.05041033,0.7,8800.0,0.030586457
1.0,440,0.26264805,8820.0,0.086384796,0.8751972,-0.080561325,0.8,8820.0,0.03058632
1.0,441,0.26264757,8840.0,0.08637465,0.8751916,-0.037524946,0.7,8840.0,0.030582946
1.0,442,0.26265353,8860.0,0.08638107,0.87521213,-0.08025204,0.85,8860.0,0.030585894
1.0,443,0.26265535,8880.0,0.08638176,0.8752168,-0.065839306,0.75,8880.0,0.030585367
1.0,444,0.26266316,8900.0,0.08637165,0.8752472,-0.03661991,0.85,8900.0,0.03058285
1.0,445,0.26266518,8920.0,0.08637912,0.87524873,-0.08477754,0.65,8920.0,0.030585876
1.0,446,0.26266688,8940.0,0.0863839,0.87526304,-0.073344976,0.7,8940.0,0.03058527
1.0,447,0.26267928,8960.0,0.08638581,0.87530875,-0.07702684,0.8,8960.0,0.030585442
1.0,448,0.26267353,8980.0,0.086379625,0.87529516,-0.04743621,0.7,8980.0,0.030583387
1.0,449,0.26267204,9000.0,0.08636942,0.87529594,-0.043571603,0.8,9000.0,0.030579472
1.0,450,0.2626687,9020.0,0.08637894,0.8752835,-0.05296154,0.8,9020.0,0.030582106
1.0,451,0.26266474,9040.0,0.08638679,0.87527376,-0.071406126,0.65,9040.0,0.030584598
1.0,452,0.26266265,9060.0,0.08639864,0.8752702,-0.042128127,0.85,9060.0,0.030586848
1.0,453,0.26266453,9080.0,0.0863627,0.8752804,-0.049522627,0.75,9080.0,0.030577376
1.0,454,0.26267552,9100.0,0.086365975,0.8753157,-0.062472165,0.9,9100.0,0.030577973
1.0,455,0.26268315,9120.0,0.086365275,0.8753529,-0.04521161,0.65,9120.0,0.030576903
1.0,456,0.2626844,9140.0,0.08635866,0.87535524,-0.075116225,0.8,9140.0,0.030577967
1.0,457,0.2626862,9160.0,0.0863567,0.8753665,-0.06316756,0.8,9160.0,0.030577112
1.0,458,0.26268706,9180.0,0.08636289,0.8753688,-0.057961185,0.55,9180.0,0.030579519
1.0,459,0.2626889,9200.0,0.08635357,0.87537616,-0.06805055,0.85,9200.0,0.03057749
1.0,460,0.2626832,9220.0,0.08635989,0.8753536,-0.07187984,0.65,9220.0,0.030577425
1.0,461,0.2626981,9240.0,0.08635688,0.87540793,-0.03732928,0.7,9240.0,0.030577576
1.0,462,0.2626953,9260.0,0.08636788,0.8753913,-0.06453311,0.6,9260.0,0.03057922
1.0,463,0.26269716,9280.0,0.086368926,0.8753962,-0.042898793,0.7,9280.0,0.030578975
1.0,464,0.26269507,9300.0,0.08635337,0.8753856,-0.051522065,0.5,9300.0,0.030573841
1.0,465,0.26269498,9320.0,0.08637322,0.87538743,-0.10638982,0.65,9320.0,0.030578816
1.0,466,0.26269448,9340.0,0.08636773,0.87539154,-0.046249595,0.85,9340.0,0.030576736
1.0,467,0.262701,9360.0,0.08635223,0.8754112,-0.043119784,0.75,9360.0,0.030572385
1.0,468,0.26270285,9380.0,0.08635967,0.8754166,-0.07441505,0.65,9380.0,0.030573193
1.0,469,0.26269978,9400.0,0.08636861,0.8753967,-0.08363401,0.9,9400.0,0.030576449
1.0,470,0.26269946,9420.0,0.0863812,0.875387,-0.08000496,0.75,9420.0,0.030577948
1.0,471,0.26270536,9440.0,0.086378135,0.87540644,-0.074732244,0.8,9440.0,0.03057677
1.0,472,0.2627049,9460.0,0.08638368,0.87540126,-0.062288783,0.85,9460.0,0.030580675
1.0,473,0.26271564,9480.0,0.08638981,0.8754366,-0.062198002,0.9,9480.0,0.030583898
1.0,474,0.26271462,9500.0,0.086415984,0.8754337,-0.05899766,0.85,9500.0,0.030589765
1.0,475,0.26271945,9520.0,0.08643288,0.8754461,-0.09735654,0.85,9520.0,0.030596072
1.0,476,0.26270613,9540.0,0.086446814,0.8753946,-0.07525699,0.85,9540.0,0.030598706
1.0,477,0.26270533,9560.0,0.08644121,0.8753969,-0.056712,0.65,9560.0,0.030595949
1.0,478,0.26270786,9580.0,0.08643457,0.8754113,-0.05839748,0.7,9580.0,0.03059405
1.0,479,0.26270616,9600.0,0.08642963,0.8753987,-0.06710724,0.7,9600.0,0.03059356
1.0,480,0.26270694,9620.0,0.086428076,0.87539935,-0.0772842,0.75,9620.0,0.030591214
1.0,481,0.26270956,9640.0,0.08643403,0.87540764,-0.08940579,0.85,9640.0,0.030593295
1.0,482,0.26270106,9660.0,0.08643643,0.87537545,-0.06952481,0.7,9660.0,0.030593837
1.0,483,0.26269138,9680.0,0.08642551,0.8753276,-0.067283735,0.75,9680.0,0.030588228
1.0,484,0.26269215,9700.0,0.086437196,0.8753324,-0.086714014,0.7,9700.0,0.030590262
1.0,485,0.2626825,9720.0,0.086443655,0.875295,-0.059284173,0.8,9720.0,0.03059208
1.0,486,0.26267728,9740.0,0.086438,0.87528104,-0.071923584,0.8,9740.0,0.030592281
1.0,487,0.26268214,9760.0,0.086425126,0.87529963,-0.042684656,0.55,9760.0,0.030589197
1.0,488,0.26268315,9780.0,0.08640378,0.87530637,-0.039017346,0.85,9780.0,0.030583221
1.0,489,0.26268274,9800.0,0.086388685,0.8753044,-0.08635957,0.65,9800.0,0.030578548
1.0,490,0.2626976,9820.0,0.08638191,0.8753641,-0.061750866,0.6,9820.0,0.03057681
1.0,491,0.26269922,9840.0,0.08638639,0.8753714,-0.084286,0.6,9840.0,0.030576712
1.0,492,0.262702,9860.0,0.08637077,0.8753913,-0.057469677,0.8,9860.0,0.030571118
1.0,493,0.26270393,9880.0,0.08637213,0.8754027,-0.060302846,0.75,9880.0,0.03057093
1.0,494,0.26269078,9900.0,0.08638813,0.8753441,-0.07871077,0.75,9900.0,0.030573338
1.0,495,0.26268813,9920.0,0.08638113,0.8753311,-0.048341814,0.9,9920.0,0.030570868
1.0,496,0.26268873,9940.0,0.08639117,0.87533253,-0.084965125,0.95,9940.0,0.0305751
1.0,497,0.2626731,9960.0,0.08638162,0.8752629,-0.052292217,0.8,9960.0,0.030570814
1.0,498,0.2626687,9980.0,0.08639336,0.8752461,-0.07010888,0.9,9980.0,0.030573022
1.0,499,0.2626724,10000.0,0.0863885,0.8752556,-0.05531629,0.8,10000.0,0.030572187
1.0,500,0.26267675,10020.0,0.086393595,0.8752752,-0.08866508,0.85,10020.0,0.03057059
1.0,501,0.26266867,10040.0,0.08637697,0.87524194,-0.057315446,0.7,10040.0,0.030568365
1.0,502,0.2626699,10060.0,0.08636749,0.8752513,-0.040069614,0.85,10060.0,0.030565733
1.0,503,0.26267338,10080.0,0.086361855,0.8752711,-0.045295678,0.7,10080.0,0.030565072
1.0,504,0.26266992,10100.0,0.08635452,0.8752598,-0.045092575,0.8,10100.0,0.030563772
1.0,505,0.26267314,10120.0,0.08636656,0.87527055,-0.083583295,0.75,10120.0,0.030566793
1.0,506,0.2626792,10140.0,0.08635912,0.8752837,-0.047121603,0.55,10140.0,0.030564064
1.0,507,0.26268086,10160.0,0.08633847,0.8752901,-0.030009598,0.8,10160.0,0.030560708
1.0,508,0.26267034,10180.0,0.08633665,0.8752351,-0.040280916,0.85,10180.0,0.030559728
1.0,509,0.2626778,10200.0,0.08633042,0.8752682,-0.05201319,0.5,10200.0,0.030557925
1.0,510,0.26268005,10220.0,0.08633133,0.8752777,-0.07730588,0.85,10220.0,0.030560788
1.0,511,0.26268163,10240.0,0.08635049,0.87527823,-0.08029833,0.8,10240.0,0.030565117
1.0,512,0.26268777,10260.0,0.086341955,0.875308,-0.07599661,0.7,10260.0,0.030562103
1.0,513,0.26268813,10280.0,0.08634395,0.8753085,-0.05714481,0.8,10280.0,0.030563613
1.0,514,0.26268417,10300.0,0.08633224,0.8753021,-0.031987272,0.85,10300.0,0.030562494
1.0,515,0.26268658,10320.0,0.086333245,0.8753083,-0.062965535,0.65,10320.0,0.03056277
1.0,516,0.2626817,10340.0,0.08632672,0.87529093,-0.054930247,0.7,10340.0,0.030560752
1.0,517,0.2626838,10360.0,0.0863237,0.87529844,-0.07765685,0.85,10360.0,0.030560512
1.0,518,0.26268572,10380.0,0.0863114,0.8753074,-0.05188926,0.75,10380.0,0.030558001
1.0,519,0.26269352,10400.0,0.08631471,0.87533,-0.07584788,0.65,10400.0,0.030558446
1.0,520,0.2626927,10420.0,0.0863221,0.8753324,-0.06615708,0.65,10420.0,0.03055847
1.0,521,0.26269615,10440.0,0.08634204,0.87534857,-0.07687612,0.6,10440.0,0.030562898
1.0,522,0.26270008,10460.0,0.08633694,0.87536836,-0.07433395,0.65,10460.0,0.030563077
1.0,523,0.26270428,10480.0,0.08634015,0.8753788,-0.09175363,0.45,10480.0,0.030562934
1.0,524,0.2627039,10500.0,0.086330354,0.875374,-0.045028787,0.75,10500.0,0.030558992
1.0,525,0.26270252,10520.0,0.086318605,0.8753689,-0.044521276,0.8,10520.0,0.030554641
1.0,526,0.2626999,10540.0,0.086303316,0.8753567,-0.049872838,0.7,10540.0,0.030553207
1.0,527,0.2626943,10560.0,0.086287774,0.875335,-0.02521946,0.7,10560.0,0.030550066
1.0,528,0.26268637,10580.0,0.086292356,0.87530607,-0.055731963,0.5,10580.0,0.03054986
1.0,529,0.26268664,10600.0,0.086284995,0.87530875,-0.04031547,0.7,10600.0,0.030546572
1.0,530,0.2626937,10620.0,0.08628859,0.87533766,-0.08931181,0.7,10620.0,0.030547705
1.0,531,0.26269633,10640.0,0.08629584,0.87534595,-0.075929865,0.7,10640.0,0.030549472
1.0,532,0.26269358,10660.0,0.08629892,0.8753287,-0.049294144,0.85,10660.0,0.030550811
1.0,533,0.26269433,10680.0,0.08629853,0.8753321,-0.041512154,0.85,10680.0,0.030549496
1.0,534,0.2627028,10700.0,0.08630276,0.8753705,-0.049938805,0.8,10700.0,0.030548465
1.0,535,0.2627046,10720.0,0.08631492,0.8753733,-0.05552416,0.85,10720.0,0.030548912
1.0,536,0.26271117,10740.0,0.086323105,0.8753989,-0.09636068,0.75,10740.0,0.03055169
1.0,537,0.26270795,10760.0,0.08632743,0.8753872,-0.07361777,0.75,10760.0,0.030552084
1.0,538,0.26270115,10780.0,0.08633047,0.8753619,-0.039902944,0.55,10780.0,0.030553069
1.0,539,0.26269773,10800.0,0.08631778,0.87534946,-0.06535293,0.75,10800.0,0.030549267
1.0,540,0.262692,10820.0,0.086308934,0.87532467,-0.061155785,0.65,10820.0,0.030548427
1.0,541,0.26269588,10840.0,0.08629292,0.87534267,-0.05158045,0.9,10840.0,0.030544411
1.0,542,0.26269338,10860.0,0.086290024,0.87533015,-0.060432583,0.65,10860.0,0.030542355
1.0,543,0.2626953,10880.0,0.08629679,0.875335,-0.07209806,0.85,10880.0,0.030543486
1.0,544,0.26269394,10900.0,0.08629716,0.87533027,-0.09491469,0.65,10900.0,0.030544087
1.0,545,0.26269707,10920.0,0.086283736,0.8753443,-0.040406246,0.65,10920.0,0.03053912
1.0,546,0.26269346,10940.0,0.086274914,0.8753243,-0.05982373,0.7,10940.0,0.03053705
1.0,547,0.2626935,10960.0,0.086279996,0.87531227,-0.05632301,0.75,10960.0,0.030537361
1.0,548,0.2626992,10980.0,0.08628702,0.8753336,-0.081981875,0.75,10980.0,0.030539298
1.0,549,0.2626961,11000.0,0.08630833,0.8753174,-0.07794438,0.75,11000.0,0.030542484
1.0,550,0.26269677,11020.0,0.08632428,0.87531686,-0.08790909,0.65,11020.0,0.030544426
1.0,551,0.2627048,11040.0,0.086315155,0.8753498,-0.028270107,0.65,11040.0,0.030543095
1.0,552,0.26269972,11060.0,0.086313255,0.87532145,-0.045247827,0.5,11060.0,0.03054287
1.0,553,0.26269892,11080.0,0.0863153,0.8753161,-0.07860935,0.65,11080.0,0.030543786
1.0,554,0.26269695,11100.0,0.0863292,0.87531394,-0.09282319,0.8,11100.0,0.030545685
1.0,555,0.26269212,11120.0,0.08632544,0.87529284,-0.057618387,0.85,11120.0,0.03054657
1.0,556,0.26269358,11140.0,0.086330734,0.87529355,-0.063995734,0.65,11140.0,0.030548181
1.0,557,0.26268595,11160.0,0.0863266,0.8752558,-0.051179893,0.75,11160.0,0.030546704
1.0,558,0.2626871,11180.0,0.08632841,0.87526196,-0.06262944,0.95,11180.0,0.030545974
1.0,559,0.2626854,11200.0,0.086337805,0.8752575,-0.07727877,0.7,11200.0,0.030547833
1.0,560,0.26268008,11220.0,0.086340636,0.8752399,-0.07891838,0.8,11220.0,0.030548736
1.0,561,0.26268062,11240.0,0.08633762,0.87523985,-0.06932012,0.8,11240.0,0.03054902
1.0,562,0.26268372,11260.0,0.08635524,0.8752491,-0.09742455,0.65,11260.0,0.030554574
1.0,563,0.2626923,11280.0,0.08636427,0.87527704,-0.06867558,0.75,11280.0,0.030556569
1.0,564,0.26269346,11300.0,0.086375915,0.8752873,-0.07078373,0.8,11300.0,0.030559111
1.0,565,0.2626906,11320.0,0.08638688,0.8752797,-0.04046327,0.65,11320.0,0.030561626
1.0,566,0.26269254,11340.0,0.086378135,0.8752863,-0.051019467,0.7,11340.0,0.030560648
1.0,567,0.26269576,11360.0,0.08638363,0.8752988,-0.0688449,0.75,11360.0,0.030562649
1.0,568,0.26269963,11380.0,0.08638564,0.87531275,-0.079342246,0.8,11380.0,0.03056338
1.0,569,0.2627116,11400.0,0.086388856,0.87535787,-0.07078104,0.5,11400.0,0.030565972
1.0,570,0.26271513,11420.0,0.08638797,0.8753697,-0.053132743,0.75,11420.0,0.030564178
1.0,571,0.26271155,11440.0,0.08638299,0.8753564,-0.05335198,0.7,11440.0,0.030562544
1.0,572,0.26271257,11460.0,0.08639014,0.87536365,-0.07522926,0.65,11460.0,0.030565048
1.0,573,0.26271826,11480.0,0.0863916,0.8753876,-0.064039096,0.75,11480.0,0.030565638
1.0,574,0.26272425,11500.0,0.08640302,0.87541646,-0.09129787,0.7,11500.0,0.0305702
1.0,575,0.2627208,11520.0,0.08640307,0.8754032,-0.07784594,0.8,11520.0,0.03056986
1.0,576,0.2627191,11540.0,0.08640423,0.8753912,-0.06599862,0.6,11540.0,0.030569112
1.0,577,0.2627186,11560.0,0.08640496,0.8753864,-0.07434799,0.8,11560.0,0.030568242
1.0,578,0.26272005,11580.0,0.08640488,0.87539464,-0.06528298,0.6,11580.0,0.030567925
1.0,579,0.26271993,11600.0,0.08640433,0.87539846,-0.07543756,0.65,11600.0,0.03056674
1.0,580,0.26272127,11620.0,0.08640721,0.8754051,-0.09059261,0.75,11620.0,0.030567506
1.0,581,0.26272735,11640.0,0.086407065,0.87543017,-0.054105718,0.65,11640.0,0.030568302
1.0,582,0.26272222,11660.0,0.08641247,0.87540597,-0.080537654,0.95,11660.0,0.030569296
1.0,583,0.2627214,11680.0,0.086405784,0.87540454,-0.05812608,0.85,11680.0,0.030567657
1.0,584,0.26272053,11700.0,0.08642077,0.87539786,-0.0682625,0.75,11700.0,0.030572927
1.0,585,0.2627237,11720.0,0.08641536,0.8754089,-0.06327256,0.85,11720.0,0.03056994
1.0,586,0.26272306,11740.0,0.0864164,0.87540555,-0.0813594,0.5,11740.0,0.03056996
1.0,587,0.26272717,11760.0,0.08640528,0.875423,-0.082706586,0.8,11760.0,0.030568456
1.0,588,0.262726,11780.0,0.0864079,0.87542105,-0.08103497,0.85,11780.0,0.030567521
1.0,589,0.26272565,11800.0,0.08640308,0.87542653,-0.09792982,0.75,11800.0,0.030565146
1.0,590,0.26272342,11820.0,0.086417295,0.8754191,-0.10589631,0.75,11820.0,0.030570412
1.0,591,0.26272926,11840.0,0.086404614,0.8754422,-0.060175516,0.75,11840.0,0.030566225
1.0,592,0.26272628,11860.0,0.08640546,0.8754286,-0.070327125,0.8,11860.0,0.030566543
1.0,593,0.2627293,11880.0,0.08640939,0.87543935,-0.075423636,0.55,11880.0,0.030568028
1.0,594,0.26272377,11900.0,0.08641877,0.8754177,-0.06019165,0.65,11900.0,0.030569162
1.0,595,0.2627238,11920.0,0.08640238,0.87541777,-0.040716387,0.85,11920.0,0.030564893
1.0,596,0.26271588,11940.0,0.08639767,0.87538546,-0.06681255,0.75,11940.0,0.030563125
1.0,597,0.2627153,11960.0,0.086390674,0.87539274,-0.067778766,0.45,11960.0,0.030562049
1.0,598,0.262719,11980.0,0.086387835,0.87540334,-0.083269194,0.65,11980.0,0.030563405
1.0,599,0.2627097,12000.0,0.0863836,0.87537295,-0.060031272,0.7,12000.0,0.03056311
1.0,600,0.26270607,12020.0,0.08638499,0.8753581,-0.07084771,0.6,12020.0,0.030565372
1.0,601,0.26270047,12040.0,0.08639247,0.875331,-0.07067564,0.7,12040.0,0.030565524
1.0,602,0.2627024,12060.0,0.0863901,0.87533736,-0.070306644,0.75,12060.0,0.030564407
1.0,603,0.26270643,12080.0,0.08640661,0.875346,-0.08123065,0.8,12080.0,0.030569589
1.0,604,0.26270762,12100.0,0.086402684,0.8753504,-0.053142197,0.7,12100.0,0.030568385
1.0,605,0.26270777,12120.0,0.08639789,0.87534475,-0.07450193,0.65,12120.0,0.030567741
1.0,606,0.26270923,12140.0,0.08639613,0.8753528,-0.068962045,0.8,12140.0,0.030567085
1.0,607,0.26270083,12160.0,0.08638876,0.87532717,-0.069287196,0.75,12160.0,0.03056677
1.0,608,0.26270035,12180.0,0.086388715,0.8753182,-0.07026907,0.75,12180.0,0.030565303
1.0,609,0.26270193,12200.0,0.086387746,0.87533206,-0.08289647,0.85,12200.0,0.030564839
1.0,610,0.26270276,12220.0,0.086402714,0.87533647,-0.0839233,0.85,12220.0,0.030567665
1.0,611,0.26270586,12240.0,0.0863938,0.87534827,-0.044984233,0.65,12240.0,0.030566549
1.0,612,0.26270634,12260.0,0.086386256,0.875351,-0.06715028,0.65,12260.0,0.030564051
1.0,613,0.26270884,12280.0,0.08638376,0.8753635,-0.06166605,0.7,12280.0,0.030563045
1.0,614,0.26271456,12300.0,0.086383425,0.8753846,-0.053523086,0.7,12300.0,0.030564358
1.0,615,0.26271686,12320.0,0.08638858,0.87538767,-0.07250918,0.65,12320.0,0.03056479
1.0,616,0.26271826,12340.0,0.08640054,0.8753937,-0.09858916,0.75,12340.0,0.030566236
1.0,617,0.2627203,12360.0,0.0864115,0.8754005,-0.101660945,0.85,12360.0,0.030569449
1.0,618,0.26271996,12380.0,0.08641317,0.87540096,-0.07714259,0.8,12380.0,0.030571222
1.0,619,0.26271528,12400.0,0.0864178,0.8753843,-0.098007634,0.7,12400.0,0.030572698
1.0,620,0.26271617,12420.0,0.08642435,0.8753915,-0.09619364,0.75,12420.0,0.03057459
1.0,621,0.2627225,12440.0,0.086437315,0.87541336,-0.09221174,0.75,12440.0,0.0305761
1.0,622,0.2627206,12460.0,0.086445905,0.875405,-0.08170113,0.85,12460.0,0.030578285
1.0,623,0.2627221,12480.0,0.0864444,0.8754015,-0.090141855,0.7,12480.0,0.030579155
1.0,624,0.26271895,12500.0,0.08644677,0.87538725,-0.067001134,0.75,12500.0,0.03057998
1.0,625,0.26272967,12520.0,0.086443394,0.87542826,-0.08282863,0.75,12520.0,0.03057831
1.0,626,0.26273227,12540.0,0.086434685,0.87544423,-0.057481814,0.85,12540.0,0.03057406
1.0,627,0.2627359,12560.0,0.08642692,0.8754573,-0.055464305,0.8,12560.0,0.03057248
1.0,628,0.26273435,12580.0,0.08641332,0.8754507,-0.059186228,0.85,12580.0,0.030569758
1.0,629,0.2627373,12600.0,0.08640215,0.8754635,-0.05856208,0.6,12600.0,0.030567557
1.0,630,0.26274294,12620.0,0.08639715,0.8754862,-0.046003602,0.75,12620.0,0.030565087
1.0,631,0.26272947,12640.0,0.08640423,0.87542945,-0.1029219,0.6,12640.0,0.03056637
1.0,632,0.26272926,12660.0,0.08640795,0.8754313,-0.06961724,0.85,12660.0,0.03056645
1.0,633,0.26272038,12680.0,0.08641251,0.87539387,-0.07081973,0.75,12680.0,0.030567426
1.0,634,0.26271206,12700.0,0.0864267,0.87535805,-0.121214174,0.85,12700.0,0.03057072
1.0,635,0.26271227,12720.0,0.08642494,0.8753632,-0.06749781,0.55,12720.0,0.030572563
1.0,636,0.262713,12740.0,0.08642041,0.87536544,-0.06335384,0.8,12740.0,0.030570999
1.0,637,0.2627181,12760.0,0.08642417,0.87538224,-0.09431259,0.7,12760.0,0.030572116
1.0,638,0.26271847,12780.0,0.08642217,0.87538505,-0.07750067,0.65,12780.0,0.030570745
1.0,639,0.26271498,12800.0,0.08642578,0.87537223,-0.048333973,0.75,12800.0,0.030572152
1.0,640,0.26272243,12820.0,0.086429924,0.8754008,-0.0662715,0.9,12820.0,0.03057389
1.0,641,0.26271397,12840.0,0.0864237,0.8753641,-0.06733332,0.75,12840.0,0.030571818
1.0,642,0.26270872,12860.0,0.086420275,0.8753424,-0.05889101,0.7,12860.0,0.030571524
1.0,643,0.26271176,12880.0,0.086423725,0.8753588,-0.051447075,0.6,12880.0,0.03057142
1.0,644,0.26270974,12900.0,0.08642752,0.8753521,-0.08311962,0.75,12900.0,0.030572057
1.0,645,0.26271015,12920.0,0.08640704,0.875346,-0.024751863,0.75,12920.0,0.030566761
1.0,646,0.26271242,12940.0,0.08640078,0.8753492,-0.054220162,0.7,12940.0,0.030564988
1.0,647,0.26271036,12960.0,0.08640116,0.87534493,-0.061694957,0.75,12960.0,0.030563658
1.0,648,0.2627104,12980.0,0.08640763,0.8753457,-0.09347953,0.9,12980.0,0.030565688
1.0,649,0.26270655,13000.0,0.08641333,0.87533146,-0.075188644,0.85,13000.0,0.030567044
1.0,650,0.26270598,13020.0,0.08642226,0.875325,-0.09704148,0.85,13020.0,0.030569207
1.0,651,0.26270705,13040.0,0.08642865,0.8753268,-0.08109866,0.8,13040.0,0.030570665
1.0,652,0.26270258,13060.0,0.086431354,0.8753071,-0.037052754,0.85,13060.0,0.030571515
1.0,653,0.2627063,13080.0,0.08642199,0.87532187,-0.052719265,0.7,13080.0,0.03056835
1.0,654,0.26269677,13100.0,0.08641227,0.8752838,-0.06378321,0.7,13100.0,0.030566353
1.0,655,0.26270133,13120.0,0.086403556,0.87529665,-0.059681486,0.65,13120.0,0.030564249
1.0,656,0.26270604,13140.0,0.08641953,0.8753164,-0.0904635,0.6,13140.0,0.030566856
1.0,657,0.26270998,13160.0,0.08642844,0.8753261,-0.07083888,0.6,13160.0,0.0305694
1.0,658,0.26270863,13180.0,0.086430706,0.87531614,-0.039609086,0.75,13180.0,0.030569648
1.0,659,0.26271373,13200.0,0.08644248,0.8753383,-0.07277473,0.65,13200.0,0.030573005
1.0,660,0.2627105,13220.0,0.08642459,0.875328,-0.020041691,0.8,13220.0,0.030569172
1.0,661,0.26271975,13240.0,0.086419165,0.8753601,-0.057666413,0.75,13240.0,0.030567642
1.0,662,0.26272082,13260.0,0.08644158,0.8753633,-0.07915557,0.8,13260.0,0.030572508
1.0,663,0.26272598,13280.0,0.086440705,0.87538534,-0.065172695,0.65,13280.0,0.030571323
1.0,664,0.2627208,13300.0,0.0864323,0.8753689,-0.048619322,0.7,13300.0,0.030569756
1.0,665,0.26271537,13320.0,0.08643419,0.8753503,-0.06836401,0.7,13320.0,0.030570203
1.0,666,0.26271847,13340.0,0.086431555,0.8753576,-0.06173582,0.65,13340.0,0.030569643
1.0,667,0.26272,13360.0,0.086430766,0.875364,-0.06368501,0.6,13360.0,0.030569464
1.0,668,0.26271993,13380.0,0.08643117,0.8753621,-0.06935628,0.7,13380.0,0.030570835
1.0,669,0.26271638,13400.0,0.08642592,0.8753447,-0.056630433,0.85,13400.0,0.030568356
1.0,670,0.26271296,13420.0,0.08641186,0.8753316,-0.044760223,0.7,13420.0,0.030564582
1.0,671,0.26270494,13440.0,0.08642336,0.87529665,-0.08159961,0.55,13440.0,0.030568728
1.0,672,0.26271227,13460.0,0.08641774,0.87532306,-0.05176569,0.7,13460.0,0.030568594
1.0,673,0.26270512,13480.0,0.08642162,0.87530684,-0.061151497,0.65,13480.0,0.030567769
1.0,674,0.2627055,13500.0,0.08641708,0.875308,-0.042427275,0.6,13500.0,0.030568097
1.0,675,0.2627144,13520.0,0.08642695,0.87533444,-0.06856114,0.85,13520.0,0.030570498
1.0,676,0.2627094,13540.0,0.08644118,0.8753179,-0.07411979,0.85,13540.0,0.030575419
1.0,677,0.26270914,13560.0,0.08644851,0.8753193,-0.0723208,0.6,13560.0,0.030577537
1.0,678,0.26270851,13580.0,0.08643541,0.87530756,-0.043480918,0.7,13580.0,0.030575177
1.0,679,0.26271677,13600.0,0.08644059,0.8753388,-0.05853054,0.85,13600.0,0.030576551
1.0,680,0.26272184,13620.0,0.086436875,0.875354,-0.05950457,0.7,13620.0,0.03057602
1.0,681,0.26272517,13640.0,0.086434595,0.87536573,-0.056254007,0.6,13640.0,0.030575085
1.0,682,0.26272112,13660.0,0.08643997,0.8753512,-0.06753561,0.9,13660.0,0.03057608
1.0,683,0.26272053,13680.0,0.0864454,0.8753424,-0.10203411,0.8,13680.0,0.030576825
1.0,684,0.26271948,13700.0,0.08643947,0.875339,-0.047094706,0.7,13700.0,0.030574242
1.0,685,0.26272207,13720.0,0.08643883,0.8753445,-0.076211914,0.8,13720.0,0.030574184
1.0,686,0.26272193,13740.0,0.08642611,0.87534684,-0.06177639,0.8,13740.0,0.03057073
1.0,687,0.26272458,13760.0,0.08641944,0.87536603,-0.04078356,0.75,13760.0,0.030568967
1.0,688,0.26272672,13780.0,0.08642256,0.8753751,-0.06591039,0.6,13780.0,0.03057062
1.0,689,0.2627315,13800.0,0.086434744,0.8753851,-0.09437427,0.7,13800.0,0.030573472
1.0,690,0.26272827,13820.0,0.08643371,0.8753691,-0.072626784,0.65,13820.0,0.030571729
1.0,691,0.262727,13840.0,0.086432666,0.8753662,-0.08368476,0.75,13840.0,0.03057127
1.0,692,0.26272118,13860.0,0.08643225,0.87534493,-0.07278101,0.65,13860.0,0.030572271
1.0,693,0.26271626,13880.0,0.08643279,0.8753273,-0.096620664,0.85,13880.0,0.030572524
1.0,694,0.26271126,13900.0,0.08644111,0.8753101,-0.073392875,0.75,13900.0,0.030574962
1.0,695,0.26270348,13920.0,0.0864498,0.87527996,-0.07928257,0.7,13920.0,0.030576464
1.0,696,0.26270315,13940.0,0.08646438,0.87527674,-0.10355304,0.85,13940.0,0.030579275
1.0,697,0.26270378,13960.0,0.086458184,0.87528306,-0.050761353,0.7,13960.0,0.030577142
1.0,698,0.26270485,13980.0,0.0864503,0.8752896,-0.07157087,0.6,13980.0,0.030574623
1.0,699,0.2627079,14000.0,0.08645087,0.8753011,-0.08108686,0.75,14000.0,0.030574018
1.0,700,0.26270753,14020.0,0.08645036,0.87530494,-0.07461049,0.6,14020.0,0.030574271
1.0,701,0.26271197,14040.0,0.086447515,0.87532693,-0.073637135,0.75,14040.0,0.030572673
1.0,702,0.26271227,14060.0,0.086445846,0.87532336,-0.07727401,0.9,14060.0,0.03057291
1.0,703,0.26271522,14080.0,0.08644477,0.87533116,-0.0757985,0.8,14080.0,0.030572627
1.0,704,0.26271835,14100.0,0.08643686,0.87533766,-0.057632934,0.6,14100.0,0.030570393
1.0,705,0.26271775,14120.0,0.086437516,0.87533456,-0.09830974,0.6,14120.0,0.030571263
1.0,706,0.26271787,14140.0,0.08643907,0.8753329,-0.07582736,0.75,14140.0,0.03057057
1.0,707,0.26272854,14160.0,0.08643911,0.87537503,-0.07037574,0.7,14160.0,0.030570429
1.0,708,0.26273236,14180.0,0.08644142,0.8753951,-0.079834536,0.6,14180.0,0.030569822
1.0,709,0.2627285,14200.0,0.08644489,0.8753834,-0.083476104,0.65,14200.0,0.030570442
1.0,710,0.26273137,14220.0,0.086450785,0.87539643,-0.088191696,0.75,14220.0,0.030572051
1.0,711,0.26272193,14240.0,0.086454846,0.87536246,-0.084350735,0.55,14240.0,0.030573467
1.0,712,0.26271808,14260.0,0.08644674,0.87534636,-0.043655533,0.75,14260.0,0.03057165
1.0,713,0.2627191,14280.0,0.086440526,0.8753492,-0.053338118,0.65,14280.0,0.030570563
1.0,714,0.26272196,14300.0,0.08643415,0.875362,-0.06322442,0.9,14300.0,0.030568808
1.0,715,0.26271755,14320.0,0.086429305,0.87534046,-0.04693525,0.7,14320.0,0.030567307
1.0,716,0.26270983,14340.0,0.0864427,0.8753033,-0.08007376,0.65,14340.0,0.030569708
1.0,717,0.2627079,14360.0,0.086446464,0.87528914,-0.0944572,0.8,14360.0,0.030571256
1.0,718,0.2627077,14380.0,0.0864502,0.8752853,-0.059361797,0.65,14380.0,0.030572474
1.0,719,0.26271278,14400.0,0.08643504,0.8753042,-0.030428637,0.9,14400.0,0.030569369
1.0,720,0.26271442,14420.0,0.08643854,0.8753112,-0.08836888,0.8,14420.0,0.030571043
1.0,721,0.26271376,14440.0,0.086432785,0.8753083,-0.051027108,0.8,14440.0,0.030570995
1.0,722,0.26272172,14460.0,0.08642906,0.87533873,-0.04776035,0.75,14460.0,0.030570691
1.0,723,0.2627213,14480.0,0.086442254,0.8753316,-0.06645655,0.85,14480.0,0.030574847
1.0,724,0.2627213,14500.0,0.08645407,0.87532717,-0.0997084,0.95,14500.0,0.03057884
1.0,725,0.262725,14520.0,0.08646003,0.87534475,-0.07803219,0.7,14520.0,0.03058125
1.0,726,0.26272163,14540.0,0.086468756,0.87533134,-0.075869456,0.75,14540.0,0.030582327
1.0,727,0.26271775,14560.0,0.08647067,0.8753143,-0.09090142,0.65,14560.0,0.03058297
1.0,728,0.2627222,14580.0,0.086469114,0.87533313,-0.072455786,0.65,14580.0,0.030582324
1.0,729,0.2627191,14600.0,0.08647206,0.87531894,-0.085710414,0.6,14600.0,0.030582195
1.0,730,0.26271802,14620.0,0.08647547,0.8753198,-0.074566826,0.75,14620.0,0.030582909
1.0,731,0.2627198,14640.0,0.08647271,0.8753259,-0.073368244,0.8,14640.0,0.030581847
1.0,732,0.26271957,14660.0,0.08646696,0.8753306,-0.06389589,0.55,14660.0,0.030580783
1.0,733,0.26271528,14680.0,0.0864653,0.8753124,-0.06561209,0.8,14680.0,0.03057968
1.0,734,0.26272154,14700.0,0.08647249,0.87533474,-0.060016382,0.55,14700.0,0.030583251
1.0,735,0.26272056,14720.0,0.08647888,0.8753397,-0.0884862,0.8,14720.0,0.03058505
1.0,736,0.26271898,14740.0,0.08647891,0.8753337,-0.07987578,0.9,14740.0,0.030585099
1.0,737,0.26271987,14760.0,0.08647508,0.8753309,-0.07436774,0.6,14760.0,0.03058492
1.0,738,0.26272053,14780.0,0.086473584,0.8753352,-0.07431732,0.65,14780.0,0.030583765
1.0,739,0.26272064,14800.0,0.08647878,0.87533665,-0.07896596,0.8,14800.0,0.030585527
1.0,740,0.26272145,14820.0,0.08646389,0.8753368,-0.030533254,0.45,14820.0,0.030582994
1.0,741,0.262725,14840.0,0.08647434,0.8753516,-0.065068714,0.6,14840.0,0.030585948
1.0,742,0.26272994,14860.0,0.08647418,0.87537,-0.059491158,0.8,14860.0,0.030585492
1.0,743,0.26273248,14880.0,0.08646318,0.8753781,-0.04476711,0.6,14880.0,0.03058205
1.0,744,0.2627332,14900.0,0.086464524,0.8753758,-0.07346816,0.8,14900.0,0.030581947
1.0,745,0.26273423,14920.0,0.08646942,0.8753846,-0.077582225,0.7,14920.0,0.030582553
1.0,746,0.26273632,14940.0,0.08646822,0.87539476,-0.046186995,0.75,14940.0,0.030583635
1.0,747,0.262741,14960.0,0.086465515,0.87541145,-0.036234923,0.75,14960.0,0.030583331
1.0,748,0.26273823,14980.0,0.086461544,0.8754036,-0.047556125,0.85,14980.0,0.0305823
1.0,749,0.26273572,15000.0,0.08646151,0.87539536,-0.068046495,0.75,15000.0,0.03058207
1.0,750,0.26273453,15020.0,0.08645969,0.8753915,-0.08338203,0.9,15020.0,0.030580502
1.0,751,0.26273635,15040.0,0.086454,0.8753963,-0.04348135,0.65,15040.0,0.030578807
1.0,752,0.26273665,15060.0,0.08646365,0.8753955,-0.06534257,0.65,15060.0,0.030583313
1.0,753,0.26273537,15080.0,0.08646312,0.87539315,-0.05501321,0.75,15080.0,0.030583505
1.0,754,0.26274154,15100.0,0.08645946,0.8754154,-0.07037444,0.75,15100.0,0.0305821
1.0,755,0.26273778,15120.0,0.08646024,0.8753955,-0.07253992,0.85,15120.0,0.030583054
1.0,756,0.262732,15140.0,0.0864687,0.8753769,-0.07904337,0.75,15140.0,0.030585065
1.0,757,0.26273268,15160.0,0.08646964,0.87538093,-0.063035294,1.0,15160.0,0.03058663
1.0,758,0.26272908,15180.0,0.086467795,0.87536305,-0.046281375,0.65,15180.0,0.030586138
1.0,759,0.26273197,15200.0,0.086464696,0.8753734,-0.07384117,0.75,15200.0,0.03058526
1.0,760,0.26273373,15220.0,0.08646753,0.8753808,-0.05608335,0.7,15220.0,0.030585105
1.0,761,0.26272675,15240.0,0.08645985,0.8753554,-0.054965846,0.75,15240.0,0.030583018
1.0,762,0.26273036,15260.0,0.08645796,0.87536925,-0.044415735,0.8,15260.0,0.03058377
1.0,763,0.26273462,15280.0,0.08645306,0.8753888,-0.069335945,0.75,15280.0,0.030580446
1.0,764,0.26273236,15300.0,0.0864476,0.8753813,-0.043673646,0.9,15300.0,0.030578945
1.0,765,0.2627305,15320.0,0.0864428,0.87537545,-0.046477757,0.6,15320.0,0.030577218
1.0,766,0.26272684,15340.0,0.08644361,0.87536067,-0.06325729,0.8,15340.0,0.030577585
1.0,767,0.262726,15360.0,0.08645579,0.8753562,-0.09135707,0.7,15360.0,0.030580308
1.0,768,0.2627285,15380.0,0.086454816,0.87536573,-0.06517589,0.8,15380.0,0.030579936
1.0,769,0.2627303,15400.0,0.086440116,0.8753757,-0.039728954,0.75,15400.0,0.030576572
1.0,770,0.26272863,15420.0,0.08644392,0.87537175,-0.07896535,0.6,15420.0,0.030578554
1.0,771,0.2627298,15440.0,0.08643838,0.87537146,-0.039987758,0.65,15440.0,0.030577082
1.0,772,0.26272818,15460.0,0.0864441,0.8753583,-0.070751764,0.8,15460.0,0.03057829
1.0,773,0.26273265,15480.0,0.0864471,0.87537336,-0.081098326,0.75,15480.0,0.030579183
1.0,774,0.26272818,15500.0,0.08645177,0.8753562,-0.082563326,0.8,15500.0,0.030580942
1.0,775,0.26273003,15520.0,0.08645464,0.8753632,-0.057326842,0.85,15520.0,0.030582452
1.0,776,0.2627274,15540.0,0.08644235,0.87535214,-0.059251003,0.6,15540.0,0.030579653
1.0,777,0.2627276,15560.0,0.086443335,0.87535256,-0.07775446,0.6,15560.0,0.030579438
1.0,778,0.26272655,15580.0,0.086446054,0.8753481,-0.087467045,0.7,15580.0,0.030581007
1.0,779,0.26272455,15600.0,0.08644291,0.8753446,-0.059001148,0.6,15600.0,0.030581672
1.0,780,0.26272282,15620.0,0.08644265,0.87533885,-0.06054332,0.85,15620.0,0.030580765
1.0,781,0.2627183,15640.0,0.086426795,0.8753238,-0.04476597,0.85,15640.0,0.030577037
1.0,782,0.26271713,15660.0,0.08642929,0.8753218,-0.0735652,0.75,15660.0,0.030577581
1.0,783,0.26271933,15680.0,0.08643185,0.87533045,-0.07008648,0.65,15680.0,0.030576939
1.0,784,0.26272708,15700.0,0.08642357,0.8753608,-0.0661794,0.85,15700.0,0.030576015
1.0,785,0.26273313,15720.0,0.0864254,0.8753851,-0.046073038,0.7,15720.0,0.030575102
1.0,786,0.26272875,15740.0,0.086426884,0.8753689,-0.06568126,0.75,15740.0,0.030575478
1.0,787,0.26272282,15760.0,0.08642888,0.8753504,-0.07353532,0.85,15760.0,0.030577186
1.0,788,0.26272026,15780.0,0.08642899,0.87534255,-0.07442276,0.7,15780.0,0.030577015
1.0,789,0.26272112,15800.0,0.08642512,0.8753433,-0.06596618,0.85,15800.0,0.03057544
1.0,790,0.26271996,15820.0,0.086429484,0.87533695,-0.06608424,0.75,15820.0,0.030577298
1.0,791,0.26272145,15840.0,0.08642924,0.87533766,-0.07543039,0.75,15840.0,0.030577686
1.0,792,0.26272762,15860.0,0.086424984,0.8753585,-0.058938712,0.75,15860.0,0.030577142
1.0,793,0.26273367,15880.0,0.086422205,0.87538385,-0.0697694,0.65,15880.0,0.030575734
1.0,794,0.262739,15900.0,0.08640886,0.8754057,-0.041398145,0.85,15900.0,0.030573064
1.0,795,0.2627411,15920.0,0.0864099,0.87541056,-0.06717028,0.85,15920.0,0.030572984
1.0,796,0.26274544,15940.0,0.08640278,0.8754259,-0.039049678,0.7,15940.0,0.030570399
1.0,797,0.26274422,15960.0,0.08639693,0.8754198,-0.048298795,0.6,15960.0,0.030569607
1.0,798,0.2627489,15980.0,0.08639705,0.87543625,-0.065081045,0.75,15980.0,0.030569792
1.0,799,0.26274806,16000.0,0.08639864,0.8754363,-0.07025026,0.6,16000.0,0.030569803
1.0,800,0.26274815,16020.0,0.0864029,0.87543565,-0.053378712,0.85,16020.0,0.030569088
1.0,801,0.26274613,16040.0,0.08641384,0.8754247,-0.09046243,0.75,16040.0,0.030570414
1.0,802,0.26275226,16060.0,0.08641716,0.87545174,-0.0844901,0.9,16060.0,0.030572394
1.0,803,0.26275906,16080.0,0.08642471,0.8754745,-0.067269996,0.7,16080.0,0.030573662
1.0,804,0.26275665,16100.0,0.086421646,0.8754683,-0.07247056,0.75,16100.0,0.030574134
1.0,805,0.26275972,16120.0,0.08642096,0.8754813,-0.056521155,0.7,16120.0,0.030573968
1.0,806,0.26276118,16140.0,0.086420536,0.8754881,-0.056479085,0.75,16140.0,0.03057363
1.0,807,0.2627646,16160.0,0.08641996,0.8755052,-0.07247027,0.75,16160.0,0.030573344
1.0,808,0.26275995,16180.0,0.086414516,0.8754856,-0.06343695,0.85,16180.0,0.030572167
1.0,809,0.26275814,16200.0,0.08641211,0.87547964,-0.06683725,0.9,16200.0,0.030572942
1.0,810,0.26275554,16220.0,0.08641272,0.875473,-0.081681654,0.75,16220.0,0.030573633
1.0,811,0.26275355,16240.0,0.08641129,0.8754604,-0.067979865,0.6,16240.0,0.030571315
1.0,812,0.2627499,16260.0,0.08641242,0.8754485,-0.053512853,0.85,16260.0,0.030571604
1.0,813,0.2627454,16280.0,0.08640048,0.8754325,-0.0256587,0.7,16280.0,0.030568788
1.0,814,0.26274687,16300.0,0.08640017,0.8754367,-0.084684454,0.75,16300.0,0.030568182
1.0,815,0.26274222,16320.0,0.086402096,0.8754199,-0.06945993,0.7,16320.0,0.03056944
1.0,816,0.2627416,16340.0,0.086408876,0.87541485,-0.0778867,0.85,16340.0,0.030570582
1.0,817,0.26273724,16360.0,0.08641536,0.8753977,-0.05338906,0.5,16360.0,0.0305723
1.0,818,0.26273966,16380.0,0.086417854,0.8753999,-0.066738084,0.65,16380.0,0.030573467
1.0,819,0.26274395,16400.0,0.08641548,0.8754168,-0.06300477,0.85,16400.0,0.030572644
1.0,820,0.26274434,16420.0,0.08642223,0.8754177,-0.07710516,0.8,16420.0,0.030574117
1.0,821,0.26274467,16440.0,0.08641695,0.8754232,-0.086638734,0.85,16440.0,0.030572325
1.0,822,0.26274547,16460.0,0.08641952,0.8754329,-0.07253086,0.75,16460.0,0.030573096
1.0,823,0.26273906,16480.0,0.086415105,0.8754118,-0.042911895,0.7,16480.0,0.030572707
1.0,824,0.2627409,16500.0,0.08641612,0.8754201,-0.08283496,0.5,16500.0,0.030573184
1.0,825,0.26274213,16520.0,0.08642129,0.8754237,-0.0844602,0.7,16520.0,0.030573536
1.0,826,0.26274192,16540.0,0.086420335,0.8754211,-0.05459095,0.6,16540.0,0.03057501
1.0,827,0.26274073,16560.0,0.08641217,0.87541574,-0.045394834,0.65,16560.0,0.030573016
1.0,828,0.26273793,16580.0,0.08642132,0.8754101,-0.077549905,0.65,16580.0,0.030574134
1.0,829,0.26273844,16600.0,0.08641869,0.8754154,-0.07128938,0.75,16600.0,0.03057395
1.0,830,0.262738,16620.0,0.08641239,0.8754124,-0.08420895,0.85,16620.0,0.030572295
1.0,831,0.26273197,16640.0,0.08641287,0.8753891,-0.08476249,0.7,16640.0,0.030572841
1.0,832,0.26272878,16660.0,0.08641254,0.87537956,-0.06373857,0.55,16660.0,0.03057305
1.0,833,0.2627322,16680.0,0.08641213,0.8753936,-0.07578754,0.7,16680.0,0.0305722
1.0,834,0.26273134,16700.0,0.08640931,0.8753972,-0.07378289,0.55,16700.0,0.03057147
1.0,835,0.2627309,16720.0,0.08641076,0.87539536,-0.073991284,0.7,16720.0,0.030571928
1.0,836,0.2627371,16740.0,0.08640588,0.87542087,-0.07605402,0.65,16740.0,0.030571276
1.0,837,0.2627291,16760.0,0.086420566,0.8753914,-0.12230531,0.8,16760.0,0.030574193
1.0,838,0.26273006,16780.0,0.08640648,0.8753974,-0.044784244,0.8,16780.0,0.030569807
1.0,839,0.26272863,16800.0,0.086410165,0.87539023,-0.10069839,0.8,16800.0,0.030570682
1.0,840,0.2627271,16820.0,0.086415626,0.87538314,-0.085121945,0.7,16820.0,0.030572241
1.0,841,0.2627254,16840.0,0.08641536,0.87537783,-0.06537844,0.9,16840.0,0.030572727
1.0,842,0.2627232,16860.0,0.086424164,0.87537336,-0.08982464,0.7,16860.0,0.030575091
1.0,843,0.2627279,16880.0,0.08642379,0.87539196,-0.06955169,0.65,16880.0,0.030575186
1.0,844,0.262727,16900.0,0.08643321,0.87538594,-0.08811648,0.75,16900.0,0.030577179
1.0,845,0.26272663,16920.0,0.086431615,0.8753872,-0.06469991,0.75,16920.0,0.03057631
1.0,846,0.26272804,16940.0,0.0864316,0.87539405,-0.08315011,0.7,16940.0,0.030576617
1.0,847,0.2627286,16960.0,0.086419106,0.8753968,-0.06008451,0.65,16960.0,0.030573398
1.0,848,0.26272637,16980.0,0.08642829,0.87538224,-0.08803218,0.8,16980.0,0.030574108
1.0,849,0.26272935,17000.0,0.086431764,0.875393,-0.088483796,0.7,17000.0,0.03057532
1.0,850,0.2627322,17020.0,0.086434394,0.8754026,-0.06368832,0.95,17020.0,0.03057583
1.0,851,0.26273003,17040.0,0.08643169,0.87539583,-0.05895967,0.7,17040.0,0.030574432
1.0,852,0.26273084,17060.0,0.08643371,0.8754024,-0.081366345,0.8,17060.0,0.030575339
1.0,853,0.26272994,17080.0,0.08643824,0.8753961,-0.0897762,0.9,17080.0,0.03057589
1.0,854,0.26273724,17100.0,0.08644096,0.8754242,-0.08324042,0.65,17100.0,0.030576844
1.0,855,0.2627353,17120.0,0.08642682,0.87541455,-0.05452335,0.75,17120.0,0.030573528
1.0,856,0.26273733,17140.0,0.086433075,0.87542254,-0.09019244,0.7,17140.0,0.030576322
1.0,857,0.26274022,17160.0,0.08643941,0.8754328,-0.08281721,0.65,17160.0,0.030577505
1.0,858,0.26274192,17180.0,0.0864447,0.87544054,-0.075695165,0.75,17180.0,0.030579781
1.0,859,0.26274094,17200.0,0.08644325,0.87543744,-0.07317374,0.75,17200.0,0.030579513
1.0,860,0.2627356,17220.0,0.086444445,0.8754156,-0.07114435,0.9,17220.0,0.030578962
1.0,861,0.26273638,17240.0,0.08645001,0.8754185,-0.08477091,0.85,17240.0,0.030582026
1.0,862,0.26273865,17260.0,0.08645269,0.87542677,-0.08953978,0.8,17260.0,0.030581513
1.0,863,0.26274055,17280.0,0.086459756,0.8754318,-0.080077454,0.65,17280.0,0.030583601
1.0,864,0.2627373,17300.0,0.08646149,0.8754181,-0.07499717,0.75,17300.0,0.030584171
1.0,865,0.26273125,17320.0,0.086468615,0.87539715,-0.09502742,0.6,17320.0,0.030585553
1.0,866,0.2627303,17340.0,0.086469196,0.8753969,-0.053986896,0.95,17340.0,0.030585304
1.0,867,0.26272812,17360.0,0.0864715,0.87538403,-0.07151944,0.65,17360.0,0.030585628
1.0,868,0.26272935,17380.0,0.08646057,0.87538743,-0.04620769,0.8,17380.0,0.030583937
1.0,869,0.26273,17400.0,0.086459555,0.875387,-0.07719679,0.7,17400.0,0.030584976
1.0,870,0.26272976,17420.0,0.086463116,0.8753862,-0.04771422,0.65,17420.0,0.030586034
1.0,871,0.2627266,17440.0,0.08646995,0.8753743,-0.08528845,0.8,17440.0,0.030588994
1.0,872,0.26272908,17460.0,0.086469315,0.8753837,-0.07402287,0.7,17460.0,0.030588154
1.0,873,0.26272368,17480.0,0.08646717,0.8753633,-0.0653497,0.6,17480.0,0.030586928
1.0,874,0.26272744,17500.0,0.08647379,0.8753791,-0.07982926,0.75,17500.0,0.030588597
1.0,875,0.2627316,17520.0,0.08646398,0.8753936,-0.031003851,0.75,17520.0,0.030585626
1.0,876,0.26273072,17540.0,0.086458884,0.87538844,-0.04805488,0.75,17540.0,0.030583909
1.0,877,0.26273364,17560.0,0.08646137,0.8753967,-0.06444137,0.8,17560.0,0.030582964
1.0,878,0.2627329,17580.0,0.086461715,0.87539226,-0.06817432,0.7,17580.0,0.030583173
1.0,879,0.26273504,17600.0,0.086459935,0.8754056,-0.059857618,0.75,17600.0,0.030582067
1.0,880,0.2627355,17620.0,0.08645379,0.87540793,-0.057750624,0.65,17620.0,0.030580187
1.0,881,0.26273188,17640.0,0.08644673,0.8753951,-0.04233292,0.65,17640.0,0.030578744
1.0,882,0.26273236,17660.0,0.08644088,0.8753967,-0.058998305,0.65,17660.0,0.030576682
1.0,883,0.26272982,17680.0,0.086438276,0.8753886,-0.0658083,0.85,17680.0,0.030575564
1.0,884,0.2627286,17700.0,0.08644029,0.87538385,-0.065341204,0.75,17700.0,0.030576065
1.0,885,0.26273134,17720.0,0.08643722,0.87539005,-0.081350476,0.65,17720.0,0.030575674
1.0,886,0.2627303,17740.0,0.08644394,0.87539047,-0.06628673,0.7,17740.0,0.030578485
1.0,887,0.2627327,17760.0,0.08644221,0.8753961,-0.08372138,0.9,17760.0,0.030578185
0.95,888,0.26273373,17780.0,0.08644054,0.87540144,-0.08849235,0.6,17780.0,0.03057892
1.0,889,0.26273322,17800.0,0.08642813,0.87539786,-0.052363686,0.55,17800.0,0.03057689
1.0,890,0.2627357,17820.0,0.086434074,0.87540674,-0.0845661,0.65,17820.0,0.030577451
1.0,891,0.2627329,17840.0,0.08643291,0.8753969,-0.054011077,0.7,17840.0,0.030578095
1.0,892,0.2627366,17860.0,0.086436994,0.8754113,-0.076428965,0.75,17860.0,0.030578906
1.0,893,0.26273516,17880.0,0.08643639,0.8754053,-0.07344637,0.85,17880.0,0.030578032
1.0,894,0.26273015,17900.0,0.086435445,0.87539166,-0.0955988,0.75,17900.0,0.03057707
1.0,895,0.26273638,17920.0,0.086440384,0.87541527,-0.09609826,0.75,17920.0,0.030578151
1.0,896,0.2627382,17940.0,0.08643993,0.8754236,-0.08449783,0.7,17940.0,0.03057748
1.0,897,0.2627399,17960.0,0.0864439,0.8754315,-0.06059776,0.7,17960.0,0.030578857
1.0,898,0.26273578,17980.0,0.08644954,0.87541455,-0.09319736,0.85,17980.0,0.03058007
1.0,899,0.26273578,18000.0,0.086449206,0.8754198,-0.06717948,0.8,18000.0,0.03058016
1.0,900,0.2627385,18020.0,0.08644932,0.8754277,-0.08119152,0.7,18020.0,0.0305798
1.0,901,0.26274338,18040.0,0.08644897,0.8754475,-0.09538367,0.7,18040.0,0.030580888
1.0,902,0.26274344,18060.0,0.086449884,0.8754499,-0.092308715,0.95,18060.0,0.03058092
1.0,903,0.26274377,18080.0,0.086448036,0.8754484,-0.07992743,0.7,18080.0,0.030580297
1.0,904,0.2627434,18100.0,0.086459786,0.8754522,-0.106507756,0.7,18100.0,0.030583015
1.0,905,0.26274937,18120.0,0.08646134,0.87547874,-0.0638041,0.7,18120.0,0.030583328
1.0,906,0.26274967,18140.0,0.0864578,0.87547827,-0.071193114,0.6,18140.0,0.030582434
1.0,907,0.2627471,18160.0,0.08645486,0.8754651,-0.07669673,0.8,18160.0,0.030581767
1.0,908,0.26274642,18180.0,0.086451404,0.87546253,-0.067597434,0.75,18180.0,0.030580949
1.0,909,0.26274198,18200.0,0.08644581,0.8754437,-0.07727939,0.85,18200.0,0.030579206
1.0,910,0.26273888,18220.0,0.086445756,0.8754274,-0.098496936,0.85,18220.0,0.030579466
1.0,911,0.26273865,18240.0,0.08644014,0.87542677,-0.06210018,0.7,18240.0,0.030578017
1.0,912,0.26273912,18260.0,0.08643583,0.8754272,-0.05762461,0.8,18260.0,0.030578107
1.0,913,0.26274186,18280.0,0.08643288,0.8754404,-0.07504489,0.75,18280.0,0.030577496
1.0,914,0.26275074,18300.0,0.086431295,0.8754768,-0.06882371,0.75,18300.0,0.03057732
1.0,915,0.26274988,18320.0,0.08643504,0.8754752,-0.08206476,0.75,18320.0,0.030577654
1.0,916,0.26275185,18340.0,0.08643689,0.87548155,-0.074229464,0.75,18340.0,0.030577386
1.0,917,0.26275173,18360.0,0.08644193,0.87547874,-0.083189845,0.85,18360.0,0.030577535
1.0,918,0.26275027,18380.0,0.086440034,0.87547374,-0.08199804,0.85,18380.0,0.030576145
1.0,919,0.26274854,18400.0,0.08643804,0.8754692,-0.0687086,0.65,18400.0,0.030576903
1.0,920,0.262745,18420.0,0.08644098,0.8754565,-0.07273094,0.85,18420.0,0.030577848
1.0,921,0.26274377,18440.0,0.08643975,0.8754503,-0.072159365,0.85,18440.0,0.03057729
1.0,922,0.2627465,18460.0,0.08643976,0.8754557,-0.07576181,0.85,18460.0,0.030576378
1.0,923,0.26274118,18480.0,0.08644227,0.87543553,-0.07534645,0.8,18480.0,0.030576486
1.0,924,0.26273832,18500.0,0.08643869,0.87543005,-0.05830419,0.65,18500.0,0.030576939
1.0,925,0.2627404,18520.0,0.08643662,0.87543994,-0.0559937,0.7,18520.0,0.030576307
1.0,926,0.26273876,18540.0,0.08645042,0.87543726,-0.078287326,0.7,18540.0,0.03057937
1.0,927,0.26274052,18560.0,0.086441405,0.8754434,-0.048599795,1.0,18560.0,0.030577248
1.0,928,0.26274085,18580.0,0.08645361,0.87544364,-0.092280224,0.8,18580.0,0.030580018
1.0,929,0.26274478,18600.0,0.08645502,0.87545925,-0.06762825,0.8,18600.0,0.030579722
1.0,930,0.2627434,18620.0,0.08645857,0.87545305,-0.079020925,0.8,18620.0,0.03058209
1.0,931,0.26274353,18640.0,0.086460926,0.8754514,-0.050410114,0.65,18640.0,0.030582493
1.0,932,0.2627511,18660.0,0.086469196,0.8754731,-0.07976072,0.85,18660.0,0.030585688
1.0,933,0.26274848,18680.0,0.08646812,0.87546307,-0.062241606,0.75,18680.0,0.030586207
1.0,934,0.26274475,18700.0,0.08645642,0.8754492,-0.054014303,0.9,18700.0,0.030584335
1.0,935,0.26274484,18720.0,0.086457916,0.87545425,-0.063908346,0.75,18720.0,0.0305841
1.0,936,0.2627475,18740.0,0.08646482,0.87546724,-0.10901983,0.6,18740.0,0.030584823
1.0,937,0.26274884,18760.0,0.08647072,0.8754716,-0.07499037,0.75,18760.0,0.030585777
1.0,938,0.2627483,18780.0,0.08647055,0.8754692,-0.050671864,0.75,18780.0,0.030584684
1.0,939,0.26274467,18800.0,0.08647889,0.8754534,-0.07540934,0.7,18800.0,0.030587703
1.0,940,0.2627485,18820.0,0.086472906,0.87546664,-0.0374908,0.8,18820.0,0.03058579
1.0,941,0.26274687,18840.0,0.08646915,0.8754633,-0.07183568,0.65,18840.0,0.030584242
1.0,942,0.26274908,18860.0,0.086472474,0.875477,-0.07336396,0.8,18860.0,0.030584123
1.0,943,0.26274377,18880.0,0.086474456,0.8754614,-0.07477464,0.8,18880.0,0.030584957
1.0,944,0.26274982,18900.0,0.08647362,0.8754783,-0.066162564,0.75,18900.0,0.030585054
1.0,945,0.2627455,18920.0,0.08647912,0.87546104,-0.08376135,0.6,18920.0,0.030586023
1.0,946,0.26274255,18940.0,0.08649134,0.8754471,-0.096979566,0.8,18940.0,0.030589571
1.0,947,0.26274157,18960.0,0.0864915,0.87544566,-0.051172964,0.9,18960.0,0.030588076
1.0,948,0.26274028,18980.0,0.086494714,0.87543744,-0.088811725,0.75,18980.0,0.030589715
1.0,949,0.26273718,19000.0,0.08649505,0.8754282,-0.08220654,0.75,19000.0,0.03059024
1.0,950,0.26273775,19020.0,0.08648873,0.8754289,-0.053193938,0.85,19020.0,0.030589014
1.0,951,0.2627403,19040.0,0.086495616,0.8754423,-0.09011366,0.85,19040.0,0.030589953
1.0,952,0.2627436,19060.0,0.08649725,0.87545544,-0.06255071,0.75,19060.0,0.030590381
1.0,953,0.26273638,19080.0,0.08649799,0.87543136,-0.07301638,0.8,19080.0,0.030590614
1.0,954,0.26273417,19100.0,0.08650425,0.87542063,-0.059529644,0.8,19100.0,0.030594021
1.0,955,0.26273596,19120.0,0.08651,0.87542677,-0.08254382,0.8,19120.0,0.030594772
1.0,956,0.26273316,19140.0,0.08650432,0.87541443,-0.038578235,0.7,19140.0,0.030593503
1.0,957,0.26273528,19160.0,0.08649521,0.87542456,-0.062649816,0.8,19160.0,0.030591894
1.0,958,0.26273787,19180.0,0.08649706,0.8754353,-0.05463638,0.75,19180.0,0.03059293
1.0,959,0.26273543,19200.0,0.08650436,0.8754263,-0.09014468,0.75,19200.0,0.030595297
1.0,960,0.26273432,19220.0,0.086500145,0.87542534,-0.06387604,0.75,19220.0,0.030593574
1.0,961,0.26273796,19240.0,0.0865047,0.87543696,-0.063773885,0.7,19240.0,0.03059423
1.0,962,0.26273704,19260.0,0.08650937,0.8754328,-0.08430938,0.8,19260.0,0.030594926
1.0,963,0.26273766,19280.0,0.08651314,0.8754399,-0.064400524,0.8,19280.0,0.030594606
1.0,964,0.26273763,19300.0,0.08652354,0.8754383,-0.0769334,0.85,19300.0,0.030596817
1.0,965,0.2627389,19320.0,0.086515106,0.8754434,-0.060259204,0.85,19320.0,0.030595016
1.0,966,0.26273698,19340.0,0.08652077,0.87543416,-0.08789021,0.65,19340.0,0.030596023
1.0,967,0.2627376,19360.0,0.08651084,0.8754394,-0.040410906,0.75,19360.0,0.03059319
1.0,968,0.26273566,19380.0,0.08651212,0.8754315,-0.06945218,0.65,19380.0,0.030592496
1.0,969,0.26273495,19400.0,0.08652309,0.8754309,-0.10049067,0.65,19400.0,0.030594919
1.0,970,0.26273683,19420.0,0.0865134,0.87543327,-0.046920504,0.7,19420.0,0.030593038
1.0,971,0.26273683,19440.0,0.08651372,0.8754334,-0.061437726,0.5,19440.0,0.030592253
1.0,972,0.26273432,19460.0,0.08652004,0.8754227,-0.072382204,0.8,19460.0,0.030593798
1.0,973,0.26273388,19480.0,0.08651906,0.8754185,-0.048246253,0.7,19480.0,0.030593589
1.0,974,0.26273322,19500.0,0.086517476,0.8754165,-0.042433556,0.85,19500.0,0.030592913
1.0,975,0.2627322,19520.0,0.08652156,0.8754101,-0.07582432,0.8,19520.0,0.030592952
1.0,976,0.2627317,19540.0,0.086518265,0.8754088,-0.05217638,0.75,19540.0,0.030592063
1.0,977,0.2627331,19560.0,0.086518504,0.87541556,-0.07608751,0.8,19560.0,0.030592334
1.0,978,0.26272863,19580.0,0.08651718,0.87539846,-0.07642235,0.8,19580.0,0.03059112
1.0,979,0.26272696,19600.0,0.08650736,0.8753913,-0.052342214,0.7,19600.0,0.03058837
1.0,980,0.26272047,19620.0,0.086504065,0.8753686,-0.05850462,0.8,19620.0,0.0305884
1.0,981,0.26272142,19640.0,0.08650281,0.8753729,-0.06928017,0.75,19640.0,0.030587822
1.0,982,0.2627251,19660.0,0.08650359,0.87538797,-0.08596951,0.8,19660.0,0.030588243
1.0,983,0.26272953,19680.0,0.08649757,0.8754025,-0.056724034,0.55,19680.0,0.030587886
1.0,984,0.26273233,19700.0,0.08650007,0.8754166,-0.087756895,0.65,19700.0,0.030587738
1.0,985,0.2627245,19720.0,0.08649973,0.8753896,-0.07135255,0.6,19720.0,0.030587515
1.0,986,0.26272565,19740.0,0.086503655,0.8753901,-0.090568535,0.65,19740.0,0.030587694
1.0,987,0.2627237,19760.0,0.086509,0.87538487,-0.074672274,0.7,19760.0,0.030588841
1.0,988,0.26272625,19780.0,0.0865108,0.87539655,-0.06848802,0.7,19780.0,0.030591026
1.0,989,0.26272362,19800.0,0.08650035,0.87539214,-0.040608663,0.85,19800.0,0.030588245
1.0,990,0.26272646,19820.0,0.08650137,0.8753998,-0.07864567,0.85,19820.0,0.030589318
1.0,991,0.2627251,19840.0,0.086502075,0.8753989,-0.07511689,0.7,19840.0,0.030589128
1.0,992,0.26272792,19860.0,0.086507,0.8754091,-0.10380143,0.85,19860.0,0.030590605
1.0,993,0.26272577,19880.0,0.08651007,0.87540054,-0.06894883,0.65,19880.0,0.030590657
1.0,994,0.2627297,19900.0,0.0865165,0.87541103,-0.10271766,0.85,19900.0,0.030591667
1.0,995,0.26272565,19920.0,0.086520165,0.8753949,-0.07670154,0.7,19920.0,0.030594105
1.0,996,0.2627281,19940.0,0.086522005,0.8754053,-0.0972784,0.85,19940.0,0.030593565
1.0,997,0.26272926,19960.0,0.086532146,0.8754057,-0.08080588,0.65,19960.0,0.030596126
1.0,998,0.26273504,19980.0,0.086532705,0.87542844,-0.06852007,0.6,19980.0,0.030596212
1.0,999,0.26273233,20000.0,0.086533554,0.87541837,-0.06565943,0.65,20000.0,0.030596426
