test/success_rate,test/mean_Q,epoch,stats_g/std,train/success_rate,stats_o/std,train/episode,stats_g/mean,stats_o/mean,test/episode
0.0,-0.28988874,0,0.09069506,0.0,0.027082294,20.0,0.88190395,0.2596746,20.0
0.05,-0.30463073,1,0.087868124,0.05,0.024962332,40.0,0.8751607,0.26083934,40.0
0.3,-0.33281857,2,0.087719046,0.0,0.023748795,60.0,0.8724742,0.26068324,60.0
0.75,-0.35704523,3,0.08667006,0.15,0.023494938,80.0,0.8744362,0.26180398,80.0
0.5,-0.41184992,4,0.08753932,0.05,0.023071304,100.0,0.87356496,0.2619077,100.0
0.7,-0.42574692,5,0.08752448,0.05,0.023047704,120.0,0.8737715,0.2620967,120.0
0.85,-0.43286338,6,0.08711613,0.35,0.023143265,140.0,0.8721549,0.26192576,140.0
0.9,-0.4060766,7,0.08640001,0.45,0.023156371,160.0,0.874067,0.26220173,160.0
0.9,-0.45767117,8,0.08633867,0.45,0.023222188,180.0,0.87369746,0.26192814,180.0
0.95,-0.4869793,9,0.08669236,0.35,0.023432454,200.0,0.8738944,0.26188523,200.0
1.0,-0.4665199,10,0.08675126,0.6,0.023611322,220.0,0.87426704,0.26195797,220.0
1.0,-0.48078093,11,0.0868048,0.45,0.023860637,240.0,0.87370366,0.26185533,240.0
1.0,-0.47117648,12,0.087095894,0.65,0.024159903,260.0,0.8745074,0.2619736,260.0
1.0,-0.47037524,13,0.08686459,0.7,0.024364477,280.0,0.8748627,0.26203462,280.0
1.0,-0.48770538,14,0.08690717,0.75,0.02463634,300.0,0.87563044,0.26227266,300.0
1.0,-0.5078196,15,0.0870349,0.8,0.024910163,320.0,0.8765325,0.26249227,320.0
1.0,-0.5093165,16,0.08725541,0.6,0.025116954,340.0,0.8764792,0.2624845,340.0
1.0,-0.4670263,17,0.08708832,0.6,0.02528967,360.0,0.8756469,0.26234645,360.0
1.0,-0.4743746,18,0.08702317,0.55,0.025479844,380.0,0.875073,0.26223338,380.0
1.0,-0.53540313,19,0.087319635,0.65,0.02577966,400.0,0.8755529,0.26237112,400.0
1.0,-0.51509035,20,0.08745737,0.7,0.02602129,420.0,0.87560636,0.2624215,420.0
1.0,-0.52902997,21,0.08771493,0.8,0.026271317,440.0,0.8756943,0.2624585,440.0
1.0,-0.46906042,22,0.08749858,0.5,0.026355987,460.0,0.87629795,0.2626573,460.0
1.0,-0.4821008,23,0.0874233,0.75,0.026486788,480.0,0.8766451,0.26274693,480.0
1.0,-0.4776495,24,0.08734494,0.85,0.026589666,500.0,0.8764301,0.2627092,500.0
1.0,-0.51749325,25,0.08739409,0.6,0.026720688,520.0,0.8761824,0.26264897,520.0
1.0,-0.46974903,26,0.087178566,0.8,0.026769852,540.0,0.8759427,0.26258013,540.0
1.0,-0.4848937,27,0.08709117,0.65,0.026847351,560.0,0.87656933,0.26272476,560.0
1.0,-0.44517684,28,0.08685416,0.6,0.026886895,580.0,0.87613696,0.26260516,580.0
1.0,-0.51260835,29,0.086957075,0.65,0.026969085,600.0,0.8756563,0.26248792,600.0
1.0,-0.4480978,30,0.08677119,0.85,0.026988009,620.0,0.87562084,0.2625143,620.0
1.0,-0.565331,31,0.0869567,0.8,0.027155364,640.0,0.8758654,0.26259583,640.0
1.0,-0.48524445,32,0.08697319,0.7,0.02727357,660.0,0.8760527,0.26264423,660.0
1.0,-0.5370279,33,0.08712068,0.75,0.027411306,680.0,0.87593955,0.2626558,680.0
1.0,-0.48107582,34,0.08704331,0.85,0.027500317,700.0,0.8759393,0.262637,700.0
1.0,-0.49007684,35,0.08695739,0.55,0.027536277,720.0,0.8760881,0.2626886,720.0
1.0,-0.4549697,36,0.086791866,0.8,0.027574573,740.0,0.8760678,0.26268405,740.0
1.0,-0.521564,37,0.08685473,0.8,0.027682528,760.0,0.87542015,0.26249832,760.0
1.0,-0.5215848,38,0.086990334,0.75,0.027731624,780.0,0.8751448,0.26244563,780.0
1.0,-0.5000702,39,0.086978495,0.7,0.027790215,800.0,0.8754825,0.2625453,800.0
1.0,-0.47749168,40,0.08694309,0.85,0.027839545,820.0,0.8754551,0.2625384,820.0
1.0,-0.48414683,41,0.086927675,0.8,0.027884398,840.0,0.8755794,0.2625708,840.0
1.0,-0.4900195,42,0.08692622,0.8,0.027900895,860.0,0.87541133,0.2625409,860.0
1.0,-0.49545535,43,0.08691001,0.8,0.027943019,880.0,0.8757334,0.26262134,880.0
1.0,-0.47891402,44,0.08687361,0.75,0.027993813,900.0,0.8761508,0.2627394,900.0
1.0,-0.47395062,45,0.08674956,0.7,0.027978282,920.0,0.87618214,0.262729,920.0
1.0,-0.51983327,46,0.0868988,0.85,0.028058747,940.0,0.8763985,0.26278755,940.0
1.0,-0.54373306,47,0.08704492,0.75,0.028126517,960.0,0.8767846,0.2629018,960.0
1.0,-0.5196146,48,0.08711782,0.85,0.028175974,980.0,0.8770654,0.26295158,980.0
1.0,-0.4573678,49,0.08693481,0.7,0.028184354,1000.0,0.87722427,0.26299775,1000.0
1.0,-0.4616407,50,0.086782016,0.65,0.02817316,1020.0,0.87702817,0.26296562,1020.0
1.0,-0.47965488,51,0.086721756,0.9,0.028191507,1040.0,0.876695,0.26287943,1040.0
1.0,-0.52269757,52,0.08670475,0.55,0.028205177,1060.0,0.87659866,0.26286525,1060.0
1.0,-0.4464995,53,0.086515784,0.65,0.028176537,1080.0,0.8766553,0.26289836,1080.0
1.0,-0.49505457,54,0.086598426,0.75,0.028223801,1100.0,0.8768007,0.26293007,1100.0
1.0,-0.5325487,55,0.08659048,0.75,0.028249834,1120.0,0.87677693,0.26293266,1120.0
1.0,-0.45992655,56,0.08647781,0.75,0.02824552,1140.0,0.87688714,0.262961,1140.0
1.0,-0.43566352,57,0.08633751,0.9,0.028240094,1160.0,0.8766878,0.26292008,1160.0
1.0,-0.49364033,58,0.08630806,0.75,0.02824894,1180.0,0.876697,0.2629124,1180.0
1.0,-0.53707993,59,0.08638555,0.85,0.028278092,1200.0,0.8768668,0.2629606,1200.0
1.0,-0.45692563,60,0.08632108,0.85,0.02827233,1220.0,0.87721914,0.26303917,1220.0
1.0,-0.5530665,61,0.086413525,0.9,0.028318644,1240.0,0.8770203,0.26299632,1240.0
1.0,-0.48059112,62,0.086360835,0.7,0.028337741,1260.0,0.8770841,0.26300964,1260.0
1.0,-0.4931261,63,0.08637164,0.75,0.02836208,1280.0,0.8773423,0.26307166,1280.0
1.0,-0.5226439,64,0.086439885,0.75,0.028396655,1300.0,0.8772614,0.2630514,1300.0
1.0,-0.45518637,65,0.08630842,0.85,0.028408835,1320.0,0.87719744,0.26302522,1320.0
1.0,-0.47746944,66,0.08623961,0.7,0.02840345,1340.0,0.8770965,0.26300573,1340.0
1.0,-0.49470925,67,0.08628694,0.7,0.02843599,1360.0,0.87690884,0.2629597,1360.0
1.0,-0.46270043,68,0.08612075,0.85,0.028421056,1380.0,0.87660164,0.2628892,1380.0
1.0,-0.4874805,69,0.08608929,0.95,0.028437695,1400.0,0.87657446,0.2628769,1400.0
1.0,-0.5305222,70,0.08615074,0.75,0.028465068,1420.0,0.87641853,0.26284185,1420.0
1.0,-0.51700556,71,0.08619516,0.85,0.028493846,1440.0,0.8765432,0.26287606,1440.0
1.0,-0.5020715,72,0.086169414,0.75,0.028499594,1460.0,0.8765816,0.26288697,1460.0
1.0,-0.53081596,73,0.08622387,0.7,0.028512742,1480.0,0.876568,0.2628817,1480.0
1.0,-0.45842466,74,0.08612349,0.85,0.028496617,1500.0,0.8766095,0.2628867,1500.0
1.0,-0.5027207,75,0.08612891,0.55,0.028521288,1520.0,0.87694114,0.2629683,1520.0
1.0,-0.55253357,76,0.08617157,0.8,0.028548097,1540.0,0.87684727,0.26294416,1540.0
1.0,-0.5231205,77,0.08618969,0.85,0.02856786,1560.0,0.8768961,0.26295584,1560.0
1.0,-0.5524038,78,0.08625904,0.85,0.028612282,1580.0,0.8768557,0.2629578,1580.0
1.0,-0.48228264,79,0.0862106,0.7,0.028607752,1600.0,0.8769652,0.26297668,1600.0
1.0,-0.46442023,80,0.08615046,0.7,0.028606623,1620.0,0.8768671,0.2629537,1620.0
1.0,-0.50472885,81,0.08616369,0.7,0.028622825,1640.0,0.876712,0.26290977,1640.0
1.0,-0.49640307,82,0.08612901,0.85,0.028613439,1660.0,0.8765197,0.26286778,1660.0
1.0,-0.49323502,83,0.086119115,0.65,0.02862383,1680.0,0.87646776,0.2628731,1680.0
1.0,-0.4603754,84,0.08600179,0.9,0.028608063,1700.0,0.8762815,0.26281196,1700.0
1.0,-0.55025816,85,0.08604911,0.6,0.028622717,1720.0,0.87629694,0.26282078,1720.0
1.0,-0.54898095,86,0.0861482,0.7,0.028638903,1740.0,0.87620884,0.26280218,1740.0
1.0,-0.5506062,87,0.08625766,0.8,0.02866685,1760.0,0.8763423,0.2628389,1760.0
1.0,-0.4800867,88,0.086188294,0.95,0.028655043,1780.0,0.8763302,0.26284444,1780.0
1.0,-0.4967597,89,0.08618898,0.8,0.028672416,1800.0,0.8762293,0.2628228,1800.0
1.0,-0.5379013,90,0.08618588,0.75,0.028677035,1820.0,0.87620974,0.2628279,1820.0
1.0,-0.5718496,91,0.086210735,0.65,0.02868614,1840.0,0.8762083,0.26282954,1840.0
1.0,-0.5272869,92,0.08627772,0.7,0.028702106,1860.0,0.8761077,0.26279727,1860.0
1.0,-0.516809,93,0.086230375,0.75,0.028696632,1880.0,0.8759013,0.26275426,1880.0
1.0,-0.56516266,94,0.08624515,0.65,0.02870908,1900.0,0.8759549,0.26276818,1900.0
1.0,-0.52563226,95,0.08623606,0.8,0.028707579,1920.0,0.87582785,0.2627413,1920.0
1.0,-0.5584614,96,0.08627558,0.5,0.028721705,1940.0,0.8759737,0.2627756,1940.0
1.0,-0.50489914,97,0.086263895,0.75,0.02871654,1960.0,0.8760322,0.26280445,1960.0
1.0,-0.49982905,98,0.086238176,0.75,0.028722938,1980.0,0.8757474,0.26273343,1980.0
1.0,-0.5341223,99,0.08633796,0.75,0.02876379,2000.0,0.8759063,0.2627759,2000.0
1.0,-0.5255979,100,0.086282335,0.65,0.02875181,2020.0,0.87587124,0.2627688,2020.0
1.0,-0.4999246,101,0.08625635,0.9,0.028752025,2040.0,0.87588173,0.2627637,2040.0
1.0,-0.57547206,102,0.08629548,0.6,0.028763816,2060.0,0.875987,0.2627888,2060.0
1.0,-0.4968759,103,0.08624079,0.75,0.02875885,2080.0,0.8761229,0.2628214,2080.0
1.0,-0.5801481,104,0.08621913,0.8,0.028764287,2100.0,0.87591964,0.26278022,2100.0
1.0,-0.5230875,105,0.086164065,0.85,0.02875176,2120.0,0.87600416,0.26279783,2120.0
1.0,-0.49077353,106,0.08610898,0.7,0.028744113,2140.0,0.87593824,0.26278412,2140.0
1.0,-0.4960299,107,0.08607622,0.8,0.028733378,2160.0,0.875784,0.2627489,2160.0
1.0,-0.5152632,108,0.08603558,0.7,0.028728034,2180.0,0.8757086,0.26274765,2180.0
1.0,-0.51667494,109,0.08604434,0.75,0.028740421,2200.0,0.8756229,0.26273254,2200.0
1.0,-0.5286117,110,0.085996814,0.7,0.028732514,2220.0,0.87572336,0.26276097,2220.0
1.0,-0.5056945,111,0.08596573,0.7,0.0287315,2240.0,0.8757193,0.26275793,2240.0
1.0,-0.6121522,112,0.08599099,0.75,0.028742015,2260.0,0.8756387,0.26274166,2260.0
1.0,-0.5122496,113,0.08597163,0.7,0.02873521,2280.0,0.87561387,0.26274,2280.0
1.0,-0.51310176,114,0.08588928,0.65,0.028711397,2300.0,0.8755196,0.262716,2300.0
1.0,-0.60619074,115,0.08589778,0.85,0.028716182,2320.0,0.8755045,0.2627201,2320.0
1.0,-0.5230534,116,0.08587891,0.55,0.028709095,2340.0,0.87548095,0.26272443,2340.0
1.0,-0.5228747,117,0.08585286,0.8,0.028703133,2360.0,0.87554866,0.2627347,2360.0
1.0,-0.5340384,118,0.0858613,0.75,0.028715018,2380.0,0.8754404,0.2627029,2380.0
1.0,-0.5403335,119,0.085885525,0.85,0.028724793,2400.0,0.8754332,0.26270705,2400.0
1.0,-0.56378305,120,0.08591479,0.75,0.028739566,2420.0,0.8755091,0.26272863,2420.0
1.0,-0.55603945,121,0.08599428,0.65,0.028760755,2440.0,0.8757468,0.26278648,2440.0
1.0,-0.57436025,122,0.0859951,0.75,0.028758055,2460.0,0.87570924,0.26276925,2460.0
1.0,-0.56191146,123,0.08593228,0.85,0.028747106,2480.0,0.87568957,0.26276702,2480.0
1.0,-0.5082748,124,0.08587178,0.9,0.028739655,2500.0,0.8755894,0.26274708,2500.0
1.0,-0.5244633,125,0.08586284,0.75,0.028736115,2520.0,0.87553185,0.26273683,2520.0
1.0,-0.50853986,126,0.085789114,0.65,0.028727766,2540.0,0.875496,0.26272386,2540.0
1.0,-0.5116714,127,0.08579838,0.8,0.028732711,2560.0,0.87544173,0.2627029,2560.0
1.0,-0.54937553,128,0.085769616,0.55,0.028730338,2580.0,0.8753709,0.2626876,2580.0
1.0,-0.49661192,129,0.08570347,0.7,0.02872164,2600.0,0.87544775,0.26270562,2600.0
1.0,-0.5785384,130,0.0857233,0.7,0.028721172,2620.0,0.8753009,0.26267797,2620.0
1.0,-0.55118454,131,0.0856644,0.6,0.028710913,2640.0,0.8753006,0.26268387,2640.0
1.0,-0.55424273,132,0.08564543,0.85,0.02870953,2660.0,0.8753331,0.26269126,2660.0
1.0,-0.5234998,133,0.08565577,0.85,0.028713549,2680.0,0.875299,0.26268578,2680.0
1.0,-0.5319297,134,0.08569742,0.6,0.028719217,2700.0,0.8753403,0.26269382,2700.0
1.0,-0.5304912,135,0.08570793,0.8,0.028728861,2720.0,0.8753474,0.2626949,2720.0
1.0,-0.4894832,136,0.0856852,0.55,0.02872786,2740.0,0.87537724,0.26270306,2740.0
1.0,-0.53631955,137,0.08568493,0.8,0.02873063,2760.0,0.87538236,0.2626987,2760.0
1.0,-0.5176455,138,0.08569869,0.7,0.028731033,2780.0,0.87543845,0.26270622,2780.0
1.0,-0.5064461,139,0.08567067,0.9,0.028726935,2800.0,0.87532204,0.26267555,2800.0
1.0,-0.60225016,140,0.08573192,0.75,0.028741324,2820.0,0.875119,0.26263824,2820.0
1.0,-0.5239425,141,0.085764356,0.7,0.028749222,2840.0,0.8751084,0.26263684,2840.0
1.0,-0.5815491,142,0.08578324,0.8,0.028750721,2860.0,0.8751406,0.26264516,2860.0
1.0,-0.5848497,143,0.08580405,0.65,0.028758023,2880.0,0.87514925,0.26264903,2880.0
1.0,-0.5648339,144,0.0857927,0.6,0.028761838,2900.0,0.8751704,0.26265353,2900.0
1.0,-0.5719764,145,0.085796796,0.7,0.02876553,2920.0,0.8751132,0.2626438,2920.0
1.0,-0.58693105,146,0.08585147,0.75,0.028777745,2940.0,0.8750713,0.26263148,2940.0
1.0,-0.5146556,147,0.08583955,0.65,0.028772611,2960.0,0.87504655,0.26262105,2960.0
1.0,-0.54925287,148,0.08586634,0.8,0.028778499,2980.0,0.87517524,0.26265094,2980.0
1.0,-0.59148914,149,0.08584145,0.7,0.02877296,3000.0,0.8751294,0.26264077,3000.0
1.0,-0.5871392,150,0.08592504,0.75,0.028789278,3020.0,0.87515426,0.26264963,3020.0
1.0,-0.58513534,151,0.08590343,0.65,0.028778296,3040.0,0.87516433,0.26265067,3040.0
1.0,-0.553873,152,0.08593893,0.75,0.028785774,3060.0,0.87526554,0.2626734,3060.0
1.0,-0.5160948,153,0.08592937,0.75,0.028784867,3080.0,0.8752746,0.2626751,3080.0
1.0,-0.5292118,154,0.085939504,0.75,0.028800542,3100.0,0.87528306,0.2626775,3100.0
1.0,-0.5791822,155,0.08600078,0.7,0.028812882,3120.0,0.8753722,0.26269796,3120.0
1.0,-0.56000763,156,0.08603966,0.75,0.028822025,3140.0,0.87535137,0.2627011,3140.0
1.0,-0.54582375,157,0.08603441,0.75,0.02881946,3160.0,0.87541026,0.26271382,3160.0
1.0,-0.53286684,158,0.08606013,0.85,0.028822128,3180.0,0.8754577,0.26272008,3180.0
1.0,-0.67571586,159,0.08612447,0.5,0.028839618,3200.0,0.87542176,0.26271394,3200.0
1.0,-0.5200384,160,0.08609465,0.6,0.02882958,3220.0,0.87539387,0.26271182,3220.0
1.0,-0.55043006,161,0.08609135,0.8,0.028832793,3240.0,0.8754606,0.2627317,3240.0
1.0,-0.55932,162,0.086106665,0.55,0.028832182,3260.0,0.8754511,0.26273307,3260.0
1.0,-0.54174674,163,0.086114824,0.8,0.028835421,3280.0,0.8755739,0.26276523,3280.0
1.0,-0.55693895,164,0.086138815,0.8,0.028837988,3300.0,0.87559646,0.26277384,3300.0
1.0,-0.5903146,165,0.08610177,0.6,0.028828215,3320.0,0.8756845,0.2627966,3320.0
1.0,-0.54956675,166,0.08613374,0.7,0.028836602,3340.0,0.8757675,0.26282004,3340.0
1.0,-0.5633888,167,0.0861448,0.6,0.02883238,3360.0,0.8756912,0.26279062,3360.0
1.0,-0.5304332,168,0.08611551,0.8,0.028824743,3380.0,0.8756626,0.26278856,3380.0
1.0,-0.5624426,169,0.08612192,0.75,0.028834844,3400.0,0.875673,0.2627886,3400.0
1.0,-0.5775427,170,0.08615854,0.7,0.028846826,3420.0,0.8757021,0.2627959,3420.0
1.0,-0.5474711,171,0.086165585,0.5,0.028848734,3440.0,0.87575793,0.26280236,3440.0
1.0,-0.5395808,172,0.086151205,0.65,0.02884585,3460.0,0.8757675,0.26281273,3460.0
1.0,-0.59105265,173,0.086203136,0.8,0.028857032,3480.0,0.875585,0.26276952,3480.0
1.0,-0.5837461,174,0.08619517,0.7,0.02885523,3500.0,0.87564343,0.2627797,3500.0
1.0,-0.5182638,175,0.08615196,0.75,0.028853688,3520.0,0.8756848,0.26279405,3520.0
1.0,-0.62195766,176,0.08621014,0.65,0.0288687,3540.0,0.87568825,0.2627986,3540.0
1.0,-0.58892924,177,0.08625957,0.75,0.028874334,3560.0,0.8757865,0.26281953,3560.0
1.0,-0.56204236,178,0.08625073,0.6,0.028872743,3580.0,0.8758351,0.26282832,3580.0
1.0,-0.5847752,179,0.086286604,0.8,0.028883332,3600.0,0.87586194,0.26283672,3600.0
1.0,-0.5914447,180,0.08633032,0.85,0.028890189,3620.0,0.8759497,0.26285848,3620.0
1.0,-0.54206854,181,0.08633613,0.65,0.028891478,3640.0,0.87597704,0.2628634,3640.0
1.0,-0.6299136,182,0.08639089,0.85,0.028903943,3660.0,0.8758829,0.26284257,3660.0
1.0,-0.5349597,183,0.08636349,0.75,0.028898507,3680.0,0.87576675,0.26281908,3680.0
1.0,-0.5289482,184,0.086308874,0.85,0.028889123,3700.0,0.87577647,0.26282445,3700.0
1.0,-0.61837375,185,0.0862959,0.7,0.02888539,3720.0,0.8757987,0.26282945,3720.0
1.0,-0.6078097,186,0.086297266,0.7,0.02888751,3740.0,0.87571067,0.26281026,3740.0
1.0,-0.5921681,187,0.08629826,0.65,0.028889108,3760.0,0.87571067,0.2628088,3760.0
1.0,-0.5652126,188,0.08625237,0.75,0.028876448,3780.0,0.8757146,0.26281077,3780.0
1.0,-0.647575,189,0.08628497,0.8,0.028891364,3800.0,0.8758362,0.2628424,3800.0
1.0,-0.59569633,190,0.08628451,0.8,0.028897423,3820.0,0.87578267,0.26282907,3820.0
1.0,-0.5491664,191,0.08623374,0.8,0.028891053,3840.0,0.8757837,0.2628307,3840.0
1.0,-0.5306119,192,0.086188175,0.75,0.02888081,3860.0,0.8757792,0.26283237,3860.0
1.0,-0.5924548,193,0.08621576,0.7,0.02889049,3880.0,0.87570685,0.26281947,3880.0
1.0,-0.6721015,194,0.08619491,0.9,0.028883874,3900.0,0.87565714,0.262817,3900.0
1.0,-0.6147996,195,0.08621422,0.75,0.028886637,3920.0,0.87553024,0.2627824,3920.0
1.0,-0.5990144,196,0.086212,0.8,0.028886914,3940.0,0.8754897,0.26276737,3940.0
1.0,-0.54534614,197,0.08621317,0.65,0.028891873,3960.0,0.8755305,0.2627766,3960.0
1.0,-0.59958476,198,0.08618331,0.75,0.028887436,3980.0,0.8754649,0.26276165,3980.0
1.0,-0.6060273,199,0.08617976,0.8,0.028892,4000.0,0.8754961,0.26276928,4000.0
1.0,-0.651669,200,0.08619847,0.75,0.02889376,4020.0,0.87538606,0.26274678,4020.0
1.0,-0.5950307,201,0.086206354,0.6,0.028898168,4040.0,0.8754792,0.26276857,4040.0
1.0,-0.5794876,202,0.08617998,0.8,0.02889629,4060.0,0.8754037,0.26274914,4060.0
1.0,-0.55893147,203,0.08616251,0.8,0.02889553,4080.0,0.87549335,0.26277024,4080.0
1.0,-0.5869537,204,0.08619065,0.6,0.028903535,4100.0,0.87548727,0.2627667,4100.0
1.0,-0.5519595,205,0.086170964,0.75,0.02889989,4120.0,0.8755196,0.26277322,4120.0
1.0,-0.5978212,206,0.08615998,0.65,0.028897956,4140.0,0.8756027,0.26278728,4140.0
1.0,-0.5972769,207,0.08615887,0.75,0.028895725,4160.0,0.87559885,0.26279163,4160.0
1.0,-0.6102603,208,0.08614061,0.65,0.028889626,4180.0,0.87560254,0.26279223,4180.0
1.0,-0.5847418,209,0.08616257,0.75,0.028895482,4200.0,0.8755839,0.26279026,4200.0
1.0,-0.5947869,210,0.08619297,0.75,0.028906995,4220.0,0.8755732,0.26278907,4220.0
1.0,-0.5628693,211,0.08623179,0.75,0.02891865,4240.0,0.8755629,0.26278454,4240.0
1.0,-0.59423053,212,0.08623534,0.75,0.028923605,4260.0,0.8756044,0.26279145,4260.0
1.0,-0.58962137,213,0.08619969,0.75,0.028915603,4280.0,0.87565786,0.26280862,4280.0
1.0,-0.5993289,214,0.08620182,0.75,0.02891793,4300.0,0.875683,0.2628067,4300.0
1.0,-0.66356725,215,0.086214684,0.85,0.028924424,4320.0,0.87562543,0.26279315,4320.0
1.0,-0.61920726,216,0.08619577,0.85,0.028924426,4340.0,0.87558156,0.26278275,4340.0
1.0,-0.5938602,217,0.08620149,0.75,0.028927004,4360.0,0.87560314,0.26278824,4360.0
1.0,-0.6163846,218,0.08621436,0.65,0.02892743,4380.0,0.8756649,0.2628018,4380.0
1.0,-0.62508976,219,0.086189516,0.55,0.028922522,4400.0,0.87569636,0.26280546,4400.0
1.0,-0.64211106,220,0.08623583,0.9,0.028929178,4420.0,0.8756167,0.26279035,4420.0
1.0,-0.6086298,221,0.08625707,0.8,0.028933039,4440.0,0.87558764,0.26278138,4440.0
1.0,-0.6437015,222,0.08625844,0.5,0.02893289,4460.0,0.87559557,0.26278296,4460.0
1.0,-0.6528003,223,0.08631158,0.7,0.028943678,4480.0,0.8755172,0.26276162,4480.0
1.0,-0.58098584,224,0.08630178,0.85,0.028938044,4500.0,0.87548137,0.26275396,4500.0
1.0,-0.61176026,225,0.08630436,0.5,0.028935272,4520.0,0.87546223,0.26275468,4520.0
1.0,-0.6498352,226,0.0863137,0.65,0.028942501,4540.0,0.8754332,0.26274905,4540.0
1.0,-0.60621506,227,0.08630794,0.8,0.028947348,4560.0,0.8754824,0.26275867,4560.0
1.0,-0.55123883,228,0.08627182,0.65,0.02894513,4580.0,0.87550646,0.26276463,4580.0
1.0,-0.5479007,229,0.08624842,0.55,0.028939465,4600.0,0.8754943,0.26276046,4600.0
1.0,-0.61492723,230,0.08625581,0.75,0.02894486,4620.0,0.875406,0.26274154,4620.0
1.0,-0.5796958,231,0.086247645,0.7,0.028941685,4640.0,0.87536687,0.26272842,4640.0
1.0,-0.63621676,232,0.08621725,0.4,0.02893202,4660.0,0.8753018,0.26271644,4660.0
1.0,-0.6205132,233,0.0862278,0.55,0.028932696,4680.0,0.87528163,0.26271182,4680.0
1.0,-0.6410764,234,0.08624626,0.7,0.028939268,4700.0,0.87530446,0.26271906,4700.0
1.0,-0.5912298,235,0.08624206,0.9,0.028939407,4720.0,0.8753133,0.26272458,4720.0
1.0,-0.5774412,236,0.08621045,0.8,0.028932407,4740.0,0.8753024,0.2627212,4740.0
1.0,-0.6886859,237,0.08624477,0.75,0.028943246,4760.0,0.8752444,0.2627094,4760.0
1.0,-0.69778275,238,0.086224206,0.6,0.028938014,4780.0,0.8752323,0.26270345,4780.0
1.0,-0.5867671,239,0.08621944,0.7,0.028937664,4800.0,0.87521267,0.26269662,4800.0
1.0,-0.5731967,240,0.08622507,0.7,0.028940788,4820.0,0.875127,0.2626719,4820.0
1.0,-0.6517435,241,0.086255945,0.75,0.028946185,4840.0,0.87520033,0.2626919,4840.0
1.0,-0.5925026,242,0.08624067,0.8,0.028945401,4860.0,0.87517947,0.2626879,4860.0
1.0,-0.6329848,243,0.08622086,0.65,0.028941205,4880.0,0.8751197,0.26267496,4880.0
1.0,-0.6339013,244,0.08620343,0.8,0.028934658,4900.0,0.87512255,0.26267463,4900.0
1.0,-0.6241957,245,0.086177856,0.65,0.02892859,4920.0,0.87509966,0.26267037,4920.0
1.0,-0.63426,246,0.086214446,0.9,0.028938528,4940.0,0.87511826,0.26267025,4940.0
1.0,-0.5970353,247,0.086208306,0.65,0.028941998,4960.0,0.87511283,0.26266548,4960.0
1.0,-0.62319565,248,0.086235814,0.95,0.028949957,4980.0,0.8750866,0.2626577,4980.0
1.0,-0.5719755,249,0.08621796,0.9,0.028946321,5000.0,0.8750635,0.26264971,5000.0
1.0,-0.65474254,250,0.086250156,0.85,0.028951854,5020.0,0.87509775,0.2626578,5020.0
1.0,-0.6600456,251,0.08624526,0.65,0.028951636,5040.0,0.87506074,0.26264775,5040.0
1.0,-0.6011373,252,0.08623513,0.8,0.02894716,5060.0,0.87511903,0.2626591,5060.0
1.0,-0.65154827,253,0.08623284,0.5,0.028942913,5080.0,0.875124,0.26265842,5080.0
1.0,-0.65137947,254,0.08624926,0.7,0.028945778,5100.0,0.8750739,0.26264778,5100.0
1.0,-0.6332487,255,0.086273395,0.65,0.028946081,5120.0,0.87500453,0.2626319,5120.0
1.0,-0.55784315,256,0.086235195,0.75,0.028939197,5140.0,0.8750198,0.26263636,5140.0
1.0,-0.61135274,257,0.086206734,0.7,0.028934833,5160.0,0.8750796,0.2626504,5160.0
1.0,-0.62808144,258,0.08623294,0.65,0.028943384,5180.0,0.8751108,0.26265925,5180.0
1.0,-0.5946641,259,0.086223125,0.7,0.02894113,5200.0,0.8750534,0.26264554,5200.0
1.0,-0.5741464,260,0.08619184,0.75,0.028936962,5220.0,0.87509364,0.26265407,5220.0
1.0,-0.5755037,261,0.08618596,0.5,0.028935105,5240.0,0.8750703,0.2626472,5240.0
1.0,-0.6506033,262,0.08619339,0.65,0.028939197,5260.0,0.8751003,0.2626513,5260.0
1.0,-0.61712193,263,0.08618457,0.75,0.028936747,5280.0,0.8750718,0.26263967,5280.0
1.0,-0.6280621,264,0.086176775,0.75,0.028938066,5300.0,0.87505794,0.26263687,5300.0
1.0,-0.6115069,265,0.086164,0.8,0.02893872,5320.0,0.8751294,0.26265717,5320.0
1.0,-0.59352815,266,0.08615472,0.7,0.028935615,5340.0,0.87511307,0.26265055,5340.0
1.0,-0.69369507,267,0.086164534,0.85,0.028935125,5360.0,0.8751009,0.26264432,5360.0
1.0,-0.6355321,268,0.08618501,0.65,0.028942008,5380.0,0.8751085,0.26264432,5380.0
1.0,-0.62711805,269,0.08618617,0.65,0.028939221,5400.0,0.87510204,0.26264706,5400.0
1.0,-0.64889735,270,0.08619836,0.55,0.028941948,5420.0,0.87518066,0.2626714,5420.0
1.0,-0.69706994,271,0.086235315,0.7,0.028949488,5440.0,0.8751373,0.26266158,5440.0
1.0,-0.6355844,272,0.086253196,0.65,0.028953463,5460.0,0.8751197,0.2626584,5460.0
1.0,-0.70421267,273,0.08626475,0.65,0.02895669,5480.0,0.8751157,0.2626571,5480.0
1.0,-0.6413769,274,0.08627614,0.85,0.028961923,5500.0,0.87512714,0.26266262,5500.0
1.0,-0.67493105,275,0.08627507,0.7,0.02896063,5520.0,0.8751059,0.26265764,5520.0
1.0,-0.61711854,276,0.0862391,0.65,0.02895374,5540.0,0.8751802,0.2626743,5540.0
1.0,-0.6456362,277,0.08623437,0.55,0.028953144,5560.0,0.8751599,0.2626721,5560.0
1.0,-0.62072086,278,0.086235486,0.75,0.028956354,5580.0,0.87513465,0.26266432,5580.0
1.0,-0.6573902,279,0.08624979,0.55,0.028961662,5600.0,0.8751065,0.2626582,5600.0
1.0,-0.634179,280,0.08625614,0.7,0.028968623,5620.0,0.87515014,0.26267165,5620.0
1.0,-0.63456416,281,0.08622988,0.75,0.028967056,5640.0,0.8751214,0.2626621,5640.0
1.0,-0.6587329,282,0.08627039,0.8,0.028976854,5660.0,0.87512636,0.26266295,5660.0
1.0,-0.71831995,283,0.08629054,0.8,0.028981488,5680.0,0.87509876,0.2626553,5680.0
1.0,-0.6048397,284,0.08627657,0.7,0.028980693,5700.0,0.8751157,0.262658,5700.0
1.0,-0.6811904,285,0.086303554,0.6,0.028985461,5720.0,0.87513775,0.26266074,5720.0
1.0,-0.59658515,286,0.0862743,0.95,0.028979301,5740.0,0.87514144,0.2626605,5740.0
1.0,-0.64898765,287,0.08626029,0.7,0.02897818,5760.0,0.8751421,0.2626591,5760.0
1.0,-0.6638057,288,0.086251974,0.7,0.028978914,5780.0,0.87520766,0.26267335,5780.0
1.0,-0.6416921,289,0.08625116,0.75,0.028977662,5800.0,0.8751569,0.26266444,5800.0
1.0,-0.616593,290,0.08624893,0.8,0.028977102,5820.0,0.8750791,0.26264447,5820.0
1.0,-0.6713812,291,0.08624834,0.9,0.028978761,5840.0,0.87509274,0.26264888,5840.0
1.0,-0.64533,292,0.08622972,0.7,0.028972989,5860.0,0.87510705,0.262652,5860.0
1.0,-0.62019324,293,0.08619943,0.85,0.02896691,5880.0,0.87509984,0.26265055,5880.0
1.0,-0.6254791,294,0.08622611,0.55,0.02897026,5900.0,0.8751025,0.26265162,5900.0
1.0,-0.64333636,295,0.086223446,0.7,0.02896828,5920.0,0.8751013,0.26265615,5920.0
1.0,-0.6458668,296,0.086231925,0.7,0.028973877,5940.0,0.87510014,0.26265642,5940.0
1.0,-0.67911255,297,0.08623437,0.55,0.028975597,5960.0,0.8751047,0.26265994,5960.0
1.0,-0.64301354,298,0.08624188,0.7,0.028980773,5980.0,0.87506247,0.26264557,5980.0
1.0,-0.66976225,299,0.08624613,0.65,0.028987119,6000.0,0.875068,0.26264784,6000.0
1.0,-0.63449043,300,0.08623254,0.75,0.02898639,6020.0,0.87508804,0.26264817,6020.0
1.0,-0.70715964,301,0.086262025,0.65,0.02899524,6040.0,0.87505263,0.26264033,6040.0
1.0,-0.69878423,302,0.08627177,0.5,0.029000575,6060.0,0.875065,0.2626417,6060.0
1.0,-0.71501577,303,0.086271346,0.65,0.02900185,6080.0,0.8750167,0.26262686,6080.0
1.0,-0.6704512,304,0.086256884,0.7,0.028996238,6100.0,0.8750303,0.26262876,6100.0
1.0,-0.6753892,305,0.08626326,0.4,0.028995302,6120.0,0.8749439,0.26261106,6120.0
1.0,-0.70940197,306,0.08625585,0.55,0.028995996,6140.0,0.8749397,0.26261193,6140.0
1.0,-0.63013095,307,0.08625359,0.8,0.02899628,6160.0,0.87490416,0.2626035,6160.0
1.0,-0.7219441,308,0.08626947,0.6,0.028999742,6180.0,0.8748353,0.26258698,6180.0
1.0,-0.66426724,309,0.08627214,0.85,0.029002633,6200.0,0.87491256,0.2626053,6200.0
1.0,-0.62087756,310,0.086257756,0.7,0.02900201,6220.0,0.8749408,0.26261443,6220.0
1.0,-0.6673149,311,0.08625426,0.55,0.028999362,6240.0,0.8749323,0.2626133,6240.0
1.0,-0.6859666,312,0.086291514,0.65,0.029010808,6260.0,0.87496233,0.26261857,6260.0
1.0,-0.6524683,313,0.08629906,0.45,0.029016867,6280.0,0.87493753,0.2626095,6280.0
1.0,-0.6891937,314,0.08630016,0.65,0.029021334,6300.0,0.8749749,0.26261464,6300.0
1.0,-0.70432717,315,0.086302936,0.8,0.029024344,6320.0,0.87500423,0.2626237,6320.0
1.0,-0.639373,316,0.0863137,0.75,0.029029632,6340.0,0.87507373,0.26264146,6340.0
1.0,-0.64532363,317,0.08629906,0.6,0.029026961,6360.0,0.8750572,0.26263767,6360.0
1.0,-0.63090336,318,0.08628825,0.65,0.02902551,6380.0,0.87508315,0.26264387,6380.0
1.0,-0.66139,319,0.08629623,0.55,0.029030686,6400.0,0.87507075,0.2626383,6400.0
1.0,-0.68744314,320,0.0863354,0.65,0.029040832,6420.0,0.87510616,0.26264542,6420.0
1.0,-0.6813513,321,0.08634597,0.75,0.029044574,6440.0,0.8750631,0.26263756,6440.0
1.0,-0.70505506,322,0.08635822,0.75,0.029047072,6460.0,0.8750885,0.26264796,6460.0
1.0,-0.6452491,323,0.086350024,0.55,0.029048506,6480.0,0.87508124,0.2626462,6480.0
1.0,-0.74836725,324,0.08634573,0.7,0.02904557,6500.0,0.87508297,0.2626462,6500.0
1.0,-0.69749963,325,0.08636215,0.6,0.029050682,6520.0,0.8750594,0.26264116,6520.0
1.0,-0.7601939,326,0.08638391,0.8,0.029059703,6540.0,0.8749926,0.26262763,6540.0
1.0,-0.6992342,327,0.08639932,0.85,0.029065778,6560.0,0.8750219,0.26263398,6560.0
1.0,-0.64856327,328,0.08637104,0.45,0.029060703,6580.0,0.87498885,0.2626281,6580.0
1.0,-0.6211101,329,0.0863506,0.8,0.02905919,6600.0,0.8750207,0.26263607,6600.0
1.0,-0.68387073,330,0.086384326,0.8,0.029065832,6620.0,0.87504363,0.2626421,6620.0
1.0,-0.67467535,331,0.086380936,0.75,0.029065883,6640.0,0.87509084,0.26265466,6640.0
1.0,-0.6625942,332,0.08637822,0.75,0.029064646,6660.0,0.8751386,0.26266745,6660.0
1.0,-0.62303644,333,0.08636841,0.65,0.029062271,6680.0,0.87520075,0.26268214,6680.0
1.0,-0.7106868,334,0.08637488,0.85,0.02906473,6700.0,0.8752381,0.26269427,6700.0
1.0,-0.6663786,335,0.086372614,0.65,0.029066447,6720.0,0.8752835,0.2627053,6720.0
1.0,-0.67185104,336,0.086349845,0.95,0.029062327,6740.0,0.8752777,0.26270586,6740.0
1.0,-0.6494542,337,0.08633732,0.65,0.029060055,6760.0,0.87525254,0.26269972,6760.0
1.0,-0.6400827,338,0.08633521,0.75,0.0290586,6780.0,0.8752246,0.26269373,6780.0
1.0,-0.6720965,339,0.08636397,0.95,0.029062888,6800.0,0.87519866,0.26268944,6800.0
1.0,-0.73964596,340,0.08639532,0.7,0.029074222,6820.0,0.87522155,0.2626941,6820.0
1.0,-0.6496917,341,0.08640397,0.7,0.029075269,6840.0,0.87519974,0.26268882,6840.0
1.0,-0.62521935,342,0.08638457,0.8,0.029070105,6860.0,0.87523395,0.2626945,6860.0
1.0,-0.63306314,343,0.08637946,0.75,0.029071748,6880.0,0.8752305,0.2626918,6880.0
1.0,-0.68259364,344,0.08638114,0.55,0.02907392,6900.0,0.8752629,0.2626968,6900.0
1.0,-0.65917456,345,0.086381406,0.8,0.029077169,6920.0,0.8753097,0.26271135,6920.0
1.0,-0.6859975,346,0.08637205,0.5,0.029074702,6940.0,0.87533563,0.26271513,6940.0
1.0,-0.7340447,347,0.086371146,0.55,0.029075269,6960.0,0.8753275,0.26271433,6960.0
1.0,-0.7169863,348,0.08637151,0.85,0.029077103,6980.0,0.8753254,0.2627165,6980.0
1.0,-0.71534693,349,0.086379826,0.9,0.029081602,7000.0,0.8752957,0.26270744,7000.0
1.0,-0.6626331,350,0.0863784,0.65,0.029082764,7020.0,0.87525845,0.26269695,7020.0
1.0,-0.67082256,351,0.08635517,0.7,0.029077139,7040.0,0.87524766,0.26269493,7040.0
1.0,-0.68840516,352,0.08636049,0.6,0.02907688,7060.0,0.8752494,0.26269692,7060.0
1.0,-0.72796744,353,0.086369164,0.7,0.02907925,7080.0,0.8751972,0.26268402,7080.0
1.0,-0.7664737,354,0.08637836,0.75,0.029080471,7100.0,0.8752162,0.26269025,7100.0
1.0,-0.7272345,355,0.08636483,0.65,0.02907677,7120.0,0.8751847,0.26268277,7120.0
1.0,-0.64959764,356,0.08633033,0.7,0.029071767,7140.0,0.8751728,0.26267833,7140.0
1.0,-0.6534308,357,0.08632537,0.65,0.029073711,7160.0,0.87521553,0.26269153,7160.0
1.0,-0.68553054,358,0.08633819,0.75,0.0290783,7180.0,0.8752629,0.26270524,7180.0
1.0,-0.64298284,359,0.08630508,0.7,0.029069718,7200.0,0.8752983,0.26271242,7200.0
1.0,-0.7476056,360,0.08629241,0.6,0.029070089,7220.0,0.87527114,0.26270828,7220.0
1.0,-0.6973618,361,0.08626535,0.8,0.02906243,7240.0,0.8753024,0.26271436,7240.0
1.0,-0.7331504,362,0.08626478,0.75,0.029063305,7260.0,0.8753009,0.26271302,7260.0
1.0,-0.6934613,363,0.08627368,0.65,0.029064361,7280.0,0.875319,0.26272023,7280.0
1.0,-0.695457,364,0.08629736,0.75,0.029071253,7300.0,0.87534064,0.26272666,7300.0
1.0,-0.773364,365,0.08629278,0.5,0.029071081,7320.0,0.8753621,0.26272967,7320.0
1.0,-0.6512116,366,0.08628881,0.8,0.029072672,7340.0,0.8753579,0.26272708,7340.0
1.0,-0.7073558,367,0.08628271,0.85,0.029073011,7360.0,0.87538314,0.26273397,7360.0
1.0,-0.6695038,368,0.086290576,0.7,0.029078692,7380.0,0.8753969,0.2627353,7380.0
1.0,-0.7055191,369,0.0863137,0.75,0.029086491,7400.0,0.87540394,0.262734,7400.0
1.0,-0.77507377,370,0.08633426,0.7,0.029090619,7420.0,0.87540555,0.2627341,7420.0
1.0,-0.7156771,371,0.086330794,0.65,0.029091563,7440.0,0.8754167,0.26273698,7440.0
1.0,-0.6705098,372,0.08634766,0.55,0.029094782,7460.0,0.8754366,0.26273972,7460.0
1.0,-0.68538153,373,0.08633105,0.65,0.02908885,7480.0,0.8754277,0.26273692,7480.0
1.0,-0.7295984,374,0.0863274,0.85,0.02908966,7500.0,0.8753939,0.26272866,7500.0
1.0,-0.7108197,375,0.08634356,0.7,0.02909399,7520.0,0.8753865,0.26272628,7520.0
1.0,-0.7473081,376,0.08635511,0.75,0.029093776,7540.0,0.8753727,0.26272523,7540.0
1.0,-0.72291195,377,0.08636314,0.75,0.029094774,7560.0,0.87536865,0.2627241,7560.0
1.0,-0.76850355,378,0.08637393,0.75,0.029097408,7580.0,0.8753374,0.2627191,7580.0
1.0,-0.67889524,379,0.086362,0.8,0.029095665,7600.0,0.87533,0.26271507,7600.0
1.0,-0.6527525,380,0.08638004,0.75,0.029103685,7620.0,0.8753558,0.26272213,7620.0
1.0,-0.8104393,381,0.086389266,0.8,0.02910321,7640.0,0.87537545,0.26272866,7640.0
1.0,-0.7240375,382,0.08640868,0.75,0.02910764,7660.0,0.8753512,0.26272464,7660.0
1.0,-0.67098886,383,0.08640195,0.8,0.029106084,7680.0,0.8753309,0.26272088,7680.0
1.0,-0.611761,384,0.08638086,0.85,0.029101621,7700.0,0.8753466,0.2627253,7700.0
1.0,-0.6551998,385,0.08635899,0.75,0.029095272,7720.0,0.8753805,0.2627328,7720.0
1.0,-0.6494238,386,0.08634748,0.85,0.029091656,7740.0,0.8753993,0.2627341,7740.0
1.0,-0.73468286,387,0.08633294,0.85,0.029088408,7760.0,0.875379,0.2627294,7760.0
1.0,-0.6933031,388,0.08632182,0.8,0.029087555,7780.0,0.87539244,0.26273108,7780.0
1.0,-0.70689756,389,0.08634982,0.6,0.029093783,7800.0,0.8754117,0.26273492,7800.0
1.0,-0.6892146,390,0.08636453,0.75,0.029096311,7820.0,0.8754087,0.2627343,7820.0
1.0,-0.6632986,391,0.086366236,0.65,0.029098472,7840.0,0.87543684,0.2627377,7840.0
1.0,-0.73417854,392,0.086378634,0.8,0.029099071,7860.0,0.87543505,0.26273626,7860.0
1.0,-0.6752678,393,0.08636186,0.8,0.029094968,7880.0,0.87541705,0.2627315,7880.0
1.0,-0.7365973,394,0.08635942,0.85,0.029093217,7900.0,0.8754185,0.2627294,7900.0
1.0,-0.6387069,395,0.08635443,0.55,0.029090893,7920.0,0.87540364,0.2627247,7920.0
1.0,-0.7275859,396,0.08636236,0.6,0.029094338,7940.0,0.8754441,0.2627333,7940.0
1.0,-0.7681812,397,0.08637253,0.6,0.02909764,7960.0,0.8754459,0.26273403,7960.0
1.0,-0.7407993,398,0.08636671,0.6,0.029095124,7980.0,0.8754148,0.26272708,7980.0
1.0,-0.7767475,399,0.086361855,0.75,0.029093325,8000.0,0.875426,0.2627304,8000.0
1.0,-0.7036259,400,0.086355366,0.75,0.02909427,8020.0,0.87539387,0.26272577,8020.0
1.0,-0.6647016,401,0.08635757,0.7,0.029095817,8040.0,0.87537414,0.26272002,8040.0
1.0,-0.8523203,402,0.086385064,0.75,0.029102251,8060.0,0.87534505,0.26271552,8060.0
1.0,-0.6834636,403,0.08637091,0.5,0.029100543,8080.0,0.87536335,0.26272166,8080.0
1.0,-0.7241577,404,0.08637319,0.7,0.029102493,8100.0,0.8753557,0.26271993,8100.0
1.0,-0.736457,405,0.0863792,0.6,0.029103115,8120.0,0.875333,0.26271683,8120.0
1.0,-0.7360526,406,0.08640209,0.65,0.029109191,8140.0,0.87531155,0.26271018,8140.0
1.0,-0.63368255,407,0.08637258,0.85,0.029102653,8160.0,0.8753355,0.26271626,8160.0
1.0,-0.7173782,408,0.08638301,0.75,0.029106662,8180.0,0.8752944,0.26270464,8180.0
1.0,-0.68777263,409,0.08636796,0.75,0.029102597,8200.0,0.87531334,0.26271027,8200.0
1.0,-0.6585533,410,0.08636419,0.65,0.029101962,8220.0,0.8752818,0.262702,8220.0
1.0,-0.7866313,411,0.086357296,0.75,0.029100303,8240.0,0.87527186,0.26270014,8240.0
1.0,-0.6534006,412,0.0863635,0.75,0.02910417,8260.0,0.87522674,0.26268995,8260.0
1.0,-0.6815251,413,0.08636322,0.45,0.029101375,8280.0,0.87520593,0.26268503,8280.0
1.0,-0.71643263,414,0.0863716,0.55,0.029103007,8300.0,0.8752649,0.26269916,8300.0
1.0,-0.78758013,415,0.08637339,0.7,0.029100344,8320.0,0.8752807,0.26270327,8320.0
1.0,-0.72861695,416,0.0863703,0.75,0.029096425,8340.0,0.87528247,0.26270393,8340.0
1.0,-0.74224967,417,0.08636934,0.7,0.029096821,8360.0,0.8752474,0.26269624,8360.0
1.0,-0.7810514,418,0.0863713,0.7,0.029097125,8380.0,0.8753104,0.26270732,8380.0
1.0,-0.71973854,419,0.0863489,0.6,0.029094681,8400.0,0.8752839,0.26270214,8400.0
1.0,-0.6853911,420,0.0863427,0.75,0.02909508,8420.0,0.8752573,0.26269722,8420.0
1.0,-0.7157687,421,0.086347215,0.7,0.029096022,8440.0,0.8752571,0.26269767,8440.0
1.0,-0.72382873,422,0.08635467,0.8,0.029096222,8460.0,0.8752334,0.26269,8460.0
1.0,-0.82217467,423,0.086363055,0.55,0.029096385,8480.0,0.8751834,0.262678,8480.0
1.0,-0.74770176,424,0.08636513,0.45,0.02909815,8500.0,0.87520665,0.26268247,8500.0
1.0,-0.7109035,425,0.08637083,0.6,0.02910078,8520.0,0.8752339,0.26268905,8520.0
1.0,-0.74925196,426,0.08637873,0.65,0.02910065,8540.0,0.87521726,0.26268753,8540.0
1.0,-0.71825165,427,0.0863632,0.65,0.029097166,8560.0,0.87523335,0.26269215,8560.0
1.0,-0.7532482,428,0.08636884,0.65,0.029102797,8580.0,0.8752455,0.26269564,8580.0
1.0,-0.7473744,429,0.08636037,0.75,0.029101184,8600.0,0.8752308,0.26269358,8600.0
1.0,-0.81527936,430,0.08637157,0.75,0.02910108,8620.0,0.87522,0.2626894,8620.0
1.0,-0.8150509,431,0.08637464,0.65,0.02910015,8640.0,0.8751776,0.26267904,8640.0
1.0,-0.7600273,432,0.086372055,0.8,0.029100943,8660.0,0.87519723,0.2626844,8660.0
1.0,-0.73719585,433,0.086363316,0.75,0.029097935,8680.0,0.87519336,0.26268563,8680.0
1.0,-0.7561559,434,0.08636517,0.8,0.029097188,8700.0,0.87521386,0.26268965,8700.0
1.0,-0.7488321,435,0.08637551,0.75,0.029096425,8720.0,0.875184,0.26268315,8720.0
1.0,-0.72027504,436,0.08637463,0.8,0.029094566,8740.0,0.87522316,0.2626921,8740.0
1.0,-0.71300334,437,0.08637472,0.65,0.0290925,8760.0,0.87522554,0.26269218,8760.0
1.0,-0.759914,438,0.08638901,0.8,0.029096808,8780.0,0.8752447,0.26269314,8780.0
1.0,-0.6798283,439,0.08638259,0.6,0.029094696,8800.0,0.8752157,0.26268667,8800.0
1.0,-0.78997797,440,0.086384796,0.75,0.029095182,8820.0,0.8751972,0.2626853,8820.0
1.0,-0.78714263,441,0.08637465,0.6,0.029091734,8840.0,0.8751916,0.2626856,8840.0
1.0,-0.7625585,442,0.08638107,0.5,0.029094707,8860.0,0.87521213,0.26269144,8860.0
1.0,-0.7129758,443,0.08638176,0.65,0.029093033,8880.0,0.8752168,0.26269412,8880.0
1.0,-0.7179067,444,0.08637165,0.85,0.02909181,8900.0,0.8752472,0.26270184,8900.0
1.0,-0.8736655,445,0.08637912,0.65,0.029094527,8920.0,0.87524873,0.26270458,8920.0
1.0,-0.7892931,446,0.0863839,0.6,0.02909408,8940.0,0.87526304,0.26270634,8940.0
1.0,-0.78599805,447,0.08638581,0.65,0.029093558,8960.0,0.87530875,0.26271614,8960.0
1.0,-0.70158494,448,0.086379625,0.65,0.029090554,8980.0,0.87529516,0.26271042,8980.0
1.0,-0.7373018,449,0.08636942,0.7,0.02908704,9000.0,0.87529594,0.2627091,9000.0
1.0,-0.74622744,450,0.08637894,0.5,0.02908886,9020.0,0.8752835,0.26270634,9020.0
1.0,-0.7250431,451,0.08638679,0.65,0.029090777,9040.0,0.87527376,0.26270205,9040.0
1.0,-0.7735051,452,0.08639864,0.8,0.029092576,9060.0,0.8752702,0.26270068,9060.0
1.0,-0.6977658,453,0.0863627,0.7,0.029084137,9080.0,0.8752804,0.26270315,9080.0
1.0,-0.7549063,454,0.086365975,0.7,0.029084142,9100.0,0.8753157,0.26271325,9100.0
1.0,-0.70073396,455,0.086365275,0.65,0.029082391,9120.0,0.8753529,0.2627182,9120.0
1.0,-0.76402545,456,0.08635866,0.75,0.02908363,9140.0,0.87535524,0.2627212,9140.0
1.0,-0.82963955,457,0.0863567,0.75,0.029082716,9160.0,0.8753665,0.26272407,9160.0
1.0,-0.7133422,458,0.08636289,0.75,0.02908349,9180.0,0.8753688,0.26272643,9180.0
1.0,-0.732731,459,0.08635357,0.9,0.029080797,9200.0,0.87537616,0.26272738,9200.0
1.0,-0.76720476,460,0.08635989,0.7,0.029081378,9220.0,0.8753536,0.262722,9220.0
1.0,-0.74225533,461,0.08635688,0.65,0.029083043,9240.0,0.87540793,0.26273552,9240.0
1.0,-0.88405645,462,0.08636788,0.5,0.029083949,9260.0,0.8753913,0.26273388,9260.0
1.0,-0.87860525,463,0.086368926,0.7,0.029083675,9280.0,0.8753962,0.262736,9280.0
1.0,-0.7818023,464,0.08635337,0.7,0.029078206,9300.0,0.8753856,0.2627349,9300.0
1.0,-0.7825782,465,0.08637322,0.6,0.029083949,9320.0,0.87538743,0.26273477,9320.0
1.0,-0.793296,466,0.08636773,0.7,0.029082794,9340.0,0.87539154,0.26273486,9340.0
1.0,-0.7657954,467,0.08635223,0.85,0.02907924,9360.0,0.8754112,0.26274005,9360.0
1.0,-0.7840414,468,0.08635967,0.65,0.029079443,9380.0,0.8754166,0.26274148,9380.0
1.0,-0.8852805,469,0.08636861,0.85,0.029081792,9400.0,0.8753967,0.26273927,9400.0
1.0,-0.82678604,470,0.0863812,0.75,0.029083852,9420.0,0.875387,0.26273948,9420.0
1.0,-0.8058354,471,0.086378135,0.65,0.02908259,9440.0,0.87540644,0.26274496,9440.0
1.0,-0.79730874,472,0.08638368,0.55,0.029087171,9460.0,0.87540126,0.2627445,9460.0
1.0,-0.74280494,473,0.08638981,0.9,0.029090932,9480.0,0.8754366,0.26275456,9480.0
1.0,-0.83042496,474,0.086415984,0.8,0.029097164,9500.0,0.8754337,0.26275396,9500.0
1.0,-0.7317441,475,0.08643288,0.65,0.02910245,9520.0,0.8754461,0.26275834,9520.0
1.0,-0.79510784,476,0.086446814,0.95,0.029106015,9540.0,0.8753946,0.26274648,9540.0
1.0,-0.7983173,477,0.08644121,0.4,0.029103423,9560.0,0.8753969,0.2627451,9560.0
1.0,-0.80199194,478,0.08643457,0.65,0.02910249,9580.0,0.8754113,0.26274678,9580.0
1.0,-0.8365815,479,0.08642963,0.65,0.029103065,9600.0,0.8753987,0.26274377,9600.0
1.0,-0.8636738,480,0.086428076,0.7,0.029101709,9620.0,0.87539935,0.26274306,9620.0
1.0,-0.81324184,481,0.08643403,0.7,0.029104244,9640.0,0.87540764,0.26274619,9640.0
1.0,-0.8285548,482,0.08643643,0.8,0.029105267,9660.0,0.87537545,0.26273686,9660.0
1.0,-0.9153975,483,0.08642551,0.7,0.029101193,9680.0,0.8753276,0.2627276,9680.0
1.0,-0.75070244,484,0.086437196,0.55,0.029101651,9700.0,0.8753324,0.26272908,9700.0
1.0,-0.739869,485,0.086443655,0.85,0.02910358,9720.0,0.875295,0.26272094,9720.0
1.0,-0.7069355,486,0.086438,0.8,0.029103478,9740.0,0.87528104,0.26271594,9740.0
1.0,-0.77073526,487,0.086425126,0.7,0.029102022,9760.0,0.87529963,0.26272142,9760.0
1.0,-0.7562061,488,0.08640378,0.75,0.02909776,9780.0,0.87530637,0.2627216,9780.0
1.0,-0.71511555,489,0.086388685,0.75,0.029094318,9800.0,0.8753044,0.26272,9800.0
1.0,-0.7687119,490,0.08638191,0.65,0.029091958,9820.0,0.8753641,0.2627341,9820.0
1.0,-0.76042587,491,0.08638639,0.55,0.029092193,9840.0,0.8753714,0.26273593,9840.0
1.0,-0.7491476,492,0.08637077,0.85,0.029088464,9860.0,0.8753913,0.2627379,9860.0
1.0,-0.8191994,493,0.08637213,0.75,0.02908884,9880.0,0.8754027,0.26274076,9880.0
1.0,-0.8969116,494,0.08638813,0.6,0.02909114,9900.0,0.8753441,0.26272804,9900.0
1.0,-0.75163734,495,0.08638113,0.75,0.029089576,9920.0,0.8753311,0.26272506,9920.0
1.0,-0.8041954,496,0.08639117,0.85,0.029095018,9940.0,0.87533253,0.26272523,9940.0
1.0,-0.8848683,497,0.08638162,0.75,0.02909174,9960.0,0.8752629,0.26271117,9960.0
1.0,-0.8599644,498,0.08639336,0.75,0.029094398,9980.0,0.8752461,0.2627073,9980.0
1.0,-0.78850734,499,0.0863885,0.7,0.02909404,10000.0,0.8752556,0.26271302,10000.0
1.0,-0.7691434,500,0.086393595,0.85,0.029093888,10020.0,0.8752752,0.26271686,10020.0
1.0,-0.6925894,501,0.08637697,0.7,0.029092055,10040.0,0.87524194,0.2627091,10040.0
1.0,-0.77014,502,0.08636749,0.8,0.02909032,10060.0,0.8752513,0.26271066,10060.0
1.0,-0.73683465,503,0.086361855,0.55,0.029090365,10080.0,0.8752711,0.26271403,10080.0
1.0,-0.6782075,504,0.08635452,0.8,0.029088696,10100.0,0.8752598,0.2627105,10100.0
1.0,-0.7730753,505,0.08636656,0.7,0.029092034,10120.0,0.87527055,0.2627142,10120.0
1.0,-0.77375543,506,0.08635912,0.65,0.029090593,10140.0,0.8752837,0.2627194,10140.0
1.0,-0.7485805,507,0.08633847,0.9,0.02908869,10160.0,0.8752901,0.26272142,10160.0
1.0,-0.8687312,508,0.08633665,0.7,0.029087592,10180.0,0.8752351,0.262713,10180.0
1.0,-0.782709,509,0.08633042,0.6,0.029086139,10200.0,0.8752682,0.26271948,10200.0
1.0,-0.718265,510,0.08633133,0.8,0.029089253,10220.0,0.8752777,0.26272207,10220.0
1.0,-0.8817217,511,0.08635049,0.75,0.02909238,10240.0,0.87527823,0.26272357,10240.0
1.0,-0.761907,512,0.086341955,0.6,0.029089475,10260.0,0.875308,0.2627289,10260.0
1.0,-0.73971474,513,0.08634395,0.8,0.029091675,10280.0,0.8753085,0.26272854,10280.0
1.0,-0.768644,514,0.08633224,0.95,0.029091235,10300.0,0.8753021,0.26272532,10300.0
1.0,-0.84878314,515,0.086333245,0.65,0.02909137,10320.0,0.8753083,0.26272798,10320.0
1.0,-0.79851216,516,0.08632672,0.7,0.029090658,10340.0,0.87529093,0.26272258,10340.0
1.0,-0.78261,517,0.0863237,0.75,0.02909121,10360.0,0.87529844,0.26272503,10360.0
1.0,-0.7659472,518,0.0863114,0.7,0.029088095,10380.0,0.8753074,0.2627263,10380.0
1.0,-0.7986576,519,0.08631471,0.5,0.029089501,10400.0,0.87533,0.26273373,10400.0
1.0,-0.8960643,520,0.0863221,0.5,0.029089654,10420.0,0.8753324,0.26273358,10420.0
1.0,-0.78907645,521,0.08634204,0.75,0.029093489,10440.0,0.87534857,0.2627373,10440.0
1.0,-0.7307367,522,0.08633694,0.65,0.0290935,10460.0,0.87536836,0.26274115,10460.0
1.0,-0.775375,523,0.08634015,0.45,0.029093852,10480.0,0.8753788,0.26274416,10480.0
1.0,-0.7457483,524,0.086330354,0.85,0.029089952,10500.0,0.875374,0.2627439,10500.0
1.0,-0.737574,525,0.086318605,0.7,0.029086849,10520.0,0.8753689,0.26274335,10520.0
1.0,-0.787213,526,0.086303316,0.95,0.029085204,10540.0,0.8753567,0.26274046,10540.0
1.0,-0.79622096,527,0.086287774,0.7,0.029082105,10560.0,0.875335,0.26273584,10560.0
1.0,-0.79325914,528,0.086292356,0.6,0.029081851,10580.0,0.87530607,0.26272848,10580.0
1.0,-0.74411833,529,0.086284995,0.6,0.029079184,10600.0,0.87530875,0.26272893,10600.0
1.0,-0.8582929,530,0.08628859,0.65,0.029080028,10620.0,0.87533766,0.26273453,10620.0
1.0,-0.82628727,531,0.08629584,0.45,0.029082071,10640.0,0.87534595,0.2627377,10640.0
1.0,-0.8127035,532,0.08629892,0.75,0.029083619,10660.0,0.8753287,0.26273406,10660.0
1.0,-0.84329605,533,0.08629853,0.8,0.029082086,10680.0,0.8753321,0.26273638,10680.0
1.0,-0.7867981,534,0.08630276,0.7,0.0290812,10700.0,0.8753705,0.26274353,10700.0
1.0,-0.8213836,535,0.08631492,0.5,0.029081171,10720.0,0.8753733,0.26274547,10720.0
1.0,-0.86726844,536,0.086323105,0.8,0.029082924,10740.0,0.8753989,0.2627504,10740.0
1.0,-0.8315753,537,0.08632743,0.75,0.029083226,10760.0,0.8753872,0.26274598,10760.0
1.0,-0.81527156,538,0.08633047,0.65,0.029083844,10780.0,0.8753619,0.26273954,10780.0
1.0,-0.7863593,539,0.08631778,0.75,0.029079232,10800.0,0.87534946,0.26273668,10800.0
1.0,-0.81969345,540,0.086308934,0.7,0.029078487,10820.0,0.87532467,0.2627315,10820.0
1.0,-0.7359893,541,0.08629292,0.65,0.029074589,10840.0,0.87534267,0.26273617,10840.0
1.0,-0.71801424,542,0.086290024,0.7,0.029073745,10860.0,0.87533015,0.26273283,10860.0
1.0,-0.8632355,543,0.08629679,1.0,0.02907525,10880.0,0.875335,0.26273575,10880.0
1.0,-0.73508155,544,0.08629716,0.75,0.029077237,10900.0,0.87533027,0.262735,10900.0
1.0,-0.73265374,545,0.086283736,0.65,0.029074196,10920.0,0.8753443,0.26273733,10920.0
1.0,-0.7493136,546,0.086274914,0.7,0.029072985,10940.0,0.8753243,0.2627341,10940.0
1.0,-0.81894886,547,0.086279996,0.7,0.029072573,10960.0,0.87531227,0.26273414,10960.0
1.0,-0.79525375,548,0.08628702,0.75,0.029074099,10980.0,0.8753336,0.2627382,10980.0
1.0,-0.8891857,549,0.08630833,0.6,0.029077942,11000.0,0.8753174,0.26273632,11000.0
1.0,-0.81198865,550,0.08632428,0.65,0.029080907,11020.0,0.87531686,0.2627363,11020.0
1.0,-0.74374324,551,0.086315155,0.7,0.029079095,11040.0,0.8753498,0.2627438,11040.0
1.0,-0.8449136,552,0.086313255,0.5,0.029077316,11060.0,0.87532145,0.26273936,11060.0
1.0,-0.85469544,553,0.0863153,0.6,0.029077822,11080.0,0.8753161,0.26273853,11080.0
1.0,-0.78277546,554,0.0863292,0.65,0.029078811,11100.0,0.87531394,0.26273674,11100.0
1.0,-0.71432394,555,0.08632544,0.7,0.029078934,11120.0,0.87529284,0.26273227,11120.0
1.0,-0.78603184,556,0.086330734,0.75,0.029081637,11140.0,0.87529355,0.2627331,11140.0
1.0,-0.7948791,557,0.0863266,0.65,0.029079774,11160.0,0.8752558,0.2627266,11160.0
1.0,-0.7777585,558,0.08632841,0.7,0.02907894,11180.0,0.87526196,0.26272818,11180.0
1.0,-0.7580971,559,0.086337805,0.75,0.029082,11200.0,0.8752575,0.26272753,11200.0
1.0,-0.82739985,560,0.086340636,0.8,0.029082354,11220.0,0.8752399,0.26272407,11220.0
1.0,-0.75113475,561,0.08633762,0.6,0.029082168,11240.0,0.87523985,0.26272532,11240.0
1.0,-0.7668118,562,0.08635524,0.55,0.029087355,11260.0,0.8752491,0.26272678,11260.0
1.0,-0.7649888,563,0.08636427,0.75,0.029090147,11280.0,0.87527704,0.2627349,11280.0
1.0,-0.7753686,564,0.086375915,0.65,0.029093439,11300.0,0.8752873,0.2627359,11300.0
1.0,-0.77276516,565,0.08638688,0.7,0.029096257,11320.0,0.8752797,0.26273343,11320.0
1.0,-0.7256908,566,0.086378135,0.6,0.029095069,11340.0,0.8752863,0.2627346,11340.0
1.0,-0.7406718,567,0.08638363,0.7,0.029096227,11360.0,0.8752988,0.26273853,11360.0
1.0,-0.764815,568,0.08638564,0.7,0.029096846,11380.0,0.87531275,0.26274174,11380.0
1.0,-0.77750665,569,0.086388856,0.5,0.029099885,11400.0,0.87535787,0.26275235,11400.0
1.0,-0.7084266,570,0.08638797,0.7,0.02909859,11420.0,0.8753697,0.26275557,11420.0
1.0,-0.7281846,571,0.08638299,0.7,0.029096788,11440.0,0.8753564,0.26275262,11440.0
1.0,-0.72586477,572,0.08639014,0.7,0.02909868,11460.0,0.87536365,0.26275223,11460.0
1.0,-0.77388656,573,0.0863916,0.75,0.029098582,11480.0,0.8753876,0.26275676,11480.0
1.0,-0.77339286,574,0.08640302,0.6,0.029103106,11500.0,0.87541646,0.262761,11500.0
1.0,-0.78358376,575,0.08640307,0.65,0.029103074,11520.0,0.8754032,0.26275867,11520.0
1.0,-0.77388775,576,0.08640423,0.55,0.029102687,11540.0,0.8753912,0.26275805,11540.0
1.0,-0.86086476,577,0.08640496,0.75,0.029103067,11560.0,0.8753864,0.26275766,11560.0
1.0,-0.7977965,578,0.08640488,0.7,0.029103521,11580.0,0.87539464,0.2627586,11580.0
1.0,-0.7651025,579,0.08640433,0.55,0.029102713,11600.0,0.87539846,0.26276028,11600.0
1.0,-0.8114522,580,0.08640721,0.45,0.029102903,11620.0,0.8754051,0.26276132,11620.0
1.0,-0.77556384,581,0.086407065,0.55,0.029104153,11640.0,0.87543017,0.26276642,11640.0
1.0,-0.81001693,582,0.08641247,0.95,0.029104978,11660.0,0.87540597,0.26276237,11660.0
1.0,-0.6701536,583,0.086405784,0.8,0.029103586,11680.0,0.87540454,0.26276246,11680.0
1.0,-0.7787125,584,0.08642077,0.75,0.029108057,11700.0,0.87539786,0.26276225,11700.0
1.0,-0.7469449,585,0.08641536,0.7,0.029104624,11720.0,0.8754089,0.26276356,11720.0
1.0,-0.7414936,586,0.0864164,0.65,0.029104745,11740.0,0.87540555,0.26276273,11740.0
1.0,-0.7407483,587,0.08640528,0.75,0.029104605,11760.0,0.875423,0.26276693,11760.0
1.0,-0.79416454,588,0.0864079,0.75,0.02910473,11780.0,0.87542105,0.26276523,11780.0
1.0,-0.72783995,589,0.08640308,0.75,0.0291032,11800.0,0.87542653,0.26276457,11800.0
1.0,-0.8059017,590,0.086417295,0.65,0.029107684,11820.0,0.8754191,0.2627626,11820.0
1.0,-0.70137197,591,0.086404614,0.75,0.029104471,11840.0,0.8754422,0.2627681,11840.0
1.0,-0.75187904,592,0.08640546,0.85,0.02910471,11860.0,0.8754286,0.26276582,11860.0
1.0,-0.79105985,593,0.08640939,0.65,0.029106129,11880.0,0.87543935,0.2627696,11880.0
1.0,-0.7504009,594,0.08641877,0.85,0.029106844,11900.0,0.8754177,0.26276496,11900.0
1.0,-0.7304655,595,0.08640238,0.7,0.029102672,11920.0,0.87541777,0.2627654,11920.0
1.0,-0.7583057,596,0.08639767,0.7,0.029101163,11940.0,0.87538546,0.26275817,11940.0
1.0,-0.71232826,597,0.086390674,0.65,0.029100979,11960.0,0.87539274,0.26275766,11960.0
1.0,-0.74383485,598,0.086387835,0.7,0.029101813,11980.0,0.87540334,0.26276127,11980.0
1.0,-0.7506976,599,0.0863836,0.7,0.029100642,12000.0,0.87537295,0.26275367,12000.0
1.0,-0.79133767,600,0.08638499,0.6,0.029102761,12020.0,0.8753581,0.2627495,12020.0
1.0,-0.7965399,601,0.08639247,0.7,0.02910344,12040.0,0.875331,0.2627443,12040.0
1.0,-0.80452454,602,0.0863901,0.65,0.02910223,12060.0,0.87533736,0.2627455,12060.0
1.0,-0.8101649,603,0.08640661,0.7,0.029105213,12080.0,0.875346,0.26274747,12080.0
1.0,-0.8252966,604,0.086402684,0.65,0.029102836,12100.0,0.8753504,0.26274782,12100.0
1.0,-0.77348906,605,0.08639789,0.7,0.029101709,12120.0,0.87534475,0.26274788,12120.0
1.0,-0.8388201,606,0.08639613,0.85,0.029101659,12140.0,0.8753528,0.2627496,12140.0
1.0,-0.74374413,607,0.08638876,0.65,0.029100785,12160.0,0.87532717,0.26274148,12160.0
1.0,-0.81192887,608,0.086388715,0.75,0.029098993,12180.0,0.8753182,0.2627404,12180.0
1.0,-0.71685016,609,0.086387746,0.9,0.029098492,12200.0,0.87533206,0.26274198,12200.0
1.0,-0.8911179,610,0.086402714,0.65,0.029100806,12220.0,0.87533647,0.26274356,12220.0
1.0,-0.7915143,611,0.0863938,0.5,0.0291006,12240.0,0.87534827,0.26274616,12240.0
1.0,-0.75758535,612,0.086386256,0.5,0.029097935,12260.0,0.875351,0.26274523,12260.0
1.0,-0.7926276,613,0.08638376,0.8,0.029097775,12280.0,0.8753635,0.26274738,12280.0
1.0,-0.8295142,614,0.086383425,0.6,0.029098267,12300.0,0.8753846,0.26275095,12300.0
1.0,-0.79752505,615,0.08638858,0.65,0.029098794,12320.0,0.87538767,0.26275283,12320.0
1.0,-0.81148803,616,0.08640054,0.7,0.029099518,12340.0,0.8753937,0.26275355,12340.0
1.0,-0.9140506,617,0.0864115,0.8,0.029101864,12360.0,0.8754005,0.26275492,12360.0
1.0,-0.80717546,618,0.08641317,0.75,0.029104356,12380.0,0.87540096,0.26275435,12380.0
1.0,-0.8372358,619,0.0864178,0.5,0.02910694,12400.0,0.8753843,0.26275012,12400.0
1.0,-0.7489819,620,0.08642435,0.65,0.029108485,12420.0,0.8753915,0.2627501,12420.0
1.0,-0.8460802,621,0.086437315,0.7,0.029109713,12440.0,0.87541336,0.26275605,12440.0
1.0,-0.8378838,622,0.086445905,0.85,0.029111784,12460.0,0.875405,0.26275405,12460.0
1.0,-0.8250662,623,0.0864444,0.8,0.029112969,12480.0,0.8754015,0.26275653,12480.0
1.0,-0.83057386,624,0.08644677,0.8,0.029112745,12500.0,0.87538725,0.26275334,12500.0
1.0,-0.86295193,625,0.086443394,0.55,0.029110696,12520.0,0.87542826,0.26276314,12520.0
1.0,-0.7303061,626,0.086434685,0.9,0.029107815,12540.0,0.87544423,0.26276526,12540.0
1.0,-0.76813525,627,0.08642692,0.8,0.029107476,12560.0,0.8754573,0.26276872,12560.0
1.0,-0.7643768,628,0.08641332,0.5,0.02910478,12580.0,0.8754507,0.26276553,12580.0
1.0,-0.748734,629,0.08640215,0.7,0.029102858,12600.0,0.8754635,0.26276878,12600.0
1.0,-0.78464603,630,0.08639715,0.7,0.02910099,12620.0,0.8754862,0.26277396,12620.0
1.0,-0.8568474,631,0.08640423,0.4,0.029103244,12640.0,0.87542945,0.262762,12640.0
1.0,-0.8360936,632,0.08640795,0.75,0.029103126,12660.0,0.8754313,0.2627615,12660.0
1.0,-0.7867503,633,0.08641251,0.65,0.029104378,12680.0,0.87539387,0.262753,12680.0
1.0,-0.8637072,634,0.0864267,0.8,0.029108062,12700.0,0.87535805,0.2627452,12700.0
1.0,-0.7878745,635,0.08642494,0.6,0.02910839,12720.0,0.8753632,0.26274437,12720.0
1.0,-0.75273144,636,0.08642041,0.65,0.029106548,12740.0,0.87536544,0.26274556,12740.0
1.0,-0.7928249,637,0.08642417,0.75,0.02910822,12760.0,0.87538224,0.26275042,12760.0
1.0,-0.74900174,638,0.08642217,0.65,0.029108088,12780.0,0.87538505,0.2627507,12780.0
1.0,-0.86092025,639,0.08642578,0.75,0.02910924,12800.0,0.87537223,0.26274806,12800.0
1.0,-0.7888227,640,0.086429924,0.85,0.029111093,12820.0,0.8754008,0.26275495,12820.0
1.0,-0.8339473,641,0.0864237,0.75,0.029109234,12840.0,0.8753641,0.26274744,12840.0
1.0,-0.801689,642,0.086420275,0.6,0.02910893,12860.0,0.8753424,0.26274237,12860.0
1.0,-0.81953824,643,0.086423725,0.6,0.029109603,12880.0,0.8753588,0.2627451,12880.0
1.0,-0.8157172,644,0.08642752,0.7,0.029109737,12900.0,0.8753521,0.26274258,12900.0
1.0,-0.77829397,645,0.08640704,0.8,0.029104963,12920.0,0.875346,0.26274326,12920.0
1.0,-0.75278354,646,0.08640078,0.6,0.029103383,12940.0,0.8753492,0.26274574,12940.0
1.0,-0.77440995,647,0.08640116,0.65,0.029102698,12960.0,0.87534493,0.2627436,12960.0
1.0,-0.83739364,648,0.08640763,0.9,0.029104928,12980.0,0.8753457,0.26274368,12980.0
1.0,-0.78628856,649,0.08641333,0.55,0.02910609,13000.0,0.87533146,0.2627389,13000.0
1.0,-0.82840073,650,0.08642226,0.75,0.029108295,13020.0,0.875325,0.26273882,13020.0
1.0,-0.8493248,651,0.08642865,0.85,0.029109683,13040.0,0.8753268,0.26274005,13040.0
1.0,-0.7949746,652,0.086431354,0.7,0.029109877,13060.0,0.8753071,0.26273546,13060.0
1.0,-0.72407246,653,0.08642199,0.95,0.029106865,13080.0,0.87532187,0.26273865,13080.0
1.0,-0.7262167,654,0.08641227,0.6,0.029104788,13100.0,0.8752838,0.26273054,13100.0
1.0,-0.7956966,655,0.086403556,0.7,0.029102255,13120.0,0.87529665,0.26273483,13120.0
1.0,-0.83095706,656,0.08641953,0.7,0.029103508,13140.0,0.8753164,0.26273817,13140.0
1.0,-0.84454584,657,0.08642844,0.5,0.029106742,13160.0,0.8753261,0.2627409,13160.0
1.0,-0.85702115,658,0.086430706,0.6,0.029106274,13180.0,0.87531614,0.26273888,13180.0
1.0,-0.82944834,659,0.08644248,0.65,0.029109623,13200.0,0.8753383,0.2627438,13200.0
1.0,-0.68828475,660,0.08642459,0.6,0.029106855,13220.0,0.875328,0.26274022,13220.0
1.0,-0.8483621,661,0.086419165,0.65,0.029104415,13240.0,0.8753601,0.2627478,13240.0
1.0,-0.8415373,662,0.08644158,0.85,0.029107586,13260.0,0.8753633,0.2627478,13260.0
1.0,-0.8071993,663,0.086440705,0.5,0.029106688,13280.0,0.87538534,0.2627523,13280.0
1.0,-0.8654047,664,0.0864323,0.5,0.029105058,13300.0,0.8753689,0.2627478,13300.0
1.0,-0.8285161,665,0.08643419,0.7,0.02910558,13320.0,0.8753503,0.26274228,13320.0
1.0,-0.8176918,666,0.086431555,0.7,0.02910465,13340.0,0.8753576,0.2627446,13340.0
1.0,-0.81685513,667,0.086430766,0.45,0.029104505,13360.0,0.875364,0.2627452,13360.0
1.0,-0.89693224,668,0.08643117,0.75,0.02910541,13380.0,0.8753621,0.26274544,13380.0
1.0,-0.79344046,669,0.08642592,0.7,0.029103097,13400.0,0.8753447,0.2627424,13400.0
1.0,-0.79953945,670,0.08641186,0.7,0.029099336,13420.0,0.8753316,0.2627386,13420.0
1.0,-0.8317181,671,0.08642336,0.45,0.02910166,13440.0,0.87529665,0.26273045,13440.0
1.0,-0.77884257,672,0.08641774,0.55,0.02910226,13460.0,0.87532306,0.2627372,13460.0
1.0,-0.7829156,673,0.08642162,0.75,0.029101655,13480.0,0.87530684,0.26273113,13480.0
1.0,-0.7844107,674,0.08641708,0.75,0.029102331,13500.0,0.875308,0.26273006,13500.0
1.0,-0.87588644,675,0.08642695,0.8,0.029104203,13520.0,0.87533444,0.2627381,13520.0
1.0,-0.79366595,676,0.08644118,0.75,0.029108662,13540.0,0.8753179,0.2627328,13540.0
1.0,-0.86326635,677,0.08644851,0.65,0.029110264,13560.0,0.8753193,0.26273137,13560.0
1.0,-0.7257692,678,0.08643541,0.8,0.029108379,13580.0,0.87530756,0.26273048,13580.0
1.0,-0.80188274,679,0.08644059,0.7,0.029110227,13600.0,0.8753388,0.26273736,13600.0
1.0,-0.7970802,680,0.086436875,0.6,0.02910996,13620.0,0.875354,0.26274148,13620.0
1.0,-0.7527353,681,0.086434595,0.7,0.029108321,13640.0,0.87536573,0.26274377,13640.0
1.0,-0.8390738,682,0.08643997,0.9,0.029110134,13660.0,0.8753512,0.2627398,13660.0
1.0,-0.7889615,683,0.0864454,0.7,0.029111203,13680.0,0.8753424,0.26273966,13680.0
1.0,-0.88921183,684,0.08643947,0.5,0.029108997,13700.0,0.875339,0.2627384,13700.0
1.0,-0.84567773,685,0.08643883,0.7,0.029108062,13720.0,0.8753445,0.26274073,13720.0
1.0,-0.81772107,686,0.08642611,0.65,0.029105127,13740.0,0.87534684,0.26274034,13740.0
1.0,-0.78075624,687,0.08641944,0.8,0.02910344,13760.0,0.87536603,0.26274326,13760.0
1.0,-0.81939757,688,0.08642256,0.7,0.029104644,13780.0,0.8753751,0.2627444,13780.0
1.0,-0.8631657,689,0.086434744,0.75,0.029106325,13800.0,0.8753851,0.26274812,13800.0
1.0,-0.8577143,690,0.08643371,0.55,0.029105067,13820.0,0.8753691,0.26274416,13820.0
1.0,-0.8895856,691,0.086432666,0.6,0.029104108,13840.0,0.8753662,0.2627444,13840.0
1.0,-0.79155034,692,0.08643225,0.6,0.029105082,13860.0,0.87534493,0.26273853,13860.0
1.0,-0.7736884,693,0.08643279,0.7,0.029105663,13880.0,0.8753273,0.26273343,13880.0
1.0,-0.79048836,694,0.08644111,0.7,0.029108003,13900.0,0.8753101,0.26272807,13900.0
0.95,-0.996354,695,0.0864498,0.6,0.029109519,13920.0,0.87527996,0.2627213,13920.0
1.0,-0.86348474,696,0.08646438,0.8,0.029111594,13940.0,0.87527674,0.2627205,13940.0
1.0,-0.7722144,697,0.086458184,0.6,0.029109627,13960.0,0.87528306,0.26272145,13960.0
1.0,-0.7484374,698,0.0864503,0.5,0.029107735,13980.0,0.8752896,0.26272267,13980.0
1.0,-0.83142585,699,0.08645087,0.65,0.02910755,14000.0,0.8753011,0.262726,14000.0
1.0,-0.7871333,700,0.08645036,0.55,0.029108692,14020.0,0.87530494,0.26272544,14020.0
1.0,-0.7943929,701,0.086447515,0.65,0.02910712,14040.0,0.87532693,0.262728,14040.0
1.0,-0.8355058,702,0.086445846,0.65,0.02910614,14060.0,0.87532336,0.26272732,14060.0
1.0,-0.7843536,703,0.08644477,0.75,0.02910637,14080.0,0.87533116,0.26272896,14080.0
1.0,-0.80264056,704,0.08643686,0.5,0.029104209,14100.0,0.87533766,0.2627305,14100.0
1.0,-0.7719621,705,0.086437516,0.6,0.029105455,14120.0,0.87533456,0.2627299,14120.0
1.0,-0.87096775,706,0.08643907,0.65,0.029104713,14140.0,0.8753329,0.2627302,14140.0
1.0,-0.78952277,707,0.08643911,0.55,0.029103708,14160.0,0.87537503,0.26273897,14160.0
1.0,-0.84808034,708,0.08644142,0.75,0.029103775,14180.0,0.8753951,0.26274157,14180.0
1.0,-0.7619401,709,0.08644489,0.5,0.029105354,14200.0,0.8753834,0.26273698,14200.0
1.0,-0.8465913,710,0.086450785,0.7,0.029107565,14220.0,0.87539643,0.26273927,14220.0
1.0,-0.7572426,711,0.086454846,0.45,0.029108232,14240.0,0.87536246,0.26273036,14240.0
1.0,-0.70694256,712,0.08644674,0.55,0.02910618,14260.0,0.87534636,0.26272702,14260.0
1.0,-0.8206795,713,0.086440526,0.5,0.0291047,14280.0,0.8753492,0.26272747,14280.0
1.0,-0.7780688,714,0.08643415,0.85,0.029103031,14300.0,0.875362,0.26272947,14300.0
1.0,-0.83713895,715,0.086429305,0.6,0.029102374,14320.0,0.87534046,0.26272485,14320.0
1.0,-0.89097947,716,0.0864427,0.65,0.029103672,14340.0,0.8753033,0.26271793,14340.0
1.0,-0.8720627,717,0.086446464,0.75,0.029105455,14360.0,0.87528914,0.26271653,14360.0
1.0,-0.8532604,718,0.0864502,0.6,0.029106935,14380.0,0.8752853,0.26271644,14380.0
1.0,-0.7839912,719,0.08643504,0.85,0.02910382,14400.0,0.8753042,0.26272076,14400.0
1.0,-0.8111042,720,0.08643854,0.6,0.029104387,14420.0,0.8753112,0.26272216,14420.0
1.0,-0.7533138,721,0.086432785,0.7,0.029104436,14440.0,0.8753083,0.26272124,14440.0
1.0,-0.7375659,722,0.08642906,0.7,0.029104184,14460.0,0.87533873,0.26272798,14460.0
1.0,-0.83117306,723,0.086442254,0.8,0.029109042,14480.0,0.8753316,0.2627265,14480.0
1.0,-0.82128775,724,0.08645407,0.75,0.029112767,14500.0,0.87532717,0.2627254,14500.0
1.0,-0.8092009,725,0.08646003,0.6,0.029114982,14520.0,0.87534475,0.26272812,14520.0
0.95,-0.75986516,726,0.086468756,0.6,0.029116238,14540.0,0.87533134,0.26272532,14540.0
1.0,-0.8264391,727,0.08647067,0.45,0.029116804,14560.0,0.8753143,0.26272112,14560.0
1.0,-0.77182615,728,0.086469114,0.65,0.029116835,14580.0,0.87533313,0.26272455,14580.0
1.0,-0.8472191,729,0.08647206,0.45,0.029117247,14600.0,0.87531894,0.26272207,14600.0
1.0,-0.7781189,730,0.08647547,0.75,0.029117664,14620.0,0.8753198,0.2627219,14620.0
1.0,-0.7662874,731,0.08647271,0.55,0.029116387,14640.0,0.8753259,0.26272318,14640.0
1.0,-0.7849816,732,0.08646696,0.55,0.029114876,14660.0,0.8753306,0.26272246,14660.0
1.0,-0.81036127,733,0.0864653,0.7,0.029113803,14680.0,0.8753124,0.26271716,14680.0
1.0,-0.82290775,734,0.08647249,0.55,0.029116163,14700.0,0.87533474,0.26272315,14700.0
1.0,-0.75707114,735,0.08647888,0.8,0.029117411,14720.0,0.8753397,0.26272222,14720.0
1.0,-0.74619675,736,0.08647891,0.85,0.029118052,14740.0,0.8753337,0.26272076,14740.0
1.0,-0.7663482,737,0.08647508,0.6,0.029118303,14760.0,0.8753309,0.2627218,14760.0
1.0,-0.81016433,738,0.086473584,0.7,0.02911679,14780.0,0.8753352,0.2627223,14780.0
1.0,-0.78028727,739,0.08647878,0.8,0.029117648,14800.0,0.87533665,0.26272243,14800.0
1.0,-0.74780935,740,0.08646389,0.4,0.02911516,14820.0,0.8753368,0.26272333,14820.0
1.0,-0.80214036,741,0.08647434,0.65,0.029118305,14840.0,0.8753516,0.26272663,14840.0
1.0,-0.76417935,742,0.08647418,0.65,0.029117277,14860.0,0.87537,0.26273203,14860.0
1.0,-0.7890746,743,0.08646318,0.5,0.02911317,14880.0,0.8753781,0.26273426,14880.0
1.0,-0.80647564,744,0.086464524,0.75,0.029112702,14900.0,0.8753758,0.2627347,14900.0
1.0,-0.8517234,745,0.08646942,0.8,0.029112834,14920.0,0.8753846,0.26273578,14920.0
1.0,-0.7671069,746,0.08646822,0.8,0.029113164,14940.0,0.87539476,0.26273715,14940.0
1.0,-0.79460394,747,0.086465515,0.8,0.029112756,14960.0,0.87541145,0.26274195,14960.0
1.0,-0.83480585,748,0.086461544,0.75,0.029111153,14980.0,0.8754036,0.2627391,14980.0
1.0,-0.77117264,749,0.08646151,0.75,0.02911132,15000.0,0.87539536,0.26273662,15000.0
1.0,-0.8379219,750,0.08645969,0.7,0.029110426,15020.0,0.8753915,0.26273566,15020.0
1.0,-0.8064741,751,0.086454,0.65,0.02910917,15040.0,0.8753963,0.26273757,15040.0
1.0,-0.8235642,752,0.08646365,0.6,0.02911323,15060.0,0.8753955,0.26273817,15060.0
1.0,-0.843425,753,0.08646312,0.65,0.02911371,15080.0,0.87539315,0.26273754,15080.0
1.0,-0.7542823,754,0.08645946,0.75,0.029111946,15100.0,0.8754154,0.26274297,15100.0
1.0,-0.81421804,755,0.08646024,0.9,0.02911348,15120.0,0.8753955,0.26274043,15120.0
1.0,-0.7337933,756,0.0864687,0.5,0.029115736,15140.0,0.8753769,0.26273552,15140.0
1.0,-0.8576623,757,0.08646964,0.7,0.029117659,15160.0,0.87538093,0.2627356,15160.0
1.0,-0.78941166,758,0.086467795,0.8,0.029116586,15180.0,0.87536305,0.26273268,15180.0
1.0,-0.81688434,759,0.086464696,0.55,0.029116005,15200.0,0.8753734,0.2627353,15200.0
1.0,-0.8143234,760,0.08646753,0.65,0.029115861,15220.0,0.8753808,0.26273698,15220.0
1.0,-0.76351285,761,0.08645985,0.45,0.029114664,15240.0,0.8753554,0.26273054,15240.0
1.0,-0.7620646,762,0.08645796,0.8,0.029115727,15260.0,0.87536925,0.26273403,15260.0
1.0,-0.8436244,763,0.08645306,0.5,0.029113078,15280.0,0.8753888,0.2627378,15280.0
1.0,-0.86588717,764,0.0864476,0.75,0.029110799,15300.0,0.8753813,0.2627363,15300.0
1.0,-0.83308566,765,0.0864428,0.5,0.029109627,15320.0,0.87537545,0.26273453,15320.0
1.0,-0.77908504,766,0.08644361,0.75,0.029110197,15340.0,0.87536067,0.26273257,15340.0
1.0,-1.0046599,767,0.08645579,0.6,0.029112354,15360.0,0.8753562,0.26273102,15360.0
1.0,-0.77884454,768,0.086454816,0.85,0.029112428,15380.0,0.87536573,0.262734,15380.0
1.0,-0.7713946,769,0.086440116,0.75,0.029110307,15400.0,0.8753757,0.26273528,15400.0
1.0,-0.85314274,770,0.08644392,0.65,0.029112184,15420.0,0.87537175,0.26273435,15420.0
1.0,-0.7781809,771,0.08643838,0.6,0.029110838,15440.0,0.87537146,0.26273608,15440.0
1.0,-0.81898355,772,0.0864441,0.65,0.029112142,15460.0,0.8753583,0.26273522,15460.0
1.0,-0.8025681,773,0.0864471,0.55,0.02911304,15480.0,0.87537336,0.2627395,15480.0
1.0,-0.85739136,774,0.08645177,0.65,0.029114088,15500.0,0.8753562,0.2627347,15500.0
1.0,-0.7901504,775,0.08645464,0.65,0.029116634,15520.0,0.8753632,0.26273695,15520.0
0.95,-0.8415033,776,0.08644235,0.65,0.029114932,15540.0,0.87535214,0.26273575,15540.0
1.0,-0.8787567,777,0.086443335,0.65,0.029115189,15560.0,0.87535256,0.26273662,15560.0
1.0,-0.7801704,778,0.086446054,0.8,0.02911685,15580.0,0.8753481,0.2627354,15580.0
1.0,-0.79342127,779,0.08644291,0.55,0.029117223,15600.0,0.8753446,0.26273325,15600.0
1.0,-0.8596962,780,0.08644265,0.7,0.0291167,15620.0,0.87533885,0.26273248,15620.0
1.0,-0.80394423,781,0.086426795,0.65,0.029113555,15640.0,0.8753238,0.26272857,15640.0
1.0,-0.80935824,782,0.08642929,0.6,0.029113507,15660.0,0.8753218,0.26272708,15660.0
0.95,-0.86214125,783,0.08643185,0.5,0.0291139,15680.0,0.87533045,0.26273012,15680.0
1.0,-0.80684024,784,0.08642357,0.7,0.02911311,15700.0,0.8753608,0.2627372,15700.0
1.0,-0.8216945,785,0.0864254,0.55,0.029112663,15720.0,0.8753851,0.26274297,15720.0
1.0,-0.7807195,786,0.086426884,0.8,0.02911281,15740.0,0.8753689,0.26273924,15740.0
1.0,-0.82689476,787,0.08642888,0.85,0.029114526,15760.0,0.8753504,0.26273397,15760.0
0.95,-0.8129381,788,0.08642899,0.7,0.029114822,15780.0,0.87534255,0.26273185,15780.0
0.95,-0.90296537,789,0.08642512,0.65,0.029113393,15800.0,0.8753433,0.26273304,15800.0
1.0,-0.7770429,790,0.086429484,0.75,0.029114505,15820.0,0.87533695,0.26273257,15820.0
1.0,-0.87718236,791,0.08642924,0.6,0.029115394,15840.0,0.87533766,0.26273456,15840.0
1.0,-0.7481046,792,0.086424984,0.6,0.029115284,15860.0,0.8753585,0.26273984,15860.0
1.0,-0.8421642,793,0.086422205,0.55,0.029113647,15880.0,0.87538385,0.26274532,15880.0
1.0,-0.74677145,794,0.08640886,0.8,0.02911086,15900.0,0.8754057,0.26275066,15900.0
1.0,-0.81833,795,0.0864099,0.75,0.029111985,15920.0,0.87541056,0.26275286,15920.0
1.0,-0.76128685,796,0.08640278,0.7,0.029110396,15940.0,0.8754259,0.26275682,15940.0
1.0,-0.80251443,797,0.08639693,0.55,0.029109284,15960.0,0.8754198,0.2627551,15960.0
1.0,-0.79697675,798,0.08639705,0.6,0.029110748,15980.0,0.87543625,0.26275924,15980.0
1.0,-0.81860054,799,0.08639864,0.4,0.029111898,16000.0,0.8754363,0.26275834,16000.0
1.0,-0.81887066,800,0.0864029,0.7,0.029111285,16020.0,0.87543565,0.26275805,16020.0
1.0,-0.8560079,801,0.08641384,0.65,0.029112231,16040.0,0.8754247,0.26275617,16040.0
1.0,-0.7747774,802,0.08641716,0.75,0.029113656,16060.0,0.87545174,0.2627613,16060.0
1.0,-0.881822,803,0.08642471,0.75,0.02911605,16080.0,0.8754745,0.26276755,16080.0
1.0,-0.78372407,804,0.086421646,0.6,0.02911717,16100.0,0.8754683,0.26276544,16100.0
1.0,-0.8418149,805,0.08642096,0.55,0.029116536,16120.0,0.8754813,0.26276848,16120.0
1.0,-0.8126484,806,0.086420536,0.65,0.029115941,16140.0,0.8754881,0.26276845,16140.0
1.0,-0.83705187,807,0.08641996,0.75,0.02911534,16160.0,0.8755052,0.26277134,16160.0
1.0,-0.794925,808,0.086414516,0.65,0.029114682,16180.0,0.8754856,0.26276714,16180.0
1.0,-0.80746746,809,0.08641211,0.75,0.029116187,16200.0,0.87547964,0.26276624,16200.0
1.0,-0.815211,810,0.08641272,0.5,0.029117351,16220.0,0.875473,0.26276448,16220.0
1.0,-0.860541,811,0.08641129,0.55,0.029114807,16240.0,0.8754604,0.26276237,16240.0
1.0,-0.90586245,812,0.08641242,0.6,0.029114489,16260.0,0.8754485,0.26275906,16260.0
1.0,-0.82335013,813,0.08640048,0.7,0.029114023,16280.0,0.8754325,0.26275465,16280.0
1.0,-0.8927717,814,0.08640017,0.6,0.02911227,16300.0,0.8754367,0.26275566,16300.0
1.0,-0.9688777,815,0.086402096,0.45,0.029114505,16320.0,0.8754199,0.2627517,16320.0
1.0,-0.8412302,816,0.086408876,0.6,0.029116187,16340.0,0.87541485,0.2627504,16340.0
1.0,-0.85442126,817,0.08641536,0.55,0.029118445,16360.0,0.8753977,0.2627461,16360.0
1.0,-0.9194678,818,0.086417854,0.7,0.029119948,16380.0,0.8753999,0.2627481,16380.0
1.0,-0.86121845,819,0.08641548,0.6,0.02911885,16400.0,0.8754168,0.2627526,16400.0
1.0,-0.8430538,820,0.08642223,0.7,0.029120568,16420.0,0.8754177,0.26275337,16420.0
1.0,-0.82331073,821,0.08641695,0.8,0.029119993,16440.0,0.8754232,0.26275367,16440.0
1.0,-0.7651113,822,0.08641952,0.8,0.02912201,16460.0,0.8754329,0.26275465,16460.0
1.0,-0.82571566,823,0.086415105,0.65,0.029121095,16480.0,0.8754118,0.26274943,16480.0
1.0,-0.8010211,824,0.08641612,0.55,0.029121231,16500.0,0.8754201,0.26275143,16500.0
1.0,-0.83725995,825,0.08642129,0.6,0.029121459,16520.0,0.8754237,0.26275283,16520.0
1.0,-0.7735027,826,0.086420335,0.4,0.02912331,16540.0,0.8754211,0.26275244,16540.0
1.0,-0.76109594,827,0.08641217,0.65,0.02912196,16560.0,0.87541574,0.2627526,16560.0
1.0,-0.7878164,828,0.08642132,0.65,0.029122997,16580.0,0.8754101,0.26275015,16580.0
1.0,-0.764771,829,0.08641869,0.65,0.02912262,16600.0,0.8754154,0.26275092,16600.0
1.0,-0.79541856,830,0.08641239,0.55,0.029122317,16620.0,0.8754124,0.2627516,16620.0
1.0,-0.9308736,831,0.08641287,0.7,0.029123053,16640.0,0.8753891,0.26274672,16640.0
1.0,-0.81475765,832,0.08641254,0.7,0.029122869,16660.0,0.87537956,0.26274377,16660.0
1.0,-0.8090514,833,0.08641213,0.7,0.029121812,16680.0,0.8753936,0.26274696,16680.0
1.0,-0.8429955,834,0.08640931,0.45,0.029121995,16700.0,0.8753972,0.26274657,16700.0
1.0,-0.7681642,835,0.08641076,0.65,0.029122284,16720.0,0.87539536,0.26274678,16720.0
1.0,-0.7794849,836,0.08640588,0.6,0.029122833,16740.0,0.87542087,0.2627524,16740.0
1.0,-0.9393878,837,0.086420566,0.8,0.02912591,16760.0,0.8753914,0.26274478,16760.0
1.0,-0.77599305,838,0.08640648,0.75,0.029122379,16780.0,0.8753974,0.262746,16780.0
1.0,-0.80781335,839,0.086410165,0.75,0.029123876,16800.0,0.87539023,0.2627446,16800.0
1.0,-0.90728235,840,0.086415626,0.65,0.029126171,16820.0,0.87538314,0.26274282,16820.0
1.0,-0.89289504,841,0.08641536,0.8,0.029126704,16840.0,0.87537783,0.26274127,16840.0
1.0,-0.84067667,842,0.086424164,0.55,0.029128933,16860.0,0.87537336,0.26273945,16860.0
1.0,-0.83311415,843,0.08642379,0.6,0.029129494,16880.0,0.87539196,0.26274413,16880.0
1.0,-0.93450165,844,0.08643321,0.5,0.029131776,16900.0,0.87538594,0.26274282,16900.0
1.0,-0.7990894,845,0.086431615,0.6,0.029130507,16920.0,0.8753872,0.2627421,16920.0
1.0,-0.8082039,846,0.0864316,0.65,0.029131243,16940.0,0.87539405,0.26274353,16940.0
1.0,-0.690652,847,0.086419106,0.65,0.02912904,16960.0,0.8753968,0.26274472,16960.0
1.0,-0.8264135,848,0.08642829,0.7,0.029131195,16980.0,0.87538224,0.26274338,16980.0
1.0,-0.8722968,849,0.086431764,0.6,0.029132733,17000.0,0.875393,0.2627465,17000.0
0.95,-0.75046,850,0.086434394,0.8,0.029133916,17020.0,0.8754026,0.26274937,17020.0
1.0,-0.85275507,851,0.08643169,0.6,0.029132882,17040.0,0.87539583,0.26274776,17040.0
1.0,-0.77241147,852,0.08643371,0.7,0.029133623,17060.0,0.8754024,0.26274824,17060.0
1.0,-0.8410486,853,0.08643824,0.75,0.029134402,17080.0,0.8753961,0.2627476,17080.0
1.0,-0.83061713,854,0.08644096,0.55,0.02913569,17100.0,0.8754242,0.2627548,17100.0
1.0,-0.80328286,855,0.08642682,0.75,0.029132973,17120.0,0.87541455,0.26275355,17120.0
1.0,-0.7771338,856,0.086433075,0.7,0.029135603,17140.0,0.87542254,0.26275563,17140.0
1.0,-0.76248676,857,0.08643941,0.45,0.029136753,17160.0,0.8754328,0.2627588,17160.0
1.0,-0.86473286,858,0.0864447,0.65,0.029137516,17180.0,0.87544054,0.26276106,17180.0
1.0,-0.7751183,859,0.08644325,0.45,0.029137546,17200.0,0.87543744,0.26276055,17200.0
1.0,-0.9487975,860,0.086444445,0.75,0.029136423,17220.0,0.8754156,0.262756,17220.0
1.0,-0.93113804,861,0.08645001,0.65,0.029137885,17240.0,0.8754185,0.26275596,17240.0
1.0,-0.77814734,862,0.08645269,0.65,0.029138457,17260.0,0.87542677,0.2627582,17260.0
1.0,-0.7870314,863,0.086459756,0.65,0.029140035,17280.0,0.8754318,0.26276004,17280.0
1.0,-0.8528592,864,0.08646149,0.65,0.02914083,17300.0,0.8754181,0.26275727,17300.0
1.0,-0.86109895,865,0.086468615,0.45,0.029142115,17320.0,0.87539715,0.2627526,17320.0
1.0,-0.81724846,866,0.086469196,0.85,0.029142141,17340.0,0.8753969,0.2627517,17340.0
1.0,-0.802402,867,0.0864715,0.85,0.029142391,17360.0,0.87538403,0.2627494,17360.0
1.0,-0.7978834,868,0.08646057,0.55,0.029139608,17380.0,0.87538743,0.26275072,17380.0
1.0,-0.80777854,869,0.086459555,0.6,0.029140964,17400.0,0.875387,0.26275066,17400.0
1.0,-0.7889568,870,0.086463116,0.8,0.029142102,17420.0,0.8753862,0.26275072,17420.0
1.0,-0.7455164,871,0.08646995,0.55,0.02914394,17440.0,0.8753743,0.26274818,17440.0
1.0,-0.89851075,872,0.086469315,0.65,0.029143792,17460.0,0.8753837,0.2627522,17460.0
1.0,-0.7721105,873,0.08646717,0.7,0.029142406,17480.0,0.8753633,0.2627477,17480.0
1.0,-0.89459026,874,0.08647379,0.6,0.029143807,17500.0,0.8753791,0.26275146,17500.0
1.0,-0.7760225,875,0.08646398,0.75,0.029142022,17520.0,0.8753936,0.26275522,17520.0
1.0,-0.8145126,876,0.086458884,0.6,0.029140735,17540.0,0.87538844,0.26275492,17540.0
1.0,-0.91754544,877,0.08646137,0.55,0.02914003,17560.0,0.8753967,0.26275778,17560.0
1.0,-0.90999734,878,0.086461715,0.65,0.029140389,17580.0,0.87539226,0.26275676,17580.0
1.0,-0.79616225,879,0.086459935,0.8,0.029139128,17600.0,0.8754056,0.26275912,17600.0
1.0,-0.76278925,880,0.08645379,0.75,0.029137978,17620.0,0.87540793,0.26275924,17620.0
1.0,-0.82981473,881,0.08644673,0.7,0.029137248,17640.0,0.8753951,0.26275653,17640.0
1.0,-0.7728718,882,0.08644088,0.7,0.029135445,17660.0,0.8753967,0.2627572,17660.0
1.0,-0.83958894,883,0.086438276,0.8,0.02913389,17680.0,0.8753886,0.26275498,17680.0
1.0,-0.93236256,884,0.08644029,0.7,0.029134402,17700.0,0.87538385,0.26275352,17700.0
1.0,-0.8238942,885,0.08643722,0.7,0.029133577,17720.0,0.87539005,0.26275626,17720.0
1.0,-0.77705437,886,0.08644394,0.5,0.029134547,17740.0,0.87539047,0.26275524,17740.0
1.0,-0.7726264,887,0.08644221,0.85,0.029133927,17760.0,0.8753961,0.2627582,17760.0
1.0,-0.7660449,888,0.08644054,0.65,0.029134884,17780.0,0.87540144,0.26275918,17780.0
1.0,-0.8265376,889,0.08642813,0.6,0.02913165,17800.0,0.87539786,0.262759,17800.0
1.0,-0.86242044,890,0.086434074,0.75,0.029132416,17820.0,0.87540674,0.2627607,17820.0
1.0,-0.8498561,891,0.08643291,0.55,0.029132187,17840.0,0.8753969,0.26275784,17840.0
1.0,-0.80096614,892,0.086436994,0.8,0.029133538,17860.0,0.8754113,0.2627614,17860.0
1.0,-0.83897173,893,0.08643639,0.7,0.02913242,17880.0,0.8754053,0.26275992,17880.0
1.0,-0.8431056,894,0.086435445,0.45,0.029132616,17900.0,0.87539166,0.26275426,17900.0
1.0,-0.86308086,895,0.086440384,0.75,0.029133147,17920.0,0.87541527,0.2627607,17920.0
1.0,-0.8741331,896,0.08643993,0.75,0.029132884,17940.0,0.8754236,0.2627626,17940.0
0.95,-0.82859737,897,0.0864439,0.45,0.029133642,17960.0,0.8754315,0.26276416,17960.0
1.0,-0.814834,898,0.08644954,0.7,0.029134875,17980.0,0.87541455,0.26276046,17980.0
1.0,-0.8612894,899,0.086449206,0.5,0.02913486,18000.0,0.8754198,0.26276058,18000.0
1.0,-0.83533573,900,0.08644932,0.65,0.029134741,18020.0,0.8754277,0.26276267,18020.0
1.0,-0.78297865,901,0.08644897,0.6,0.02913602,18040.0,0.8754475,0.26276726,18040.0
0.95,-0.8165841,902,0.086449884,0.75,0.02913602,18060.0,0.8754499,0.26276714,18060.0
1.0,-0.7728468,903,0.086448036,0.65,0.029135909,18080.0,0.8754484,0.26276675,18080.0
1.0,-0.80186206,904,0.086459786,0.6,0.02913798,18100.0,0.8754522,0.26276618,18100.0
1.0,-0.80225897,905,0.08646134,0.6,0.029137138,18120.0,0.87547874,0.26277164,18120.0
1.0,-0.8673914,906,0.0864578,0.5,0.029135715,18140.0,0.87547827,0.26277223,18140.0
1.0,-0.8234011,907,0.08645486,0.55,0.029135704,18160.0,0.8754651,0.26276997,18160.0
1.0,-0.8109711,908,0.086451404,0.55,0.029134402,18180.0,0.87546253,0.2627697,18180.0
1.0,-0.8804186,909,0.08644581,0.7,0.02913351,18200.0,0.8754437,0.26276562,18200.0
1.0,-0.8702432,910,0.086445756,0.6,0.029134324,18220.0,0.8754274,0.26276234,18220.0
1.0,-0.8132323,911,0.08644014,0.8,0.02913287,18240.0,0.87542677,0.26276153,18240.0
1.0,-0.71577173,912,0.08643583,0.75,0.029132327,18260.0,0.8754272,0.2627613,18260.0
1.0,-0.82845986,913,0.08643288,0.75,0.029131735,18280.0,0.8754404,0.26276404,18280.0
1.0,-0.804526,914,0.086431295,0.65,0.029130468,18300.0,0.8754768,0.26277184,18300.0
1.0,-0.86308366,915,0.08643504,0.7,0.029129827,18320.0,0.8754752,0.26277068,18320.0
1.0,-0.83012265,916,0.08643689,0.45,0.029130742,18340.0,0.87548155,0.26277226,18340.0
1.0,-0.94616127,917,0.08644193,0.6,0.029129963,18360.0,0.87547874,0.26277155,18360.0
1.0,-0.83853024,918,0.086440034,0.75,0.029128885,18380.0,0.87547374,0.2627706,18380.0
1.0,-0.8171393,919,0.08643804,0.8,0.02912933,18400.0,0.8754692,0.26276895,18400.0
1.0,-0.8065217,920,0.08644098,0.75,0.02913005,18420.0,0.8754565,0.2627656,18420.0
1.0,-0.89478636,921,0.08643975,0.6,0.029130682,18440.0,0.8754503,0.2627636,18440.0
1.0,-0.76061743,922,0.08643976,0.65,0.02912965,18460.0,0.8754557,0.26276577,18460.0
0.95,-0.81623584,923,0.08644227,0.65,0.029128348,18480.0,0.87543553,0.26276034,18480.0
1.0,-0.8285574,924,0.08643869,0.7,0.029128563,18500.0,0.87543005,0.26275805,18500.0
1.0,-0.83815366,925,0.08643662,0.75,0.029128527,18520.0,0.87543994,0.2627597,18520.0
1.0,-0.85327804,926,0.08645042,0.65,0.029130762,18540.0,0.87543726,0.26275757,18540.0
1.0,-0.80466855,927,0.086441405,0.7,0.029129133,18560.0,0.8754434,0.26275942,18560.0
1.0,-0.93687165,928,0.08645361,0.55,0.029130423,18580.0,0.87544364,0.26276022,18580.0
1.0,-0.8554841,929,0.08645502,0.75,0.029129496,18600.0,0.87545925,0.26276425,18600.0
1.0,-0.8850914,930,0.08645857,0.75,0.02913102,18620.0,0.87545305,0.26276368,18620.0
1.0,-0.88619024,931,0.086460926,0.55,0.029131303,18640.0,0.8754514,0.2627639,18640.0
1.0,-0.8349589,932,0.086469196,0.7,0.029134223,18660.0,0.8754731,0.26277024,18660.0
1.0,-0.7373978,933,0.08646812,0.45,0.029134149,18680.0,0.87546307,0.2627676,18680.0
1.0,-0.8301015,934,0.08645642,0.65,0.029133651,18700.0,0.8754492,0.26276487,18700.0
1.0,-0.82749254,935,0.086457916,0.65,0.029133413,18720.0,0.87545425,0.26276416,18720.0
1.0,-0.8692595,936,0.08646482,0.7,0.029134149,18740.0,0.87546724,0.2627666,18740.0
1.0,-0.9546854,937,0.08647072,0.65,0.029136017,18760.0,0.8754716,0.2627684,18760.0
0.95,-0.9271887,938,0.08647055,0.6,0.02913561,18780.0,0.8754692,0.2627682,18780.0
1.0,-0.87011737,939,0.08647889,0.55,0.029138397,18800.0,0.8754534,0.26276553,18800.0
1.0,-0.8721361,940,0.086472906,0.6,0.02913631,18820.0,0.87546664,0.26276854,18820.0
1.0,-0.79754466,941,0.08646915,0.65,0.029135615,18840.0,0.8754633,0.2627673,18840.0
0.95,-0.9412858,942,0.086472474,0.6,0.02913541,18860.0,0.875477,0.26276866,18860.0
1.0,-0.7947146,943,0.086474456,0.75,0.02913708,18880.0,0.8754614,0.2627633,18880.0
1.0,-0.8323107,944,0.08647362,0.6,0.029137954,18900.0,0.8754783,0.2627688,18900.0
1.0,-0.91245574,945,0.08647912,0.6,0.029139081,18920.0,0.87546104,0.26276517,18920.0
0.95,-0.91825116,946,0.08649134,0.4,0.029142076,18940.0,0.8754471,0.26276135,18940.0
1.0,-0.81436384,947,0.0864915,0.75,0.029140746,18960.0,0.87544566,0.26276037,18960.0
1.0,-0.850917,948,0.086494714,0.65,0.029142004,18980.0,0.87543744,0.26275998,18980.0
1.0,-0.8688177,949,0.08649505,0.4,0.02914318,19000.0,0.8754282,0.26275748,19000.0
1.0,-0.868214,950,0.08648873,0.65,0.02914213,19020.0,0.8754289,0.26275867,19020.0
1.0,-0.86913216,951,0.086495616,0.85,0.02914295,19040.0,0.8754423,0.26276127,19040.0
1.0,-0.8664986,952,0.08649725,0.65,0.029142458,19060.0,0.87545544,0.26276466,19060.0
1.0,-0.8571882,953,0.08649799,0.75,0.029142361,19080.0,0.87543136,0.26275796,19080.0
1.0,-0.88293517,954,0.08650425,0.65,0.029145425,19100.0,0.87542063,0.26275653,19100.0
1.0,-0.8663685,955,0.08651,0.75,0.029146487,19120.0,0.87542677,0.2627585,19120.0
1.0,-0.8603959,956,0.08650432,0.65,0.029145727,19140.0,0.87541443,0.26275668,19140.0
1.0,-0.81059057,957,0.08649521,0.65,0.029144678,19160.0,0.87542456,0.26275888,19160.0
1.0,-0.7897304,958,0.08649706,0.75,0.029146055,19180.0,0.8754353,0.26276088,19180.0
1.0,-0.7898905,959,0.08650436,0.65,0.029148648,19200.0,0.8754263,0.26275858,19200.0
1.0,-0.84097135,960,0.086500145,0.65,0.029147077,19220.0,0.87542534,0.262758,19220.0
1.0,-0.89741504,961,0.0865047,0.75,0.02914809,19240.0,0.87543696,0.2627605,19240.0
1.0,-0.7753328,962,0.08650937,0.8,0.029148757,19260.0,0.8754328,0.26276004,19260.0
1.0,-0.80829984,963,0.08651314,0.7,0.029148336,19280.0,0.8754399,0.2627604,19280.0
1.0,-0.99690133,964,0.08652354,0.85,0.029151145,19300.0,0.8754383,0.2627601,19300.0
1.0,-0.8006717,965,0.086515106,0.65,0.029150184,19320.0,0.8754434,0.26276082,19320.0
1.0,-0.95743287,966,0.08652077,0.65,0.0291523,19340.0,0.87543416,0.26275915,19340.0
1.0,-0.8098071,967,0.08651084,0.7,0.0291497,19360.0,0.8754394,0.26275903,19360.0
1.0,-0.88289034,968,0.08651212,0.65,0.029149076,19380.0,0.8754315,0.26275724,19380.0
1.0,-0.87671244,969,0.08652309,0.45,0.029152106,19400.0,0.8754309,0.262756,19400.0
1.0,-0.8454009,970,0.0865134,0.65,0.02915138,19420.0,0.87543327,0.262758,19420.0
1.0,-0.8537814,971,0.08651372,0.45,0.029150918,19440.0,0.8754334,0.26275808,19440.0
1.0,-0.8643854,972,0.08652004,0.75,0.02915208,19460.0,0.8754227,0.2627558,19460.0
1.0,-0.9108121,973,0.08651906,0.5,0.02915237,19480.0,0.8754185,0.26275507,19480.0
1.0,-0.84631014,974,0.086517476,0.75,0.029151758,19500.0,0.8754165,0.26275402,19500.0
1.0,-0.8376506,975,0.08652156,0.8,0.029152613,19520.0,0.8754101,0.2627531,19520.0
1.0,-0.9126002,976,0.086518265,0.4,0.02915195,19540.0,0.8754088,0.26275274,19540.0
1.0,-0.8389057,977,0.086518504,0.85,0.029152462,19560.0,0.87541556,0.26275373,19560.0
1.0,-0.8790458,978,0.08651718,0.75,0.029151905,19580.0,0.87539846,0.2627496,19580.0
1.0,-0.8385069,979,0.08650736,0.7,0.029149652,19600.0,0.8753913,0.26274854,19600.0
1.0,-0.8598431,980,0.086504065,0.5,0.029149812,19620.0,0.8753686,0.26274228,19620.0
1.0,-0.8107494,981,0.08650281,0.5,0.029149566,19640.0,0.8753729,0.26274332,19640.0
1.0,-0.8629556,982,0.08650359,0.6,0.029150495,19660.0,0.87538797,0.26274616,19660.0
1.0,-0.7617086,983,0.08649757,0.55,0.029150452,19680.0,0.8754025,0.2627507,19680.0
1.0,-0.86173517,984,0.08650007,0.6,0.029150546,19700.0,0.8754166,0.26275328,19700.0
1.0,-0.88434345,985,0.08649973,0.65,0.029150661,19720.0,0.8753896,0.26274648,19720.0
1.0,-0.9241478,986,0.086503655,0.5,0.02915078,19740.0,0.8753901,0.26274735,19740.0
1.0,-0.81909275,987,0.086509,0.55,0.029151509,19760.0,0.87538487,0.26274517,19760.0
1.0,-0.8554551,988,0.0865108,0.65,0.029153973,19780.0,0.87539655,0.26274663,19780.0
1.0,-0.8641205,989,0.08650035,0.7,0.029151654,19800.0,0.87539214,0.26274458,19800.0
1.0,-0.8743469,990,0.08650137,0.8,0.02915307,19820.0,0.8753998,0.26274714,19820.0
1.0,-0.8879447,991,0.086502075,0.55,0.02915278,19840.0,0.8753989,0.26274562,19840.0
1.0,-0.87594527,992,0.086507,0.85,0.029154703,19860.0,0.8754091,0.26274717,19860.0
1.0,-0.8309358,993,0.08651007,0.6,0.029155364,19880.0,0.87540054,0.26274496,19880.0
1.0,-0.9076387,994,0.0865165,0.65,0.029156402,19900.0,0.87541103,0.26274782,19900.0
1.0,-0.8260558,995,0.086520165,0.5,0.029159177,19920.0,0.8753949,0.262745,19920.0
1.0,-0.80646354,996,0.086522005,0.6,0.029159525,19940.0,0.8754053,0.2627475,19940.0
1.0,-0.9209856,997,0.086532146,0.65,0.029161792,19960.0,0.8754057,0.2627485,19960.0
1.0,-0.78488785,998,0.086532705,0.6,0.029163515,19980.0,0.87542844,0.26275462,19980.0
1.0,-0.87946147,999,0.086533554,0.55,0.029164443,20000.0,0.87541837,0.26275212,20000.0
