train/success_rate,stats_g/std,test/success_rate,stats_o/std,test/episode,stats_g/mean,test/mean_Q,stats_o/mean,train/episode,epoch
0.05,0.06677654,0.1,0.044352263,20.0,0.83693904,-2.8696084,0.20113228,100.0,0
0.11,0.06772378,0.0,0.049757946,40.0,0.8360753,-4.933239,0.20099574,200.0,1
0.04,0.06754322,0.1,0.049574766,60.0,0.8356517,-5.887182,0.20123851,300.0,2
0.09,0.0674851,0.05,0.05055627,80.0,0.83708835,-8.239565,0.20205714,400.0,3
0.09,0.06745007,0.0,0.049219113,100.0,0.8387735,-10.568353,0.20235096,500.0,4
0.04,0.067354664,0.1,0.05083642,120.0,0.83887213,-11.018219,0.20225662,600.0,5
0.05,0.06699184,0.2,0.05154763,140.0,0.8382287,-10.541867,0.20174205,700.0,6
0.11,0.06791078,0.1,0.05303215,160.0,0.83806825,-13.644496,0.20155126,800.0,7
0.09,0.06799037,0.1,0.053499985,180.0,0.8376581,-15.562223,0.20149857,900.0,8
0.08,0.068320386,0.05,0.054396763,200.0,0.83718014,-16.862736,0.20126052,1000.0,9
0.08,0.068202436,0.15,0.054750174,220.0,0.83741665,-15.333099,0.20137312,1100.0,10
0.08,0.0679917,0.0,0.054316964,240.0,0.83710843,-19.76548,0.20125282,1200.0,11
0.07,0.069883056,0.1,0.05611043,260.0,0.8372069,-19.590967,0.20133686,1300.0,12
0.05,0.0705392,0.05,0.056455508,280.0,0.8370456,-21.426435,0.20133774,1400.0,13
0.05,0.07023572,0.05,0.055820126,300.0,0.8369673,-22.741016,0.20129351,1500.0,14
0.06,0.070147015,0.05,0.05687852,320.0,0.8372047,-23.657553,0.20126784,1600.0,15
0.05,0.06986129,0.15,0.0567783,340.0,0.8374889,-21.77819,0.20141214,1700.0,16
0.12,0.069914006,0.1,0.05712879,360.0,0.83746177,-24.508648,0.20146254,1800.0,17
0.11,0.070156224,0.15,0.057120036,380.0,0.83727336,-22.201525,0.2013972,1900.0,18
0.11,0.07068932,0.25,0.057917252,400.0,0.8371153,-20.743269,0.20122589,2000.0,19
0.02,0.07100856,0.0,0.059040133,420.0,0.8372938,-27.739426,0.20129475,2100.0,20
0.08,0.070890576,0.15,0.05892462,440.0,0.8372242,-23.256855,0.20126663,2200.0,21
0.06,0.07070102,0.1,0.05915865,460.0,0.8368804,-25.843863,0.20115891,2300.0,22
0.13,0.07064895,0.15,0.05941164,480.0,0.8364975,-25.34,0.2011178,2400.0,23
0.11,0.07102704,0.05,0.060614184,500.0,0.8365071,-24.81586,0.20114611,2500.0,24
0.05,0.0711577,0.1,0.06253027,520.0,0.8366153,-24.141516,0.2012716,2600.0,25
0.19,0.07123711,0.0,0.06312493,540.0,0.8365383,-32.76371,0.20123129,2700.0,26
0.1,0.07117314,0.2,0.06347126,560.0,0.83643967,-23.53715,0.20124285,2800.0,27
0.07,0.071091406,0.1,0.064182654,580.0,0.83612376,-25.993473,0.20116629,2900.0,28
0.13,0.070920594,0.05,0.06510955,600.0,0.83602136,-29.78653,0.20113108,3000.0,29
0.18,0.07083026,0.2,0.06619254,620.0,0.8359017,-21.941364,0.20091315,3100.0,30
0.22,0.07069699,0.1,0.06622178,640.0,0.8359255,-29.602955,0.20097993,3200.0,31
0.2,0.07057849,0.15,0.06629216,660.0,0.83615357,-22.150154,0.20095247,3300.0,32
0.14,0.07069078,0.2,0.06719261,680.0,0.836185,-20.862804,0.20101604,3400.0,33
0.19,0.07048883,0.1,0.06724425,700.0,0.8361147,-20.945492,0.200994,3500.0,34
0.29,0.07026178,0.2,0.0681178,720.0,0.83614516,-23.34821,0.20086417,3600.0,35
0.28,0.07028522,0.25,0.06903373,740.0,0.8361748,-20.724993,0.20087433,3700.0,36
0.35,0.070019454,0.45,0.070051976,760.0,0.8361371,-14.545113,0.20083366,3800.0,37
0.26,0.06983193,0.45,0.07094158,780.0,0.83608127,-14.118327,0.20083314,3900.0,38
0.39,0.0699101,0.3,0.07194705,800.0,0.8359646,-17.45903,0.20074038,4000.0,39
0.36,0.069733165,0.35,0.07267342,820.0,0.8359718,-14.394209,0.20068814,4100.0,40
0.4,0.069730386,0.4,0.07371213,840.0,0.8359649,-12.855589,0.20065124,4200.0,41
0.43,0.06958736,0.55,0.07431459,860.0,0.8360393,-9.849722,0.20070639,4300.0,42
0.48,0.06959947,0.35,0.07515018,880.0,0.83617014,-16.736305,0.20083037,4400.0,43
0.32,0.06977692,0.45,0.0765653,900.0,0.8362859,-10.152945,0.20070912,4500.0,44
0.55,0.06978328,0.5,0.07694526,920.0,0.83641857,-14.409958,0.20074701,4600.0,45
0.49,0.069806606,0.45,0.07771698,940.0,0.8364441,-12.488981,0.20076764,4700.0,46
0.5,0.06975309,0.65,0.078402646,960.0,0.8365388,-11.701863,0.20080435,4800.0,47
0.64,0.06961151,0.6,0.07895975,980.0,0.8367007,-10.098022,0.20088968,4900.0,48
0.73,0.06949932,0.65,0.079283044,1000.0,0.8368571,-6.007345,0.20098817,5000.0,49
0.67,0.06937713,0.7,0.08036789,1020.0,0.83692247,-5.0542755,0.20097008,5100.0,50
0.77,0.069501154,0.95,0.0808054,1040.0,0.83701634,-3.8886108,0.20106117,5200.0,51
0.75,0.069425516,0.85,0.08150435,1060.0,0.8370579,-4.9644804,0.20112666,5300.0,52
0.73,0.06953932,0.9,0.08205516,1080.0,0.83707,-4.314786,0.20111458,5400.0,53
0.76,0.06945109,1.0,0.08239337,1100.0,0.83704895,-1.8151363,0.20112638,5500.0,54
0.82,0.06960071,0.8,0.08285441,1120.0,0.83719176,-4.837109,0.20108305,5600.0,55
0.75,0.069588974,0.9,0.08319028,1140.0,0.8372299,-2.9291277,0.20118572,5700.0,56
0.77,0.06952151,0.85,0.08375968,1160.0,0.837336,-4.6949487,0.20108612,5800.0,57
0.83,0.06951042,0.7,0.08414617,1180.0,0.8373065,-6.4494324,0.20098613,5900.0,58
0.72,0.06951358,0.95,0.08484276,1200.0,0.83717555,-2.4314082,0.20085694,6000.0,59
0.85,0.06946366,0.95,0.085019976,1220.0,0.83729744,-3.7653763,0.20084041,6100.0,60
0.88,0.06931231,0.9,0.085219406,1240.0,0.8373728,-2.1323476,0.20080948,6200.0,61
0.84,0.06926881,0.95,0.085815154,1260.0,0.8373575,-1.9636428,0.200743,6300.0,62
0.86,0.069190696,0.9,0.085952014,1280.0,0.8373247,-2.188051,0.20073107,6400.0,63
0.85,0.069100745,1.0,0.08640559,1300.0,0.837334,-1.743685,0.20079476,6500.0,64
0.87,0.06905274,1.0,0.08673171,1320.0,0.8373572,-1.8288196,0.2007735,6600.0,65
0.86,0.069197245,1.0,0.08703125,1340.0,0.8373646,-1.4415939,0.20075911,6700.0,66
0.88,0.06910949,0.9,0.08716311,1360.0,0.8373739,-3.6343055,0.20076092,6800.0,67
0.93,0.06904876,0.95,0.0877456,1380.0,0.8374103,-2.4120383,0.2007532,6900.0,68
0.83,0.06900654,1.0,0.08783358,1400.0,0.8374621,-1.9758351,0.20080782,7000.0,69
0.89,0.06895507,0.95,0.088242255,1420.0,0.8374963,-1.9670681,0.20081738,7100.0,70
0.89,0.06889208,0.9,0.08857146,1440.0,0.8375214,-1.8341748,0.2008868,7200.0,71
0.87,0.068795286,1.0,0.08872305,1460.0,0.8375838,-1.8653023,0.20099135,7300.0,72
0.94,0.06868749,1.0,0.088927746,1480.0,0.8376246,-1.5781157,0.20097214,7400.0,73
0.91,0.06869636,0.95,0.08917297,1500.0,0.83763766,-1.9306593,0.20097719,7500.0,74
0.92,0.068790026,1.0,0.08964143,1520.0,0.8376241,-1.1289024,0.20098966,7600.0,75
0.92,0.06883029,0.95,0.089926764,1540.0,0.8376422,-1.9105936,0.20097737,7700.0,76
0.91,0.06874377,1.0,0.09008916,1560.0,0.83768624,-1.9471114,0.20095564,7800.0,77
0.95,0.068660446,1.0,0.0903543,1580.0,0.8377593,-1.8895471,0.20096867,7900.0,78
0.95,0.0685428,1.0,0.09049398,1600.0,0.83777833,-1.2246143,0.20100436,8000.0,79
0.94,0.06859877,0.95,0.0906635,1620.0,0.83779,-1.3864244,0.2009599,8100.0,80
0.96,0.06848892,0.95,0.09076877,1640.0,0.8378196,-1.6408701,0.20101368,8200.0,81
0.89,0.06849412,1.0,0.09097682,1660.0,0.8378553,-1.894296,0.20092338,8300.0,82
0.94,0.06842201,1.0,0.09113464,1680.0,0.83792883,-1.4795274,0.20087658,8400.0,83
0.95,0.06834056,1.0,0.09129222,1700.0,0.83798695,-1.3137006,0.20093831,8500.0,84
0.94,0.068329155,1.0,0.0915278,1720.0,0.838031,-1.3808982,0.20092325,8600.0,85
0.95,0.068268046,1.0,0.09174322,1740.0,0.83805174,-1.0682113,0.20093209,8700.0,86
0.92,0.068286076,1.0,0.091945104,1760.0,0.83809525,-1.7100645,0.2009558,8800.0,87
0.94,0.06824067,1.0,0.092056915,1780.0,0.8381304,-1.1113665,0.20103419,8900.0,88
0.98,0.068146095,1.0,0.09215528,1800.0,0.8381453,-1.2208192,0.20103079,9000.0,89
0.93,0.06813324,0.9,0.092335574,1820.0,0.8381675,-3.0947807,0.2010146,9100.0,90
0.95,0.06804026,1.0,0.09244501,1840.0,0.8381842,-1.3651884,0.2010347,9200.0,91
0.96,0.06796712,1.0,0.09259548,1860.0,0.8382225,-1.3041403,0.20111085,9300.0,92
0.9,0.068007,1.0,0.092669144,1880.0,0.8382384,-1.272467,0.20106515,9400.0,93
0.93,0.06801579,1.0,0.092767134,1900.0,0.83820397,-1.1939186,0.2010674,9500.0,94
0.92,0.06797566,1.0,0.0928565,1920.0,0.83818716,-1.078656,0.20111464,9600.0,95
0.93,0.067921914,1.0,0.09296666,1940.0,0.8382156,-1.6727858,0.20117189,9700.0,96
0.95,0.067880124,1.0,0.09296352,1960.0,0.8382377,-1.5849369,0.20119645,9800.0,97
0.96,0.0678264,1.0,0.09303117,1980.0,0.8382821,-1.2315592,0.20125176,9900.0,98
0.92,0.06780178,1.0,0.093123496,2000.0,0.8382942,-1.1325865,0.20129181,10000.0,99
0.98,0.06772709,1.0,0.09310483,2020.0,0.8383395,-1.1378067,0.20129625,10100.0,100
0.95,0.06765342,1.0,0.09321065,2040.0,0.83830804,-1.4840676,0.20130976,10200.0,101
0.98,0.067635864,1.0,0.09336751,2060.0,0.83834106,-1.7501396,0.20131934,10300.0,102
0.94,0.06769233,1.0,0.09356326,2080.0,0.8383851,-1.2733036,0.20131226,10400.0,103
0.92,0.067638524,1.0,0.093648866,2100.0,0.8384538,-1.4609385,0.20128603,10500.0,104
0.94,0.06758466,1.0,0.09373488,2120.0,0.83846027,-1.2461977,0.20129603,10600.0,105
0.97,0.06763976,0.95,0.09394057,2140.0,0.838439,-1.239575,0.20125723,10700.0,106
0.94,0.06757593,1.0,0.094082326,2160.0,0.83845705,-1.2521398,0.20129395,10800.0,107
0.96,0.06751412,1.0,0.094187364,2180.0,0.8384063,-1.2146727,0.2013312,10900.0,108
0.96,0.067455545,1.0,0.09427736,2200.0,0.8384266,-1.5193679,0.20135288,11000.0,109
0.93,0.067408614,1.0,0.09437865,2220.0,0.83846813,-1.2533944,0.20138937,11100.0,110
0.94,0.06741772,1.0,0.09454346,2240.0,0.83848596,-1.2607672,0.20146461,11200.0,111
0.93,0.067371815,1.0,0.09467848,2260.0,0.83849746,-0.9420827,0.20143326,11300.0,112
0.93,0.0673305,1.0,0.0946804,2280.0,0.83844656,-1.0143133,0.2014203,11400.0,113
0.97,0.06728128,1.0,0.09477955,2300.0,0.8384652,-1.4366465,0.20141658,11500.0,114
0.96,0.067226164,0.95,0.094945714,2320.0,0.83848405,-2.8623738,0.20145899,11600.0,115
0.96,0.067209125,1.0,0.09502755,2340.0,0.8384426,-0.96779746,0.20142882,11700.0,116
0.98,0.067238465,1.0,0.09518146,2360.0,0.8383806,-1.1653907,0.20142671,11800.0,117
0.94,0.06718537,1.0,0.095220044,2380.0,0.838356,-1.0936594,0.20138207,11900.0,118
0.95,0.06713656,1.0,0.09523759,2400.0,0.8383355,-1.1832489,0.2014065,12000.0,119
0.93,0.06713151,1.0,0.095364906,2420.0,0.8383248,-1.4054025,0.2013612,12100.0,120
0.96,0.06706549,1.0,0.095581606,2440.0,0.83831406,-1.0608224,0.20132229,12200.0,121
0.94,0.06711342,1.0,0.09558757,2460.0,0.83831495,-1.1501257,0.20131104,12300.0,122
0.94,0.067187354,1.0,0.09570828,2480.0,0.83836657,-1.3871012,0.20131119,12400.0,123
0.93,0.06720768,0.95,0.09581042,2500.0,0.838377,-1.324125,0.20130861,12500.0,124
1.0,0.06714765,0.95,0.09585271,2520.0,0.83835953,-1.0953699,0.20131497,12600.0,125
1.0,0.06710879,1.0,0.09592595,2540.0,0.8383607,-1.3910812,0.20131968,12700.0,126
0.95,0.06715421,1.0,0.0959978,2560.0,0.8383574,-1.5265232,0.20131221,12800.0,127
0.98,0.06710834,1.0,0.096064046,2580.0,0.83836293,-1.2171243,0.2013182,12900.0,128
0.92,0.06706026,1.0,0.09621654,2600.0,0.8383384,-0.9390068,0.20131302,13000.0,129
1.0,0.06702786,1.0,0.09616021,2620.0,0.83835816,-1.1758635,0.20132549,13100.0,130
0.98,0.06703595,1.0,0.096220754,2640.0,0.83835036,-0.78996783,0.20130533,13200.0,131
0.98,0.06698135,1.0,0.09629195,2660.0,0.8383313,-1.1100783,0.20133992,13300.0,132
0.95,0.06692594,1.0,0.096472524,2680.0,0.83838004,-1.2465374,0.20136677,13400.0,133
0.96,0.066882215,1.0,0.09659715,2700.0,0.83837134,-0.8389157,0.20138654,13500.0,134
0.98,0.06682993,1.0,0.09667983,2720.0,0.8383755,-0.92503226,0.20138155,13600.0,135
0.94,0.06680506,1.0,0.09683787,2740.0,0.83839935,-1.0679353,0.20141444,13700.0,136
0.93,0.06681048,1.0,0.0969065,2760.0,0.8384307,-1.0214632,0.2014328,13800.0,137
0.92,0.066789255,1.0,0.096981555,2780.0,0.83845854,-1.2237787,0.2014267,13900.0,138
0.97,0.06675443,0.95,0.096980445,2800.0,0.8384792,-1.3601097,0.20139712,14000.0,139
0.97,0.06674045,1.0,0.0970572,2820.0,0.83849597,-1.4538796,0.20139423,14100.0,140
0.95,0.06678164,1.0,0.09714846,2840.0,0.8384914,-1.0125691,0.2013763,14200.0,141
0.95,0.06675125,1.0,0.09721309,2860.0,0.8384798,-1.2428281,0.20138358,14300.0,142
0.95,0.06670346,1.0,0.09740777,2880.0,0.83847743,-1.1138523,0.20140739,14400.0,143
0.97,0.06664699,1.0,0.09741449,2900.0,0.8384349,-1.1345308,0.20142302,14500.0,144
0.95,0.06667405,1.0,0.0975588,2920.0,0.83843404,-1.5172899,0.20143434,14600.0,145
0.95,0.06667296,1.0,0.09772557,2940.0,0.8384476,-1.1401508,0.20145553,14700.0,146
0.96,0.06668748,1.0,0.0978321,2960.0,0.83849615,-1.4343596,0.20146678,14800.0,147
0.92,0.06668081,1.0,0.09789882,2980.0,0.8384922,-1.1601636,0.20147802,14900.0,148
0.96,0.066656075,1.0,0.097943924,3000.0,0.83849096,-1.2279923,0.20150761,15000.0,149
0.94,0.06665361,1.0,0.097997084,3020.0,0.8384812,-1.0779108,0.201504,15100.0,150
0.98,0.0666176,1.0,0.09806569,3040.0,0.8385388,-0.8484379,0.20151354,15200.0,151
0.95,0.06661871,1.0,0.098070785,3060.0,0.8385311,-0.99093246,0.20151077,15300.0,152
0.99,0.06658769,1.0,0.098101646,3080.0,0.8385162,-0.8695172,0.20151576,15400.0,153
0.98,0.06654096,1.0,0.098127335,3100.0,0.8385171,-1.2425152,0.2015141,15500.0,154
0.99,0.0665012,1.0,0.09810981,3120.0,0.83855754,-1.0573138,0.2015333,15600.0,155
0.96,0.06647335,1.0,0.0981154,3140.0,0.8385388,-1.2717931,0.20155762,15700.0,156
0.95,0.066472106,0.95,0.09830406,3160.0,0.83855325,-0.9828019,0.20156515,15800.0,157
0.94,0.066430435,1.0,0.09832835,3180.0,0.8385442,-1.0047512,0.20156178,15900.0,158
0.94,0.06642054,1.0,0.098432854,3200.0,0.83854914,-1.2158871,0.20154007,16000.0,159
0.91,0.06648331,0.95,0.09854321,3220.0,0.83855104,-3.5463173,0.20154917,16100.0,160
0.97,0.06646123,1.0,0.098510884,3240.0,0.83855677,-0.8394039,0.20155443,16200.0,161
0.94,0.0664145,1.0,0.098543264,3260.0,0.83855754,-1.1462742,0.20153378,16300.0,162
0.94,0.06642083,1.0,0.09865315,3280.0,0.8385489,-0.89102936,0.20153357,16400.0,163
0.98,0.066404484,1.0,0.09875665,3300.0,0.838567,-0.97416174,0.20157127,16500.0,164
0.98,0.066433206,1.0,0.0987994,3320.0,0.8385758,-0.87958896,0.20157862,16600.0,165
0.96,0.066385955,1.0,0.098807305,3340.0,0.83856493,-1.1308893,0.2015786,16700.0,166
0.9,0.06639189,1.0,0.09885546,3360.0,0.83861923,-1.340019,0.20160533,16800.0,167
0.92,0.06638947,1.0,0.098853156,3380.0,0.83860517,-1.2321012,0.20160306,16900.0,168
0.97,0.066342086,1.0,0.09890256,3400.0,0.83860904,-1.0619078,0.20159155,17000.0,169
0.94,0.06635944,1.0,0.09897853,3420.0,0.83858675,-1.2141722,0.20158985,17100.0,170
0.95,0.06636604,1.0,0.09906567,3440.0,0.8386232,-1.21889,0.20162342,17200.0,171
0.95,0.06632133,0.95,0.0991921,3460.0,0.83861804,-1.6227272,0.20160002,17300.0,172
0.94,0.06634486,1.0,0.099301375,3480.0,0.83862215,-1.0099132,0.20156929,17400.0,173
0.98,0.06631126,1.0,0.099333085,3500.0,0.8386342,-1.0542127,0.2015539,17500.0,174
0.97,0.06628255,1.0,0.09936734,3520.0,0.8386357,-0.86705124,0.20156825,17600.0,175
0.97,0.066244446,1.0,0.099381596,3540.0,0.83870226,-1.0664129,0.20159811,17700.0,176
0.93,0.0662423,0.95,0.09949718,3560.0,0.838702,-1.0750287,0.20158094,17800.0,177
0.94,0.06625062,1.0,0.09947633,3580.0,0.8387186,-1.2751131,0.20157057,17900.0,178
0.98,0.06621703,1.0,0.099574655,3600.0,0.838697,-1.2904717,0.2015361,18000.0,179
0.92,0.06622134,1.0,0.099623986,3620.0,0.8386881,-1.0141923,0.201574,18100.0,180
0.95,0.066227764,1.0,0.09965896,3640.0,0.8386858,-1.0278379,0.20155832,18200.0,181
0.96,0.0661836,1.0,0.09966855,3660.0,0.8386552,-1.3924963,0.20155793,18300.0,182
0.96,0.0661408,1.0,0.099662684,3680.0,0.83871293,-1.1146605,0.20158155,18400.0,183
0.96,0.066096224,1.0,0.09964353,3700.0,0.83867985,-1.0370836,0.20158425,18500.0,184
0.91,0.06610986,1.0,0.099666096,3720.0,0.83869344,-1.1429046,0.20158228,18600.0,185
0.96,0.066122554,1.0,0.09977197,3740.0,0.8386496,-0.9524763,0.20157823,18700.0,186
0.93,0.066160955,0.95,0.09978292,3760.0,0.83869433,-1.422065,0.20157582,18800.0,187
0.92,0.06620017,1.0,0.09982375,3780.0,0.8386981,-1.4474499,0.20154415,18900.0,188
0.96,0.06619194,1.0,0.09987743,3800.0,0.83867335,-1.0717915,0.20157121,19000.0,189
0.96,0.06617696,1.0,0.09984777,3820.0,0.8386741,-1.0479934,0.20157623,19100.0,190
0.94,0.066162564,1.0,0.09985012,3840.0,0.83865404,-1.185745,0.20156957,19200.0,191
0.95,0.06613654,1.0,0.09995938,3860.0,0.83865947,-0.9889418,0.20158947,19300.0,192
0.96,0.0661529,1.0,0.09998742,3880.0,0.83862853,-0.9253852,0.20157734,19400.0,193
0.97,0.06618908,1.0,0.09999289,3900.0,0.8386057,-1.2095355,0.20158538,19500.0,194
0.95,0.06622242,1.0,0.10005782,3920.0,0.8385957,-1.1065948,0.20157367,19600.0,195
0.97,0.0661908,1.0,0.10004845,3940.0,0.8385729,-0.9691761,0.20158146,19700.0,196
0.95,0.06616107,1.0,0.10005858,3960.0,0.83856183,-1.0374358,0.20157827,19800.0,197
0.97,0.06613356,1.0,0.10006871,3980.0,0.8385484,-1.0926138,0.20157324,19900.0,198
0.92,0.06611481,1.0,0.100064576,4000.0,0.83855444,-1.1631663,0.20158724,20000.0,199
0.98,0.0661035,1.0,0.10003649,4020.0,0.8385199,-1.0262203,0.20157142,20100.0,200
0.99,0.06607052,1.0,0.10005031,4040.0,0.83852273,-0.8778509,0.20156245,20200.0,201
0.99,0.0660562,1.0,0.10011998,4060.0,0.8385236,-1.2485969,0.20154771,20300.0,202
0.96,0.066065565,1.0,0.10016997,4080.0,0.83851767,-1.0595568,0.20153885,20400.0,203
0.93,0.06609145,1.0,0.10022135,4100.0,0.8385119,-1.1921397,0.20153698,20500.0,204
0.93,0.06609111,1.0,0.1002546,4120.0,0.83852434,-1.0308881,0.20154217,20600.0,205
0.99,0.066055626,1.0,0.10022535,4140.0,0.8385329,-1.1892518,0.2015464,20700.0,206
0.92,0.06602486,1.0,0.1002183,4160.0,0.83852863,-1.0791693,0.2015551,20800.0,207
0.96,0.06599988,1.0,0.10024149,4180.0,0.8385604,-1.0426304,0.20155397,20900.0,208
0.95,0.06601178,1.0,0.10030131,4200.0,0.83856493,-1.14837,0.20156732,21000.0,209
0.9,0.065999374,1.0,0.10035904,4220.0,0.8385884,-0.87795526,0.20158637,21100.0,210
0.98,0.06596872,1.0,0.100330725,4240.0,0.838561,-1.1702279,0.20158045,21200.0,211
0.99,0.06595323,0.95,0.10039455,4260.0,0.8385789,-0.9718593,0.20158775,21300.0,212
0.97,0.06593367,1.0,0.100438684,4280.0,0.83859277,-1.2852218,0.20158885,21400.0,213
0.94,0.06590154,1.0,0.100432135,4300.0,0.8385969,-1.2207668,0.20160021,21500.0,214
0.96,0.065915674,1.0,0.10047193,4320.0,0.83861166,-1.239434,0.20160955,21600.0,215
0.96,0.06589802,1.0,0.1004684,4340.0,0.83860636,-1.1958678,0.20163563,21700.0,216
0.95,0.065904275,1.0,0.10054037,4360.0,0.8386164,-0.92028844,0.20163922,21800.0,217
0.95,0.065891124,1.0,0.100574404,4380.0,0.8386126,-0.78485984,0.20162115,21900.0,218
0.96,0.06596761,1.0,0.10061108,4400.0,0.8386028,-0.88321096,0.20161848,22000.0,219
0.92,0.06598682,1.0,0.100603364,4420.0,0.8386155,-1.1475658,0.20164144,22100.0,220
0.96,0.06595398,1.0,0.10057222,4440.0,0.838615,-1.1553963,0.20164455,22200.0,221
0.97,0.065936424,1.0,0.10057504,4460.0,0.8386108,-1.1612008,0.20163515,22300.0,222
0.95,0.06595783,1.0,0.1005932,4480.0,0.8386131,-1.0015228,0.20163554,22400.0,223
0.98,0.065920755,1.0,0.10059415,4500.0,0.83861405,-1.0295718,0.20165963,22500.0,224
0.98,0.06588959,1.0,0.10062343,4520.0,0.8385954,-1.2082708,0.2016683,22600.0,225
0.94,0.06588198,1.0,0.10064871,4540.0,0.8386112,-1.1595235,0.20167895,22700.0,226
0.96,0.06586229,1.0,0.10069156,4560.0,0.83860606,-0.9756912,0.20168994,22800.0,227
0.94,0.065842725,1.0,0.100686744,4580.0,0.83859205,-1.0063758,0.20169367,22900.0,228
0.96,0.065840036,1.0,0.100716114,4600.0,0.838594,-1.0950052,0.20169196,23000.0,229
0.9,0.06586174,1.0,0.10079677,4620.0,0.838594,-1.1047013,0.2017032,23100.0,230
0.94,0.06588852,1.0,0.100844815,4640.0,0.83862025,-1.096646,0.20171048,23200.0,231
0.94,0.06589767,1.0,0.10084581,4660.0,0.8386085,-1.4179069,0.20171364,23300.0,232
0.94,0.06589585,1.0,0.10083186,4680.0,0.8386021,-1.4443245,0.2016941,23400.0,233
0.95,0.06588791,1.0,0.10085089,4700.0,0.8386071,-0.9927017,0.20170946,23500.0,234
0.93,0.06589444,1.0,0.1008813,4720.0,0.8385754,-1.1444995,0.20172063,23600.0,235
0.97,0.065889455,1.0,0.10085713,4740.0,0.83857435,-1.209978,0.20171936,23700.0,236
0.95,0.065866195,1.0,0.100799315,4760.0,0.8385628,-0.9495274,0.20172964,23800.0,237
0.98,0.06584123,1.0,0.10080386,4780.0,0.83857685,-1.1223735,0.20174372,23900.0,238
0.92,0.06585296,1.0,0.100855306,4800.0,0.8385856,-0.9732248,0.20173548,24000.0,239
0.96,0.06583957,1.0,0.100854486,4820.0,0.8385462,-0.89797145,0.20172817,24100.0,240
0.98,0.065817036,1.0,0.10086591,4840.0,0.8385733,-0.7668119,0.20173268,24200.0,241
0.98,0.06579013,1.0,0.100838386,4860.0,0.83859795,-0.78440076,0.2017508,24300.0,242
0.96,0.06578973,1.0,0.10087293,4880.0,0.83860224,-1.0696042,0.201747,24400.0,243
0.95,0.06579343,1.0,0.100921676,4900.0,0.8386104,-0.91920185,0.20173848,24500.0,244
0.96,0.06577728,1.0,0.10095627,4920.0,0.8386046,-1.088367,0.20173855,24600.0,245
0.95,0.065767154,1.0,0.1009323,4940.0,0.8386026,-0.9003054,0.20173919,24700.0,246
0.97,0.065753765,1.0,0.100954436,4960.0,0.83859307,-0.96536845,0.20173426,24800.0,247
0.98,0.06576515,1.0,0.100963496,4980.0,0.83859396,-0.98881483,0.20172778,24900.0,248
0.94,0.0657415,1.0,0.10101612,5000.0,0.8385901,-0.9798085,0.20171511,25000.0,249
0.97,0.06572602,1.0,0.10101716,5020.0,0.83860797,-1.1278223,0.20171607,25100.0,250
0.98,0.06572815,1.0,0.101002,5040.0,0.838613,-1.3215833,0.20171972,25200.0,251
0.95,0.06571668,1.0,0.10103152,5060.0,0.83861613,-1.1314652,0.20172721,25300.0,252
0.97,0.06573043,1.0,0.1011044,5080.0,0.8386012,-1.1070988,0.20173806,25400.0,253
0.97,0.06569172,1.0,0.10109513,5100.0,0.8386178,-0.9696611,0.20173933,25500.0,254
0.96,0.0656753,1.0,0.101077594,5120.0,0.838631,-0.9943034,0.20172174,25600.0,255
0.96,0.06566684,1.0,0.101113565,5140.0,0.8386355,-1.1848443,0.2017244,25700.0,256
0.97,0.06564642,1.0,0.101122305,5160.0,0.83864146,-0.8545103,0.20173593,25800.0,257
0.97,0.0656181,1.0,0.101104915,5180.0,0.8386297,-0.77271974,0.20174477,25900.0,258
0.97,0.06561916,1.0,0.10108302,5200.0,0.83866423,-1.1971136,0.20176603,26000.0,259
0.95,0.06566193,1.0,0.10113342,5220.0,0.8386684,-1.2249628,0.20176376,26100.0,260
0.97,0.065651715,1.0,0.10114364,5240.0,0.8386512,-1.1802136,0.20177792,26200.0,261
0.9,0.065664336,1.0,0.10112576,5260.0,0.8386276,-0.85973644,0.20179424,26300.0,262
0.98,0.06564207,1.0,0.10112585,5280.0,0.8385939,-1.0528057,0.20180446,26400.0,263
0.97,0.06562,1.0,0.101110294,5300.0,0.8386111,-1.0612319,0.20180602,26500.0,264
0.96,0.06563647,1.0,0.101173036,5320.0,0.83862686,-1.0325631,0.20181385,26600.0,265
0.98,0.065605186,1.0,0.10123084,5340.0,0.8386162,-1.1351664,0.20183353,26700.0,266
0.95,0.06564109,1.0,0.10124915,5360.0,0.83861256,-0.98169184,0.20180722,26800.0,267
0.97,0.06564074,1.0,0.101266,5380.0,0.838629,-1.1868267,0.20182398,26900.0,268
0.96,0.06563917,1.0,0.101306714,5400.0,0.83862466,-1.1171911,0.20182166,27000.0,269
0.94,0.0656145,1.0,0.101314455,5420.0,0.8386211,-1.252032,0.20180517,27100.0,270
0.93,0.06558556,0.95,0.101312466,5440.0,0.8386195,-2.4422872,0.20181051,27200.0,271
0.96,0.06557294,1.0,0.10133156,5460.0,0.83864665,-1.308666,0.20180702,27300.0,272
0.95,0.06557501,1.0,0.101367004,5480.0,0.83864784,-1.0906583,0.20180832,27400.0,273
0.92,0.06555716,1.0,0.101409025,5500.0,0.8386511,-0.81288326,0.20182073,27500.0,274
0.97,0.06554999,0.95,0.10141564,5520.0,0.8386708,-1.064035,0.20181423,27600.0,275
0.97,0.06551989,1.0,0.10142988,5540.0,0.83868694,-1.0232378,0.20179817,27700.0,276
0.98,0.06550035,1.0,0.10142625,5560.0,0.83868843,-0.92210114,0.20179407,27800.0,277
0.95,0.06548189,1.0,0.101452254,5580.0,0.83868295,-0.89362824,0.20180048,27900.0,278
0.97,0.06546407,1.0,0.10149561,5600.0,0.83865625,-1.0845563,0.20181334,28000.0,279
0.93,0.065481044,1.0,0.10152677,5620.0,0.8386763,-1.1552479,0.20182575,28100.0,280
0.97,0.065496184,1.0,0.101504184,5640.0,0.8386619,-0.9868833,0.20181198,28200.0,281
0.95,0.06547742,1.0,0.10151535,5660.0,0.83867216,-1.0453318,0.20182453,28300.0,282
0.97,0.06545082,1.0,0.10149598,5680.0,0.8386839,-0.95487213,0.20182253,28400.0,283
0.9,0.06543818,1.0,0.10147975,5700.0,0.8386924,-1.0709474,0.2018366,28500.0,284
0.93,0.06541375,1.0,0.10149366,5720.0,0.8386815,-0.9237477,0.20182878,28600.0,285
0.99,0.06538486,1.0,0.10150346,5740.0,0.83867836,-1.1329998,0.20182206,28700.0,286
0.94,0.06538646,1.0,0.10151179,5760.0,0.83867043,-1.3242028,0.20180681,28800.0,287
0.99,0.065361716,1.0,0.10150259,5780.0,0.83866906,-0.9249984,0.20179696,28900.0,288
0.95,0.06534518,1.0,0.10151208,5800.0,0.83867294,-1.0331538,0.2017931,29000.0,289
0.98,0.065319605,1.0,0.101568416,5820.0,0.83870596,-1.2571841,0.20179792,29100.0,290
0.95,0.06533209,1.0,0.10156833,5840.0,0.8387308,-0.9926567,0.20181042,29200.0,291
0.97,0.06531342,1.0,0.10155341,5860.0,0.8387225,-1.0117117,0.2018051,29300.0,292
0.96,0.06528908,1.0,0.1015868,5880.0,0.8387348,-0.7258073,0.20181426,29400.0,293
0.94,0.06527746,1.0,0.10162704,5900.0,0.83874446,-1.0516578,0.20181835,29500.0,294
0.93,0.06526411,1.0,0.10163944,5920.0,0.8387439,-1.1227049,0.2018376,29600.0,295
0.95,0.065254614,1.0,0.10164986,5940.0,0.8387367,-1.2189159,0.20184338,29700.0,296
0.99,0.065232515,1.0,0.101670675,5960.0,0.83874255,-1.0931861,0.20186254,29800.0,297
0.94,0.06527332,1.0,0.10176969,5980.0,0.83874315,-1.1765612,0.20184737,29900.0,298
0.96,0.06525739,1.0,0.101768695,6000.0,0.83874035,-1.2127334,0.20184812,30000.0,299
