stats_g/mean,test/mean_Q,epoch,test/episode,test/success_rate,train/episode,stats_o/mean,stats_g/std,stats_o/std,train/success_rate
0.7327015,-3.0511367,0,20.0,0.0,100.0,0.17893225,0.12365538,0.050410524,0.0
0.73310834,-4.959137,1,40.0,0.0,200.0,0.17775626,0.1241917,0.053260803,0.01
0.7349196,-7.0903044,2,60.0,0.0,300.0,0.17908798,0.12421903,0.05580253,0.01
0.7334619,-9.213465,3,80.0,0.0,400.0,0.1784597,0.12520893,0.055446927,0.0
0.7363887,-11.2425785,4,100.0,0.0,500.0,0.17931157,0.1250349,0.055143584,0.01
0.7359211,-12.544688,5,120.0,0.0,600.0,0.17881005,0.12761964,0.056460783,0.0
0.7368059,-13.688423,6,140.0,0.0,700.0,0.17873472,0.13169655,0.058374666,0.01
0.73878866,-15.356346,7,160.0,0.0,800.0,0.17887813,0.13616587,0.061107647,0.01
0.73858404,-16.475925,8,180.0,0.05,900.0,0.17888328,0.14157805,0.06314477,0.01
0.7381716,-19.456388,9,200.0,0.0,1000.0,0.1789283,0.14430748,0.06366212,0.0
0.7380016,-19.745296,10,220.0,0.05,1100.0,0.17883198,0.14626199,0.064658076,0.01
0.73836184,-18.468636,11,240.0,0.1,1200.0,0.17895004,0.147883,0.06609024,0.0
0.7389085,-21.103582,12,260.0,0.05,1300.0,0.17915285,0.14873736,0.065992825,0.01
0.73889756,-20.797413,13,280.0,0.05,1400.0,0.17940332,0.1500894,0.067811556,0.02
0.7388809,-21.057377,14,300.0,0.05,1500.0,0.1793905,0.15054797,0.067983046,0.0
0.7396474,-22.982773,15,320.0,0.05,1600.0,0.17960384,0.15167351,0.06861739,0.03
0.73991513,-21.268099,16,340.0,0.1,1700.0,0.17986223,0.15404041,0.06965352,0.03
0.7412804,-26.615383,17,360.0,0.05,1800.0,0.18006872,0.15561275,0.07077749,0.04
0.741646,-23.955917,18,380.0,0.1,1900.0,0.1800663,0.15658928,0.072229356,0.0
0.7411242,-24.371134,19,400.0,0.2,2000.0,0.17987055,0.15809958,0.073050655,0.02
0.74148077,-21.731516,20,420.0,0.15,2100.0,0.1799544,0.1584327,0.0733768,0.13
0.7423455,-26.018143,21,440.0,0.0,2200.0,0.18003912,0.15887265,0.07379229,0.04
0.7430187,-24.2206,22,460.0,0.1,2300.0,0.1801042,0.15966986,0.074292086,0.07
0.74337417,-24.176052,23,480.0,0.25,2400.0,0.18002005,0.16041623,0.07470307,0.09
0.7451537,-21.331936,24,500.0,0.2,2500.0,0.18029389,0.16117303,0.075267166,0.08
0.7465904,-22.45405,25,520.0,0.1,2600.0,0.18051869,0.16270196,0.07631709,0.06
0.7490825,-20.602192,26,540.0,0.2,2700.0,0.18108477,0.16438343,0.07749217,0.06
0.7509916,-17.979662,27,560.0,0.35,2800.0,0.18155561,0.16507904,0.07835957,0.12
0.7520623,-18.434536,28,580.0,0.15,2900.0,0.18165636,0.16515182,0.07894451,0.1
0.7529959,-22.179483,29,600.0,0.3,3000.0,0.18183029,0.1652366,0.07896424,0.12
0.754257,-21.753704,30,620.0,0.2,3100.0,0.18210308,0.16526696,0.0790857,0.08
0.75554246,-19.211061,31,640.0,0.2,3200.0,0.18236282,0.16534464,0.0791261,0.06
0.75688475,-15.51104,32,660.0,0.4,3300.0,0.18256281,0.16571979,0.07922394,0.06
0.75786877,-23.481964,33,680.0,0.15,3400.0,0.18279736,0.1663154,0.07979821,0.16
0.7584141,-17.819223,34,700.0,0.3,3500.0,0.18295601,0.16690834,0.080203675,0.11
0.7597572,-19.580515,35,720.0,0.35,3600.0,0.18335608,0.16781627,0.08076924,0.23
0.7609113,-16.414474,36,740.0,0.4,3700.0,0.18361768,0.16833358,0.081113905,0.16
0.76201004,-18.503134,37,760.0,0.35,3800.0,0.18389396,0.16835077,0.08100906,0.1
0.7630244,-16.747604,38,780.0,0.35,3900.0,0.18411976,0.16849013,0.08110812,0.1
0.7639499,-22.94818,39,800.0,0.3,4000.0,0.18426813,0.16898096,0.08164828,0.16
0.7651352,-16.982,40,820.0,0.35,4100.0,0.1845342,0.16902767,0.08188165,0.15
0.76614666,-23.30974,41,840.0,0.2,4200.0,0.18470956,0.16928251,0.08194616,0.12
0.76729566,-16.85993,42,860.0,0.35,4300.0,0.18496075,0.16969955,0.08226169,0.17
0.7683573,-15.916208,43,880.0,0.4,4400.0,0.1850828,0.17031361,0.08253213,0.16
0.7691984,-19.646221,44,900.0,0.4,4500.0,0.18523926,0.17108215,0.08272941,0.11
0.7697714,-17.686125,45,920.0,0.15,4600.0,0.1852501,0.17187089,0.08334176,0.15
0.7705591,-18.064734,46,940.0,0.3,4700.0,0.18536507,0.17224185,0.08335294,0.16
0.7710428,-15.722196,47,960.0,0.35,4800.0,0.18535145,0.17301206,0.08388873,0.15
0.7717788,-14.004788,48,980.0,0.45,4900.0,0.18543817,0.17338653,0.08418369,0.15
0.77270555,-19.930655,49,1000.0,0.35,5000.0,0.18549556,0.17321646,0.08410213,0.13
0.77343607,-17.011515,50,1020.0,0.35,5100.0,0.18565325,0.17324935,0.08419572,0.1
0.77424765,-17.620731,51,1040.0,0.35,5200.0,0.18572345,0.17331225,0.08412286,0.12
0.7750106,-18.114653,52,1060.0,0.4,5300.0,0.1857958,0.1734697,0.08415998,0.14
0.77594596,-16.033981,53,1080.0,0.4,5400.0,0.18586272,0.17348444,0.08419637,0.17
0.776586,-17.775705,54,1100.0,0.4,5500.0,0.18591474,0.17355867,0.084223405,0.19
0.77743936,-19.096466,55,1120.0,0.25,5600.0,0.18601942,0.17327923,0.084175274,0.25
0.7781288,-21.071545,56,1140.0,0.2,5700.0,0.1860336,0.17310005,0.08426742,0.1
0.778562,-20.74712,57,1160.0,0.4,5800.0,0.18607832,0.17303611,0.08437704,0.16
0.7789894,-14.102124,58,1180.0,0.6,5900.0,0.18615253,0.17305698,0.084416635,0.21
0.7793806,-19.454378,59,1200.0,0.35,6000.0,0.1862287,0.17319375,0.08444162,0.17
0.77998394,-16.400404,60,1220.0,0.35,6100.0,0.1863552,0.1734006,0.084654644,0.11
0.7807222,-21.830486,61,1240.0,0.3,6200.0,0.18645452,0.17335822,0.084784135,0.18
0.7814953,-18.119684,62,1260.0,0.5,6300.0,0.18660098,0.17333794,0.084803626,0.12
0.78196687,-16.22365,63,1280.0,0.5,6400.0,0.18668666,0.1733973,0.08485541,0.17
0.7828037,-10.129004,64,1300.0,0.55,6500.0,0.18677813,0.17354901,0.085062325,0.16
0.78333014,-15.402275,65,1320.0,0.55,6600.0,0.18685657,0.17385675,0.08532939,0.12
0.7838575,-16.429066,66,1340.0,0.5,6700.0,0.18693386,0.17412345,0.085791215,0.12
0.78422254,-17.804882,67,1360.0,0.4,6800.0,0.18701363,0.17419912,0.086058,0.22
0.78487325,-16.11374,68,1380.0,0.35,6900.0,0.18708032,0.17408343,0.08614333,0.17
0.78552437,-14.123095,69,1400.0,0.45,7000.0,0.18721585,0.1740409,0.08627782,0.18
0.7858084,-16.764494,70,1420.0,0.35,7100.0,0.18725227,0.17420794,0.08631873,0.13
0.7864461,-18.753702,71,1440.0,0.35,7200.0,0.18734959,0.17419209,0.086327955,0.24
0.78712344,-17.233917,72,1460.0,0.45,7300.0,0.18748598,0.17423739,0.08642438,0.18
0.7873518,-12.001222,73,1480.0,0.55,7400.0,0.1875447,0.17457588,0.086750895,0.11
0.78787947,-15.714407,74,1500.0,0.45,7500.0,0.18762207,0.1746189,0.08678505,0.16
0.78807384,-16.826319,75,1520.0,0.35,7600.0,0.18762772,0.17467421,0.0870147,0.2
0.7886028,-9.769473,76,1540.0,0.7,7700.0,0.18768744,0.17458665,0.08720622,0.15
0.7888256,-17.975279,77,1560.0,0.45,7800.0,0.18769968,0.17488603,0.08733753,0.21
0.7893644,-15.958638,78,1580.0,0.4,7900.0,0.18776122,0.1750258,0.08754338,0.15
0.7895911,-16.249783,79,1600.0,0.45,8000.0,0.1878214,0.17516035,0.087813556,0.16
0.7900057,-19.435566,80,1620.0,0.3,8100.0,0.18788473,0.17519368,0.08786406,0.23
0.7904914,-15.255808,81,1640.0,0.4,8200.0,0.18796887,0.17517032,0.087822564,0.09
0.7908401,-22.066595,82,1660.0,0.25,8300.0,0.18805335,0.1753049,0.087915204,0.21
0.7911331,-17.34943,83,1680.0,0.4,8400.0,0.18815953,0.17517428,0.08801423,0.18
0.7914991,-15.325038,84,1700.0,0.65,8500.0,0.18825674,0.17505904,0.08794564,0.24
0.79184484,-18.224236,85,1720.0,0.4,8600.0,0.18834749,0.1750344,0.087872855,0.15
0.79226047,-14.320836,86,1740.0,0.5,8700.0,0.18843639,0.17506742,0.08787202,0.14
0.7926533,-12.761573,87,1760.0,0.6,8800.0,0.18849993,0.17493469,0.08781297,0.19
0.79294586,-11.490863,88,1780.0,0.5,8900.0,0.18854252,0.17500778,0.08797431,0.18
0.7933411,-14.468161,89,1800.0,0.45,9000.0,0.18862806,0.17479406,0.08804724,0.31
0.79375464,-9.941001,90,1820.0,0.55,9100.0,0.18870744,0.17455359,0.088070266,0.18
0.7938989,-15.142555,91,1840.0,0.5,9200.0,0.18870243,0.17457156,0.088253535,0.27
0.79421496,-11.515375,92,1860.0,0.6,9300.0,0.18879366,0.17474,0.088427305,0.21
0.79452413,-14.802264,93,1880.0,0.35,9400.0,0.1888852,0.17460912,0.08844285,0.2
0.79476374,-13.161021,94,1900.0,0.4,9500.0,0.18891858,0.17466657,0.08853456,0.17
0.7949254,-11.773342,95,1920.0,0.45,9600.0,0.18892309,0.17447002,0.08868865,0.21
0.79498166,-14.231259,96,1940.0,0.5,9700.0,0.18893869,0.17440826,0.08864751,0.14
0.79509515,-11.385636,97,1960.0,0.4,9800.0,0.18902606,0.1743346,0.08869848,0.15
0.79521984,-16.345112,98,1980.0,0.4,9900.0,0.18906355,0.17428489,0.08865376,0.19
0.7954047,-12.829516,99,2000.0,0.5,10000.0,0.18912593,0.17419004,0.08865369,0.15
0.7954231,-14.06795,100,2020.0,0.3,10100.0,0.18916799,0.1740254,0.08861522,0.17
0.79559904,-13.760981,101,2040.0,0.45,10200.0,0.1892197,0.17404549,0.08883697,0.14
0.7957739,-17.365465,102,2060.0,0.15,10300.0,0.18927003,0.17396797,0.08881248,0.24
0.7960654,-15.427747,103,2080.0,0.3,10400.0,0.18933521,0.17385821,0.08878283,0.23
0.7960723,-17.357342,104,2100.0,0.25,10500.0,0.18932314,0.1739171,0.088765725,0.12
0.796168,-16.903946,105,2120.0,0.4,10600.0,0.18935083,0.17398268,0.08885822,0.11
0.7965243,-16.587204,106,2140.0,0.4,10700.0,0.18941341,0.17378204,0.088862985,0.11
0.79665726,-17.180054,107,2160.0,0.4,10800.0,0.18946956,0.17378457,0.08884656,0.13
0.79696655,-17.22332,108,2180.0,0.25,10900.0,0.1895553,0.17380182,0.088840455,0.12
0.79717916,-11.784624,109,2200.0,0.55,11000.0,0.18958114,0.17376877,0.088875294,0.15
0.79728097,-17.314575,110,2220.0,0.4,11100.0,0.18959542,0.17388119,0.08902751,0.16
0.7976224,-20.061201,111,2240.0,0.25,11200.0,0.18969217,0.17375727,0.088988006,0.16
0.79768085,-14.0116625,112,2260.0,0.45,11300.0,0.18971287,0.17381196,0.089025475,0.18
0.79777366,-19.794209,113,2280.0,0.3,11400.0,0.18971448,0.1737795,0.08911964,0.18
0.7979255,-12.908389,114,2300.0,0.45,11500.0,0.18975852,0.17375827,0.089196146,0.1
0.7981004,-13.378555,115,2320.0,0.5,11600.0,0.18982255,0.17352515,0.08919061,0.14
0.79821223,-15.28927,116,2340.0,0.3,11700.0,0.1898589,0.17357606,0.08934473,0.21
0.79836744,-19.1937,117,2360.0,0.3,11800.0,0.18991402,0.17352831,0.089404166,0.14
0.7984093,-17.36971,118,2380.0,0.4,11900.0,0.18989508,0.17364864,0.089708954,0.1
0.7985788,-16.312471,119,2400.0,0.4,12000.0,0.18992548,0.17357792,0.08984376,0.1
0.79867506,-12.950399,120,2420.0,0.55,12100.0,0.1899801,0.17374603,0.089888506,0.16
0.7988481,-13.585574,121,2440.0,0.45,12200.0,0.19001581,0.17379443,0.090035945,0.1
0.7990101,-21.280148,122,2460.0,0.2,12300.0,0.19007774,0.17360641,0.09001862,0.12
0.7991809,-17.353058,123,2480.0,0.35,12400.0,0.19010167,0.17362426,0.09002755,0.16
0.79950887,-15.811793,124,2500.0,0.3,12500.0,0.1901615,0.17351753,0.09015666,0.16
0.7996633,-18.718966,125,2520.0,0.35,12600.0,0.1902067,0.17361133,0.09022613,0.08
0.79978174,-19.408936,126,2540.0,0.25,12700.0,0.19024631,0.17355026,0.09024534,0.18
0.80010146,-16.163168,127,2560.0,0.4,12800.0,0.1902848,0.1734126,0.09027322,0.14
0.80026937,-13.256079,128,2580.0,0.55,12900.0,0.19032978,0.17336006,0.09026167,0.14
0.800361,-13.031209,129,2600.0,0.6,13000.0,0.19037811,0.17338382,0.090380944,0.18
0.80057544,-16.68988,130,2620.0,0.35,13100.0,0.19044347,0.17332585,0.090517215,0.15
0.8007515,-15.539124,131,2640.0,0.35,13200.0,0.19050191,0.17337592,0.09051551,0.13
0.8009932,-12.343931,132,2660.0,0.45,13300.0,0.19056429,0.17331809,0.090509236,0.16
0.80126864,-13.93223,133,2680.0,0.4,13400.0,0.19063853,0.17330633,0.09058957,0.14
0.8013372,-10.238948,134,2700.0,0.6,13500.0,0.19066128,0.17321669,0.090624705,0.15
0.8015545,-11.019277,135,2720.0,0.55,13600.0,0.1906938,0.17314696,0.090614125,0.19
0.8017474,-12.89964,136,2740.0,0.35,13700.0,0.1907371,0.17313164,0.09067052,0.12
0.8018448,-14.795797,137,2760.0,0.2,13800.0,0.19073194,0.17307806,0.09068268,0.15
0.8019138,-16.000355,138,2780.0,0.4,13900.0,0.19074637,0.1731769,0.090816334,0.15
0.8020174,-12.397168,139,2800.0,0.45,14000.0,0.19078192,0.17312461,0.09080969,0.18
0.8022041,-11.028597,140,2820.0,0.65,14100.0,0.19081359,0.17330974,0.090853035,0.17
0.8022421,-15.080622,141,2840.0,0.5,14200.0,0.19083811,0.17333405,0.09081016,0.2
0.80225116,-16.69419,142,2860.0,0.2,14300.0,0.19081658,0.17345192,0.09088751,0.16
0.8022724,-19.656404,143,2880.0,0.35,14400.0,0.19079426,0.17356062,0.0909808,0.14
0.8023773,-14.594534,144,2900.0,0.4,14500.0,0.19083625,0.17342518,0.09101531,0.2
0.8024706,-18.130182,145,2920.0,0.35,14600.0,0.19083788,0.17341866,0.091101006,0.13
0.80257815,-14.9698,146,2940.0,0.5,14700.0,0.1908562,0.17341973,0.091121376,0.19
0.8027026,-16.63693,147,2960.0,0.45,14800.0,0.19088034,0.17348836,0.09126216,0.19
0.80287284,-13.587222,148,2980.0,0.65,14900.0,0.19090998,0.17346133,0.091331966,0.12
0.8029848,-15.751389,149,3000.0,0.45,15000.0,0.1909498,0.17347549,0.091320336,0.13
0.8031828,-14.244372,150,3020.0,0.55,15100.0,0.1909914,0.17330897,0.09124864,0.17
0.8032221,-17.276989,151,3040.0,0.6,15200.0,0.19102915,0.17339577,0.09135995,0.12
0.8033175,-17.83285,152,3060.0,0.4,15300.0,0.19107899,0.17337006,0.091354616,0.14
0.8034692,-17.309437,153,3080.0,0.35,15400.0,0.19110066,0.17332466,0.091403574,0.13
0.80362344,-15.88162,154,3100.0,0.6,15500.0,0.19109417,0.17330612,0.091488406,0.14
0.80381346,-13.107138,155,3120.0,0.65,15600.0,0.19113085,0.17326027,0.09146543,0.2
0.8039101,-19.175055,156,3140.0,0.3,15700.0,0.19114707,0.17313194,0.09143819,0.18
0.80400395,-13.929739,157,3160.0,0.6,15800.0,0.19115886,0.17315525,0.09152013,0.16
0.8041461,-11.382446,158,3180.0,0.65,15900.0,0.19115187,0.17320354,0.09154257,0.17
0.80433893,-14.318579,159,3200.0,0.55,16000.0,0.19114788,0.17317767,0.09164937,0.14
0.8043802,-15.125501,160,3220.0,0.5,16100.0,0.19115071,0.17310546,0.09161613,0.16
0.80449694,-15.264282,161,3240.0,0.6,16200.0,0.19116947,0.17309041,0.09163987,0.15
0.804626,-13.181932,162,3260.0,0.55,16300.0,0.19118643,0.17309743,0.091658026,0.16
0.8047125,-12.171418,163,3280.0,0.45,16400.0,0.19120994,0.1730843,0.09169917,0.2
0.8048145,-14.900409,164,3300.0,0.45,16500.0,0.19121306,0.17301315,0.091809705,0.15
0.8049502,-15.754921,165,3320.0,0.55,16600.0,0.1912355,0.17299497,0.09188142,0.13
0.8050532,-11.291129,166,3340.0,0.7,16700.0,0.19122906,0.17300844,0.09187862,0.13
0.8051343,-13.791295,167,3360.0,0.6,16800.0,0.19124077,0.17300147,0.09191003,0.16
0.8052915,-14.410739,168,3380.0,0.55,16900.0,0.19127381,0.17292862,0.0919324,0.26
0.8054216,-16.034977,169,3400.0,0.45,17000.0,0.19129719,0.17281394,0.091888696,0.22
0.80553627,-12.024386,170,3420.0,0.45,17100.0,0.19131123,0.17275363,0.09194432,0.13
0.8056466,-14.810727,171,3440.0,0.6,17200.0,0.19133045,0.17282552,0.09200058,0.17
0.80579495,-13.367798,172,3460.0,0.55,17300.0,0.1913337,0.17280143,0.09209332,0.22
0.80600303,-10.245087,173,3480.0,0.75,17400.0,0.19136083,0.17274944,0.09214487,0.13
0.806127,-14.031858,174,3500.0,0.45,17500.0,0.19137245,0.17271079,0.092175305,0.19
0.8062926,-12.731622,175,3520.0,0.6,17600.0,0.19136256,0.17266965,0.09220826,0.21
0.80634737,-11.586493,176,3540.0,0.35,17700.0,0.19136141,0.1725924,0.09222953,0.18
0.80639476,-13.810605,177,3560.0,0.65,17800.0,0.19137353,0.17249827,0.092333786,0.19
0.806521,-17.649092,178,3580.0,0.5,17900.0,0.19140123,0.17236805,0.09229393,0.19
0.8066438,-14.510782,179,3600.0,0.5,18000.0,0.1914111,0.17228584,0.09234402,0.17
0.8067374,-13.588544,180,3620.0,0.7,18100.0,0.19143577,0.1722643,0.09235191,0.16
0.8068858,-18.501396,181,3640.0,0.25,18200.0,0.19145428,0.1721798,0.092288464,0.15
0.80698746,-12.865782,182,3660.0,0.55,18300.0,0.1914878,0.17225093,0.092277735,0.18
0.80704474,-15.79217,183,3680.0,0.55,18400.0,0.19150183,0.17221695,0.09225757,0.22
0.807081,-15.44618,184,3700.0,0.6,18500.0,0.19152926,0.17234413,0.092318475,0.16
0.80712396,-12.330971,185,3720.0,0.7,18600.0,0.19154601,0.17228265,0.09229302,0.2
0.8072575,-13.50387,186,3740.0,0.6,18700.0,0.19156288,0.17224644,0.09222931,0.16
0.8073358,-15.2317095,187,3760.0,0.75,18800.0,0.19157271,0.17215465,0.092190415,0.22
0.8074954,-17.200981,188,3780.0,0.45,18900.0,0.19160219,0.1721885,0.09216723,0.21
0.80757326,-14.139369,189,3800.0,0.45,19000.0,0.19159383,0.1722083,0.09220119,0.21
0.8076215,-12.097179,190,3820.0,0.7,19100.0,0.19158624,0.17221944,0.092236444,0.14
0.8077497,-14.120318,191,3840.0,0.6,19200.0,0.19160855,0.17224789,0.09218997,0.16
0.8078759,-13.188774,192,3860.0,0.55,19300.0,0.19162129,0.17221268,0.09219939,0.15
0.80790347,-16.252104,193,3880.0,0.4,19400.0,0.19162428,0.17225218,0.092271544,0.14
0.80795926,-13.192575,194,3900.0,0.7,19500.0,0.19163808,0.17219229,0.09232888,0.16
0.807972,-16.787434,195,3920.0,0.45,19600.0,0.19163972,0.17229503,0.092371166,0.23
0.80799943,-12.81571,196,3940.0,0.7,19700.0,0.19163056,0.17227606,0.09234314,0.12
0.80803984,-14.22827,197,3960.0,0.6,19800.0,0.19164366,0.1722536,0.09229548,0.11
0.8080506,-11.911789,198,3980.0,0.6,19900.0,0.19163457,0.17225194,0.09234407,0.14
0.80806524,-12.110353,199,4000.0,0.55,20000.0,0.1916222,0.17228244,0.092456214,0.19
0.80813164,-12.921137,200,4020.0,0.65,20100.0,0.19162035,0.17225854,0.09246196,0.19
0.80817753,-14.410004,201,4040.0,0.45,20200.0,0.19163267,0.17221189,0.0924944,0.11
0.80822986,-16.30365,202,4060.0,0.25,20300.0,0.19162592,0.17215349,0.09253291,0.21
0.8082594,-13.724704,203,4080.0,0.55,20400.0,0.19162765,0.1721104,0.09248877,0.16
0.8083062,-12.363615,204,4100.0,0.4,20500.0,0.19164294,0.17213064,0.092505045,0.19
0.80836105,-18.652882,205,4120.0,0.15,20600.0,0.19164808,0.17214043,0.09253438,0.17
0.8084154,-11.582805,206,4140.0,0.5,20700.0,0.19168043,0.17220215,0.09256108,0.21
0.80847883,-12.421549,207,4160.0,0.5,20800.0,0.19169489,0.1721621,0.09255765,0.19
0.8084484,-18.321627,208,4180.0,0.2,20900.0,0.19169335,0.17220283,0.09257508,0.15
0.80849975,-18.161594,209,4200.0,0.25,21000.0,0.19168256,0.1722975,0.09262899,0.13
0.80851007,-13.010817,210,4220.0,0.5,21100.0,0.1916893,0.17228365,0.092632875,0.11
0.80852646,-17.442894,211,4240.0,0.2,21200.0,0.19169249,0.17232387,0.09266614,0.11
0.8084617,-16.057299,212,4260.0,0.35,21300.0,0.19168654,0.17237656,0.09270255,0.15
0.80855817,-14.719759,213,4280.0,0.5,21400.0,0.19171141,0.17236948,0.09276065,0.15
0.80865794,-18.477413,214,4300.0,0.35,21500.0,0.19171497,0.17243028,0.092753,0.17
0.80872554,-15.593341,215,4320.0,0.45,21600.0,0.19172333,0.17248265,0.09279138,0.18
0.8087952,-14.888245,216,4340.0,0.3,21700.0,0.19173409,0.17249095,0.092791855,0.26
0.8089187,-17.188658,217,4360.0,0.35,21800.0,0.19175139,0.17253248,0.09282201,0.18
0.8090224,-17.462173,218,4380.0,0.45,21900.0,0.19176294,0.17257436,0.09292162,0.16
0.8090832,-16.724705,219,4400.0,0.5,22000.0,0.191752,0.17256628,0.09291854,0.15
0.80919266,-15.123499,220,4420.0,0.6,22100.0,0.19175579,0.1725382,0.0929386,0.16
0.8091937,-11.078068,221,4440.0,0.6,22200.0,0.19174276,0.17254698,0.092903405,0.17
0.8092291,-12.9885845,222,4460.0,0.55,22300.0,0.1917369,0.17255445,0.092960805,0.13
0.80930465,-18.869762,223,4480.0,0.35,22400.0,0.19173159,0.17269194,0.09298001,0.12
0.8093814,-16.044268,224,4500.0,0.5,22500.0,0.19172487,0.17276496,0.092993155,0.13
0.8094206,-21.137514,225,4520.0,0.2,22600.0,0.1917149,0.17273605,0.09300085,0.06
0.80949324,-13.467356,226,4540.0,0.4,22700.0,0.19172285,0.1727758,0.09297978,0.12
0.8096201,-12.4418335,227,4560.0,0.65,22800.0,0.19173297,0.17275582,0.09294631,0.23
0.8096612,-11.502784,228,4580.0,0.7,22900.0,0.19173886,0.17283751,0.09291614,0.14
0.8096905,-12.033725,229,4600.0,0.7,23000.0,0.19173647,0.1728279,0.09291965,0.07
0.80977446,-15.541403,230,4620.0,0.3,23100.0,0.19173865,0.17271149,0.0929046,0.13
0.8098554,-12.248919,231,4640.0,0.7,23200.0,0.19174297,0.17270492,0.092925824,0.2
0.80982894,-15.470161,232,4660.0,0.35,23300.0,0.19173242,0.1727644,0.09298355,0.21
0.8098014,-10.073525,233,4680.0,0.7,23400.0,0.19171457,0.17285983,0.093103625,0.11
0.80989313,-11.018385,234,4700.0,0.45,23500.0,0.1917318,0.17286867,0.09311195,0.12
0.8098586,-13.1313505,235,4720.0,0.55,23600.0,0.19171655,0.17295627,0.09316495,0.19
0.8098969,-16.454302,236,4740.0,0.3,23700.0,0.19169067,0.17297058,0.09319803,0.1
0.80991054,-9.356121,237,4760.0,0.7,23800.0,0.19168977,0.17297782,0.09317758,0.11
0.8099423,-14.548413,238,4780.0,0.55,23900.0,0.19167635,0.17298372,0.09317825,0.17
0.8100355,-13.345976,239,4800.0,0.5,24000.0,0.19168256,0.173072,0.09319854,0.17
0.8100136,-12.338095,240,4820.0,0.55,24100.0,0.19165899,0.17304504,0.09320048,0.12
0.81003857,-11.532567,241,4840.0,0.85,24200.0,0.19166374,0.17299892,0.09320272,0.25
0.81005937,-11.084921,242,4860.0,0.5,24300.0,0.19165844,0.17293157,0.09316222,0.17
0.8101518,-16.272764,243,4880.0,0.4,24400.0,0.19165508,0.17287372,0.09313645,0.2
0.8102062,-10.112627,244,4900.0,0.65,24500.0,0.19164953,0.17277284,0.09307153,0.18
0.810277,-17.760664,245,4920.0,0.55,24600.0,0.19165216,0.17281924,0.09306952,0.2
0.810314,-18.397984,246,4940.0,0.25,24700.0,0.19164658,0.17273544,0.09301481,0.11
0.81031245,-12.741354,247,4960.0,0.6,24800.0,0.19162335,0.17274372,0.09304311,0.21
0.8103054,-12.710573,248,4980.0,0.65,24900.0,0.19160593,0.17281736,0.093047835,0.2
0.8103506,-16.93323,249,5000.0,0.45,25000.0,0.19159842,0.17282812,0.09305011,0.24
0.81042266,-16.1154,250,5020.0,0.3,25100.0,0.19160897,0.17278075,0.093026124,0.15
0.8104629,-16.231174,251,5040.0,0.5,25200.0,0.19159433,0.17277886,0.092987336,0.15
0.8104866,-17.951395,252,5060.0,0.35,25300.0,0.1915914,0.17276126,0.09301363,0.15
0.8105724,-15.2849865,253,5080.0,0.5,25400.0,0.19158584,0.17271583,0.09301648,0.14
0.8106466,-14.003606,254,5100.0,0.7,25500.0,0.19158214,0.1726916,0.09307103,0.09
0.8106747,-15.62767,255,5120.0,0.7,25600.0,0.19157887,0.17264819,0.09305759,0.17
0.81071025,-15.276693,256,5140.0,0.5,25700.0,0.1915788,0.17261803,0.09305827,0.17
0.81072855,-12.992353,257,5160.0,0.65,25800.0,0.19157827,0.17258012,0.09301013,0.17
0.81074244,-10.293929,258,5180.0,0.65,25900.0,0.1915785,0.17256881,0.093039505,0.1
0.81075007,-12.544839,259,5200.0,0.55,26000.0,0.1915718,0.17261712,0.093006656,0.14
0.81072515,-11.406732,260,5220.0,0.55,26100.0,0.19156103,0.17264658,0.09305535,0.27
0.8108072,-15.9065075,261,5240.0,0.45,26200.0,0.19157197,0.17270477,0.093023576,0.13
0.8107996,-13.66933,262,5260.0,0.55,26300.0,0.19157656,0.17273438,0.09303615,0.12
0.810867,-17.41679,263,5280.0,0.4,26400.0,0.19159162,0.17277001,0.09306467,0.14
0.81097895,-11.702997,264,5300.0,0.65,26500.0,0.19160351,0.17274882,0.0930247,0.13
0.8110595,-11.539767,265,5320.0,0.65,26600.0,0.19161229,0.17272033,0.09300058,0.2
0.8110936,-16.868683,266,5340.0,0.55,26700.0,0.19162776,0.17263807,0.09299695,0.28
0.811126,-13.163531,267,5360.0,0.55,26800.0,0.19161795,0.17262791,0.093017474,0.18
0.8111635,-15.661191,268,5380.0,0.7,26900.0,0.19163851,0.17259856,0.092995405,0.17
0.81118083,-13.352745,269,5400.0,0.65,27000.0,0.19164084,0.17257054,0.093010515,0.2
0.81115764,-12.438167,270,5420.0,0.6,27100.0,0.19164532,0.1725759,0.09300105,0.19
0.8112106,-10.922911,271,5440.0,0.75,27200.0,0.19167003,0.17262554,0.09299701,0.24
0.8112462,-13.032656,272,5460.0,0.7,27300.0,0.19167724,0.17261599,0.09297639,0.21
0.81128174,-18.773132,273,5480.0,0.4,27400.0,0.1916831,0.17265987,0.09300265,0.27
0.8112901,-7.964708,274,5500.0,0.8,27500.0,0.19170219,0.17269523,0.09301587,0.15
0.81139827,-15.085309,275,5520.0,0.45,27600.0,0.19172394,0.17262967,0.092998974,0.18
0.81142884,-14.85479,276,5540.0,0.55,27700.0,0.19173947,0.17261767,0.093010776,0.22
0.8114839,-13.672282,277,5560.0,0.5,27800.0,0.19176027,0.17264843,0.093002826,0.16
0.8115122,-10.754744,278,5580.0,0.7,27900.0,0.19178218,0.17261408,0.09306216,0.15
0.811495,-10.060408,279,5600.0,0.75,28000.0,0.19177389,0.17262667,0.093096085,0.15
0.8115604,-10.308748,280,5620.0,0.6,28100.0,0.19179693,0.17262006,0.09311108,0.17
0.81153876,-12.313319,281,5640.0,0.5,28200.0,0.19179371,0.17261367,0.09311997,0.18
0.8115967,-11.360248,282,5660.0,0.45,28300.0,0.19180822,0.1726213,0.09317582,0.13
0.8115818,-11.169295,283,5680.0,0.6,28400.0,0.19182055,0.1726561,0.093228675,0.2
0.8116243,-9.604952,284,5700.0,0.7,28500.0,0.19182749,0.17268205,0.09330596,0.19
0.81161195,-7.215184,285,5720.0,0.8,28600.0,0.19183873,0.17278695,0.09334439,0.17
0.8116369,-7.3548455,286,5740.0,0.5,28700.0,0.19184302,0.17290331,0.09343164,0.11
0.8116186,-10.571894,287,5760.0,0.55,28800.0,0.19184509,0.17297854,0.09346728,0.18
0.81167775,-9.910012,288,5780.0,0.4,28900.0,0.1918546,0.17306787,0.09354788,0.18
0.8117352,-8.570488,289,5800.0,0.6,29000.0,0.19186631,0.17303872,0.09359241,0.14
0.81182194,-8.681574,290,5820.0,0.55,29100.0,0.19189166,0.1730467,0.093584105,0.13
0.81193304,-12.073392,291,5840.0,0.2,29200.0,0.19191729,0.1730188,0.09359237,0.2
0.8119797,-14.3731365,292,5860.0,0.25,29300.0,0.19192284,0.173077,0.09360898,0.11
0.81198144,-11.433502,293,5880.0,0.4,29400.0,0.19193049,0.17316164,0.093633026,0.2
0.8120413,-12.564275,294,5900.0,0.4,29500.0,0.19193664,0.17316253,0.0936598,0.12
0.8120573,-13.241447,295,5920.0,0.45,29600.0,0.19194499,0.17314345,0.09366334,0.15
0.81212646,-10.31901,296,5940.0,0.55,29700.0,0.19196074,0.17312889,0.09367549,0.17
0.8121652,-11.62438,297,5960.0,0.7,29800.0,0.19198221,0.17313091,0.09366758,0.22
0.8122242,-14.003965,298,5980.0,0.45,29900.0,0.19200104,0.17315541,0.09367731,0.11
0.8122068,-11.695899,299,6000.0,0.65,30000.0,0.1920017,0.17318739,0.093714625,0.15
0.81219196,-16.677086,300,6020.0,0.35,30100.0,0.19200402,0.17316759,0.09375228,0.19
0.81220216,-11.236103,301,6040.0,0.65,30200.0,0.19200645,0.17325647,0.09382046,0.17
0.81223696,-11.529037,302,6060.0,0.7,30300.0,0.19201164,0.17328191,0.093835704,0.2
0.8122422,-12.316224,303,6080.0,0.65,30400.0,0.19202037,0.17328657,0.09385595,0.21
0.81229347,-15.208731,304,6100.0,0.6,30500.0,0.19202618,0.17328005,0.093835615,0.24
0.81233805,-18.27766,305,6120.0,0.2,30600.0,0.19203874,0.17337479,0.093867615,0.16
0.81236124,-14.472089,306,6140.0,0.6,30700.0,0.19203342,0.17350711,0.09398713,0.15
0.81238455,-8.9605,307,6160.0,0.75,30800.0,0.19201763,0.17358798,0.09404529,0.13
0.81240344,-18.745861,308,6180.0,0.3,30900.0,0.19202954,0.1736716,0.09408549,0.17
0.812434,-13.846422,309,6200.0,0.45,31000.0,0.1920329,0.17371659,0.094147354,0.17
0.8124628,-14.564181,310,6220.0,0.6,31100.0,0.19203958,0.17372747,0.09418541,0.2
0.81242627,-15.419592,311,6240.0,0.4,31200.0,0.19202505,0.17381747,0.09422619,0.19
0.8124339,-15.147406,312,6260.0,0.6,31300.0,0.19202457,0.17385192,0.09425726,0.17
0.8124485,-15.022585,313,6280.0,0.65,31400.0,0.19203594,0.17389323,0.094311915,0.23
0.81249315,-11.871298,314,6300.0,0.65,31500.0,0.1920455,0.17388175,0.0943184,0.22
0.8125132,-11.527764,315,6320.0,0.7,31600.0,0.19204485,0.17393772,0.094381094,0.2
0.8125245,-16.026318,316,6340.0,0.6,31700.0,0.19203871,0.17398818,0.09443559,0.16
0.81257886,-15.540886,317,6360.0,0.5,31800.0,0.19203848,0.1740491,0.094466105,0.21
0.81260866,-9.2349615,318,6380.0,0.7,31900.0,0.19204631,0.17408901,0.09448388,0.17
0.8126543,-14.322179,319,6400.0,0.5,32000.0,0.19205762,0.17404501,0.09445939,0.22
0.8126488,-12.142382,320,6420.0,0.45,32100.0,0.19206838,0.17406726,0.094461754,0.21
0.8126828,-13.981189,321,6440.0,0.55,32200.0,0.19207221,0.1740175,0.09448684,0.19
0.8127043,-17.801842,322,6460.0,0.35,32300.0,0.19207911,0.17398858,0.094480604,0.27
0.8127174,-14.423883,323,6480.0,0.55,32400.0,0.19209047,0.17404038,0.0945469,0.2
0.81277686,-12.189546,324,6500.0,0.7,32500.0,0.19209887,0.17405659,0.09455899,0.25
0.81283885,-17.362148,325,6520.0,0.4,32600.0,0.19210634,0.17405379,0.094566084,0.24
0.8128087,-14.823366,326,6540.0,0.55,32700.0,0.19210216,0.17405166,0.09457023,0.21
0.8128485,-9.790036,327,6560.0,0.65,32800.0,0.19210549,0.17406417,0.09461179,0.25
0.8128929,-11.348075,328,6580.0,0.6,32900.0,0.1921198,0.17403942,0.09464086,0.12
0.812907,-12.467955,329,6600.0,0.6,33000.0,0.19211917,0.17407292,0.09463826,0.25
0.8129254,-12.533888,330,6620.0,0.55,33100.0,0.1921203,0.17403948,0.09469804,0.17
0.8129608,-12.953276,331,6640.0,0.35,33200.0,0.19212212,0.17406903,0.09473355,0.14
0.812979,-9.805769,332,6660.0,0.6,33300.0,0.19212116,0.17409205,0.09481906,0.18
0.8130575,-10.043729,333,6680.0,0.4,33400.0,0.19212738,0.17414643,0.09485677,0.18
0.813118,-8.560623,334,6700.0,0.75,33500.0,0.19213164,0.17417924,0.09490763,0.19
0.8131611,-8.741621,335,6720.0,0.65,33600.0,0.19213289,0.17417414,0.094952144,0.21
0.81319094,-9.400765,336,6740.0,0.55,33700.0,0.19214012,0.17417479,0.09498092,0.26
0.8132102,-9.261911,337,6760.0,0.6,33800.0,0.19215487,0.17417216,0.095019095,0.2
0.8132377,-9.184901,338,6780.0,0.6,33900.0,0.19216585,0.17418563,0.095088094,0.25
0.8132958,-9.833854,339,6800.0,0.7,34000.0,0.19216706,0.1741698,0.09511812,0.23
0.8132703,-12.8778,340,6820.0,0.3,34100.0,0.19216628,0.17421114,0.09516943,0.2
0.8132839,-11.481222,341,6840.0,0.45,34200.0,0.19216798,0.17422402,0.09522572,0.2
0.8133139,-9.933134,342,6860.0,0.75,34300.0,0.1921653,0.17428511,0.09530276,0.24
0.8133163,-11.299455,343,6880.0,0.5,34400.0,0.19216225,0.17428793,0.095328666,0.18
0.8133149,-14.202078,344,6900.0,0.35,34500.0,0.19216637,0.17424233,0.09531773,0.21
0.8133672,-9.721073,345,6920.0,0.5,34600.0,0.19216788,0.17421782,0.09533513,0.16
0.8134284,-13.1486635,346,6940.0,0.45,34700.0,0.19216871,0.17426614,0.09534322,0.18
0.81345505,-8.201067,347,6960.0,0.65,34800.0,0.19216123,0.17428255,0.095364615,0.28
0.81345916,-10.862683,348,6980.0,0.65,34900.0,0.19216076,0.17433554,0.09545116,0.17
0.81347924,-12.962526,349,7000.0,0.6,35000.0,0.19216308,0.17437524,0.095465735,0.2
0.8135516,-10.42786,350,7020.0,0.7,35100.0,0.19217071,0.17440574,0.095462054,0.19
0.81361455,-12.443181,351,7040.0,0.6,35200.0,0.19217157,0.17435835,0.09545797,0.22
0.81362504,-10.861754,352,7060.0,0.55,35300.0,0.1921612,0.17435884,0.09546559,0.22
0.8136363,-10.618925,353,7080.0,0.75,35400.0,0.19215347,0.17437565,0.09548517,0.21
0.81363887,-9.492781,354,7100.0,0.75,35500.0,0.19213659,0.17448594,0.09552544,0.16
0.8136795,-12.663752,355,7120.0,0.5,35600.0,0.19214854,0.1744933,0.09555628,0.17
0.81371313,-10.287378,356,7140.0,0.6,35700.0,0.19215031,0.17448819,0.09557128,0.18
0.81375664,-13.689166,357,7160.0,0.4,35800.0,0.1921604,0.1744923,0.09560298,0.23
0.81378835,-13.461639,358,7180.0,0.5,35900.0,0.1921562,0.17447327,0.0956477,0.21
0.8138282,-12.5065565,359,7200.0,0.55,36000.0,0.1921688,0.1744708,0.09563342,0.19
0.8138006,-12.1557665,360,7220.0,0.6,36100.0,0.19217148,0.1745208,0.095683396,0.18
0.813875,-13.65583,361,7240.0,0.55,36200.0,0.19218335,0.17457034,0.095687225,0.13
0.81389624,-13.599078,362,7260.0,0.7,36300.0,0.19219689,0.17451471,0.09569314,0.21
0.8139682,-9.390876,363,7280.0,0.65,36400.0,0.19220062,0.17445533,0.09569339,0.15
0.8140035,-10.537184,364,7300.0,0.7,36500.0,0.19219863,0.1744204,0.095760085,0.23
0.8140233,-13.013568,365,7320.0,0.6,36600.0,0.19220713,0.17442113,0.09582761,0.19
0.814055,-11.7866335,366,7340.0,0.7,36700.0,0.19222178,0.1743988,0.09585063,0.26
0.8140568,-12.433897,367,7360.0,0.5,36800.0,0.19222389,0.17448686,0.095872395,0.21
0.81409097,-9.150398,368,7380.0,0.75,36900.0,0.19224077,0.17448331,0.0958787,0.12
0.81415397,-8.547209,369,7400.0,0.6,37000.0,0.19225223,0.17443107,0.09587899,0.18
0.81424314,-12.414195,370,7420.0,0.6,37100.0,0.19226629,0.17443271,0.09590667,0.15
0.8142617,-9.230029,371,7440.0,0.75,37200.0,0.19227909,0.1744445,0.09591593,0.18
0.8142937,-10.0771675,372,7460.0,0.55,37300.0,0.1922738,0.17449975,0.09594506,0.17
0.8143218,-12.03166,373,7480.0,0.6,37400.0,0.19227715,0.17455281,0.09596643,0.29
0.814373,-11.29167,374,7500.0,0.65,37500.0,0.19229083,0.17450853,0.09594693,0.17
0.81438977,-8.1717,375,7520.0,0.7,37600.0,0.19229992,0.17446172,0.09598731,0.21
0.8144014,-9.416745,376,7540.0,0.75,37700.0,0.1923042,0.17442672,0.0959785,0.19
0.8143783,-9.589109,377,7560.0,0.7,37800.0,0.19230187,0.1744443,0.096006386,0.24
0.8144531,-8.412257,378,7580.0,0.8,37900.0,0.19231796,0.17437835,0.09597622,0.19
0.8144601,-7.588591,379,7600.0,0.7,38000.0,0.19231723,0.17447548,0.096013874,0.26
0.81444186,-11.766229,380,7620.0,0.55,38100.0,0.19232504,0.17447202,0.096030645,0.26
0.8144633,-10.823511,381,7640.0,0.6,38200.0,0.19232984,0.17444463,0.09607141,0.29
0.814477,-14.024671,382,7660.0,0.45,38300.0,0.19233,0.17440486,0.09607762,0.24
0.8145213,-13.928398,383,7680.0,0.55,38400.0,0.19234112,0.1744258,0.096092045,0.21
0.81454176,-12.73629,384,7700.0,0.55,38500.0,0.1923369,0.17440383,0.09613288,0.2
0.8145587,-8.153391,385,7720.0,0.7,38600.0,0.19234866,0.17449017,0.096189454,0.2
0.81459117,-13.399727,386,7740.0,0.65,38700.0,0.19235851,0.17450096,0.09623828,0.18
0.81460494,-10.635212,387,7760.0,0.65,38800.0,0.19235654,0.17453854,0.096244335,0.19
0.8145902,-11.012186,388,7780.0,0.55,38900.0,0.19235027,0.17453597,0.096254244,0.18
0.81459266,-10.671726,389,7800.0,0.7,39000.0,0.1923536,0.17452556,0.09624858,0.23
0.81465477,-11.627479,390,7820.0,0.5,39100.0,0.19236694,0.17452322,0.09625742,0.22
0.8147258,-10.884981,391,7840.0,0.6,39200.0,0.19236754,0.17448497,0.09623781,0.21
0.8147797,-13.553986,392,7860.0,0.4,39300.0,0.19237605,0.17448787,0.09627574,0.2
0.8148132,-10.002587,393,7880.0,0.7,39400.0,0.1923736,0.17445396,0.09630664,0.21
0.8148481,-12.828178,394,7900.0,0.35,39500.0,0.19237593,0.17444396,0.09633055,0.16
0.81489587,-14.008955,395,7920.0,0.45,39600.0,0.19239153,0.17441754,0.0963244,0.19
0.81489414,-8.742773,396,7940.0,0.7,39700.0,0.19238588,0.17443061,0.096332595,0.27
0.81491065,-11.761635,397,7960.0,0.65,39800.0,0.19239208,0.174387,0.09632645,0.22
0.8149407,-9.719942,398,7980.0,0.7,39900.0,0.1924038,0.1743532,0.096322775,0.24
0.8149784,-14.263608,399,8000.0,0.45,40000.0,0.19241488,0.17432545,0.09631975,0.18
0.81496984,-12.570822,400,8020.0,0.55,40100.0,0.19241707,0.17437844,0.09633964,0.19
0.8150193,-9.830997,401,8040.0,0.7,40200.0,0.19242251,0.1743366,0.09632871,0.19
0.8150212,-13.185446,402,8060.0,0.65,40300.0,0.19242884,0.1743354,0.09631118,0.28
0.8150558,-8.598713,403,8080.0,0.55,40400.0,0.1924406,0.17429571,0.09631645,0.25
0.8151005,-13.8995695,404,8100.0,0.6,40500.0,0.19245224,0.17437546,0.09633719,0.18
0.8151292,-13.977858,405,8120.0,0.45,40600.0,0.19245797,0.17437911,0.096360914,0.29
0.81509215,-12.014829,406,8140.0,0.55,40700.0,0.19244869,0.17437883,0.09635043,0.3
0.8151486,-10.0699005,407,8160.0,0.75,40800.0,0.1924503,0.17433085,0.096356936,0.25
0.81517625,-11.3789,408,8180.0,0.75,40900.0,0.19244902,0.1743865,0.09638741,0.2
0.8152065,-10.083079,409,8200.0,0.6,41000.0,0.19244945,0.17442165,0.096421406,0.21
0.81524915,-9.279743,410,8220.0,0.75,41100.0,0.19244272,0.17448677,0.09646123,0.17
0.81527346,-10.854815,411,8240.0,0.65,41200.0,0.192445,0.17447829,0.096486636,0.17
0.81527954,-12.038022,412,8260.0,0.65,41300.0,0.1924485,0.17449649,0.09653659,0.22
0.81533414,-11.059073,413,8280.0,0.6,41400.0,0.1924514,0.17446889,0.09653108,0.24
0.8153766,-10.360754,414,8300.0,0.75,41500.0,0.19245237,0.17447555,0.09655156,0.09
0.81545204,-15.495783,415,8320.0,0.45,41600.0,0.19245106,0.17446649,0.09658634,0.13
0.8154843,-11.238501,416,8340.0,0.55,41700.0,0.19245426,0.1744427,0.0965843,0.28
0.8154776,-9.124758,417,8360.0,0.7,41800.0,0.19244467,0.17449324,0.09659957,0.21
0.81549597,-9.741119,418,8380.0,0.7,41900.0,0.1924488,0.17449433,0.09659627,0.16
0.8154981,-10.149102,419,8400.0,0.85,42000.0,0.19244473,0.17456561,0.09661549,0.13
0.8155596,-9.784111,420,8420.0,0.65,42100.0,0.19244237,0.1745586,0.09659287,0.26
0.81558317,-11.218615,421,8440.0,0.5,42200.0,0.1924406,0.17461067,0.09661991,0.22
0.81557703,-12.029542,422,8460.0,0.6,42300.0,0.19243358,0.17468746,0.0966369,0.24
0.81558704,-13.140376,423,8480.0,0.7,42400.0,0.19243151,0.1746497,0.09661267,0.27
0.81561524,-12.742491,424,8500.0,0.8,42500.0,0.19243519,0.17459597,0.09660462,0.21
0.8156596,-10.499793,425,8520.0,0.65,42600.0,0.19243635,0.174576,0.09660012,0.22
0.81568694,-12.231653,426,8540.0,0.5,42700.0,0.19243397,0.17454143,0.096578404,0.23
0.81571335,-14.617659,427,8560.0,0.4,42800.0,0.19243614,0.17453378,0.09659698,0.18
0.8157465,-14.043051,428,8580.0,0.4,42900.0,0.19243725,0.1745553,0.09662781,0.14
0.8157821,-12.18325,429,8600.0,0.7,43000.0,0.19243664,0.17453533,0.09664211,0.2
0.81580883,-9.4497,430,8620.0,0.65,43100.0,0.19243427,0.17463255,0.09670167,0.16
0.815808,-10.569671,431,8640.0,0.7,43200.0,0.19242477,0.17467391,0.09671466,0.17
0.8157789,-13.988965,432,8660.0,0.35,43300.0,0.19242115,0.17467046,0.09671436,0.27
0.8158118,-10.814498,433,8680.0,0.75,43400.0,0.19242033,0.17462522,0.09668954,0.18
0.8158122,-11.915048,434,8700.0,0.7,43500.0,0.19240801,0.17455478,0.09666108,0.23
0.81585956,-13.085689,435,8720.0,0.55,43600.0,0.19241184,0.17450093,0.09663422,0.25
0.81587195,-11.015164,436,8740.0,0.7,43700.0,0.19241291,0.17459494,0.096644916,0.22
0.8158608,-12.419246,437,8760.0,0.65,43800.0,0.19240484,0.17467467,0.096696064,0.12
0.8159073,-13.662188,438,8780.0,0.7,43900.0,0.19240542,0.17466293,0.09673074,0.15
0.8159533,-12.338523,439,8800.0,0.65,44000.0,0.19241165,0.17468935,0.09672935,0.15
0.8159422,-12.180911,440,8820.0,0.7,44100.0,0.1924015,0.17474829,0.09678312,0.22
0.8159277,-8.175585,441,8840.0,0.9,44200.0,0.1923913,0.17478408,0.09681718,0.13
0.8159406,-12.430313,442,8860.0,0.65,44300.0,0.19239557,0.17473632,0.09681718,0.19
0.8159954,-13.136625,443,8880.0,0.65,44400.0,0.19239515,0.17470823,0.096815355,0.26
0.81599885,-14.171438,444,8900.0,0.5,44500.0,0.19239968,0.17466028,0.09681125,0.29
0.8160102,-12.45293,445,8920.0,0.75,44600.0,0.19240694,0.1746154,0.096823566,0.26
0.81599385,-9.219859,446,8940.0,0.85,44700.0,0.19240364,0.17461757,0.09682809,0.17
0.8160062,-11.829346,447,8960.0,0.75,44800.0,0.19241086,0.17464598,0.096835285,0.21
0.81602496,-9.6530485,448,8980.0,0.7,44900.0,0.19240917,0.17466266,0.096873,0.26
0.81603783,-11.406667,449,9000.0,0.6,45000.0,0.19241682,0.1746773,0.09686679,0.24
0.816058,-10.584375,450,9020.0,0.6,45100.0,0.19242102,0.17462094,0.096889436,0.14
0.8160545,-11.715251,451,9040.0,0.7,45200.0,0.19242716,0.17461117,0.09690502,0.21
0.81605786,-11.672124,452,9060.0,0.75,45300.0,0.19243295,0.174641,0.096950404,0.19
0.8160483,-14.466272,453,9080.0,0.35,45400.0,0.19242945,0.17470516,0.09699061,0.14
0.81604713,-12.334897,454,9100.0,0.55,45500.0,0.19242746,0.17474188,0.09702535,0.21
0.8160328,-12.323782,455,9120.0,0.75,45600.0,0.19241443,0.1747214,0.0970381,0.26
0.8160333,-8.670114,456,9140.0,0.85,45700.0,0.19241756,0.17475037,0.09708241,0.22
0.8160464,-11.911106,457,9160.0,0.7,45800.0,0.19241318,0.1748119,0.09712577,0.19
0.81604093,-9.890684,458,9180.0,0.7,45900.0,0.19241107,0.17484295,0.097154,0.25
0.8160623,-11.414515,459,9200.0,0.6,46000.0,0.19241315,0.1749007,0.09719192,0.17
0.81608564,-9.850454,460,9220.0,0.65,46100.0,0.19241515,0.17491901,0.097212225,0.19
0.8161239,-7.53794,461,9240.0,0.85,46200.0,0.19242452,0.1748944,0.097236186,0.21
0.8161233,-8.173058,462,9260.0,0.85,46300.0,0.19241488,0.17488103,0.09725623,0.21
0.81614226,-11.00107,463,9280.0,0.75,46400.0,0.19241497,0.17501621,0.09725055,0.22
0.8161606,-8.429984,464,9300.0,0.75,46500.0,0.19242609,0.17510016,0.09726742,0.2
0.81619424,-8.6494465,465,9320.0,0.7,46600.0,0.19243549,0.17508845,0.09726701,0.21
0.81623477,-11.006761,466,9340.0,0.65,46700.0,0.19244228,0.17505687,0.09727679,0.23
0.81624246,-12.795435,467,9360.0,0.6,46800.0,0.19245166,0.17503183,0.097289994,0.3
0.81625646,-10.182048,468,9380.0,0.55,46900.0,0.1924467,0.17505895,0.097359076,0.19
0.81630784,-11.228037,469,9400.0,0.65,47000.0,0.19244866,0.17502938,0.09735438,0.28
0.81633466,-7.3767395,470,9420.0,0.85,47100.0,0.19245541,0.1750304,0.0973783,0.18
0.8163741,-9.596403,471,9440.0,0.7,47200.0,0.192466,0.17508705,0.097442254,0.14
0.8164162,-10.198435,472,9460.0,0.7,47300.0,0.19247547,0.17504041,0.09744683,0.11
0.8164454,-9.486946,473,9480.0,0.65,47400.0,0.19248907,0.17499273,0.09745164,0.3
0.8164916,-9.476925,474,9500.0,0.7,47500.0,0.19250092,0.17499651,0.097473785,0.22
0.8165016,-9.056419,475,9520.0,0.8,47600.0,0.19250368,0.17504871,0.09749461,0.18
0.81652427,-10.469895,476,9540.0,0.45,47700.0,0.19250679,0.17506771,0.09752174,0.27
0.8165409,-8.536931,477,9560.0,0.75,47800.0,0.19251671,0.17507564,0.09756364,0.17
0.8165707,-8.694563,478,9580.0,0.65,47900.0,0.192536,0.17508334,0.09759389,0.15
0.8166,-9.727022,479,9600.0,0.55,48000.0,0.19253704,0.17508404,0.097635366,0.18
0.816613,-6.0539956,480,9620.0,0.85,48100.0,0.19253992,0.17508477,0.09765142,0.19
0.81664115,-9.741222,481,9640.0,0.55,48200.0,0.1925379,0.17508452,0.09765317,0.23
0.81662685,-7.5023794,482,9660.0,0.75,48300.0,0.19253671,0.17514072,0.09770973,0.22
0.8166644,-15.377693,483,9680.0,0.35,48400.0,0.19253431,0.17520122,0.09779978,0.2
0.81669474,-10.986849,484,9700.0,0.35,48500.0,0.19253805,0.17517829,0.09783139,0.18
0.81669354,-10.658346,485,9720.0,0.4,48600.0,0.19254202,0.17519794,0.09785216,0.17
0.8167235,-7.7592497,486,9740.0,0.5,48700.0,0.19254485,0.17518966,0.09789898,0.1
0.81673366,-10.255098,487,9760.0,0.45,48800.0,0.19254945,0.17523563,0.09795938,0.21
0.8167538,-8.279205,488,9780.0,0.55,48900.0,0.19255324,0.17529146,0.09802362,0.18
0.81678504,-9.35934,489,9800.0,0.4,49000.0,0.19256346,0.1753032,0.09805787,0.14
0.8167989,-11.453083,490,9820.0,0.3,49100.0,0.19256563,0.17532955,0.09810851,0.17
0.8168497,-9.441228,491,9840.0,0.65,49200.0,0.19257334,0.17534418,0.09813203,0.16
0.816891,-12.698698,492,9860.0,0.5,49300.0,0.19257931,0.17533337,0.09813339,0.15
0.816878,-9.297506,493,9880.0,0.75,49400.0,0.19256428,0.17542021,0.098159015,0.28
0.8168905,-12.170421,494,9900.0,0.6,49500.0,0.19256723,0.17542827,0.098193124,0.16
0.8169179,-12.4473505,495,9920.0,0.55,49600.0,0.19256619,0.17543454,0.0982223,0.21
0.816945,-11.248298,496,9940.0,0.65,49700.0,0.19257377,0.1754386,0.098230354,0.14
0.81695884,-11.90398,497,9960.0,0.55,49800.0,0.1925762,0.17548467,0.09826724,0.17
0.8170101,-15.218477,498,9980.0,0.65,49900.0,0.19258577,0.17546797,0.098262675,0.15
0.81702965,-13.363153,499,10000.0,0.65,50000.0,0.19258405,0.17548221,0.098276354,0.15
0.8170159,-10.441348,500,10020.0,0.7,50100.0,0.19257602,0.17548303,0.09829023,0.2
0.8170147,-9.999098,501,10040.0,0.75,50200.0,0.19257483,0.17550541,0.09833305,0.19
0.8170031,-10.310669,502,10060.0,0.7,50300.0,0.192568,0.17554931,0.09834978,0.09
0.8170068,-9.320502,503,10080.0,0.75,50400.0,0.19255942,0.17558308,0.09841867,0.16
0.81703156,-14.783606,504,10100.0,0.55,50500.0,0.19255811,0.17554732,0.098424084,0.22
0.8170646,-11.745118,505,10120.0,0.6,50600.0,0.19256021,0.17550737,0.09841814,0.14
0.8170367,-12.946848,506,10140.0,0.45,50700.0,0.19255698,0.17553818,0.09847104,0.27
0.81704456,-13.014438,507,10160.0,0.6,50800.0,0.19255695,0.17555338,0.09847962,0.16
0.8170512,-10.6507845,508,10180.0,0.65,50900.0,0.19256042,0.1755373,0.09849802,0.21
0.81707174,-13.165337,509,10200.0,0.7,51000.0,0.19256897,0.17556751,0.09850522,0.2
0.817089,-10.689762,510,10220.0,0.6,51100.0,0.19257483,0.1755736,0.0985261,0.22
0.81712013,-10.000918,511,10240.0,0.75,51200.0,0.19257496,0.17555724,0.0985123,0.16
0.8171285,-13.419859,512,10260.0,0.65,51300.0,0.19257407,0.17552184,0.09852441,0.23
0.81712174,-10.997629,513,10280.0,0.65,51400.0,0.19257785,0.17554176,0.09855097,0.2
0.8171595,-11.484812,514,10300.0,0.7,51500.0,0.19258259,0.17552085,0.09855918,0.27
0.81717205,-10.655902,515,10320.0,0.75,51600.0,0.19257449,0.17558344,0.09859454,0.24
0.8171981,-10.591655,516,10340.0,0.75,51700.0,0.19257645,0.1755837,0.09858755,0.22
0.8172505,-12.028393,517,10360.0,0.75,51800.0,0.19258635,0.17558801,0.09859882,0.24
0.8172944,-11.308868,518,10380.0,0.8,51900.0,0.19258718,0.17559473,0.09859714,0.21
0.81731963,-12.124961,519,10400.0,0.8,52000.0,0.19258893,0.17562312,0.0986176,0.21
0.81735414,-11.736394,520,10420.0,0.7,52100.0,0.19259375,0.17561923,0.098629005,0.13
0.8173542,-12.460133,521,10440.0,0.75,52200.0,0.19258896,0.17562695,0.09863578,0.15
0.81734043,-9.651515,522,10460.0,0.85,52300.0,0.19258213,0.17571592,0.098662436,0.19
0.8173685,-11.802872,523,10480.0,0.7,52400.0,0.19258602,0.17574494,0.09865676,0.25
0.81739503,-14.227503,524,10500.0,0.55,52500.0,0.19258846,0.17575584,0.09866062,0.22
0.8174148,-10.995886,525,10520.0,0.75,52600.0,0.19259645,0.17581488,0.09868407,0.23
0.817432,-10.649276,526,10540.0,0.85,52700.0,0.19259575,0.17583412,0.09869804,0.14
0.81745386,-13.880246,527,10560.0,0.6,52800.0,0.19259478,0.17580144,0.09869066,0.22
0.8175234,-10.109823,528,10580.0,0.8,52900.0,0.1926002,0.17575629,0.09866483,0.18
0.8175518,-16.000618,529,10600.0,0.45,53000.0,0.19260208,0.17574133,0.098648176,0.25
0.8175644,-16.756685,530,10620.0,0.45,53100.0,0.19260792,0.17573373,0.09866012,0.18
0.8175609,-15.091005,531,10640.0,0.7,53200.0,0.19260092,0.17575406,0.098673165,0.22
0.8175629,-14.145434,532,10660.0,0.65,53300.0,0.19260556,0.17578404,0.098693304,0.21
0.81754833,-16.662916,533,10680.0,0.6,53400.0,0.19260225,0.17586406,0.09873902,0.19
0.8175252,-12.28438,534,10700.0,0.7,53500.0,0.19259496,0.17587404,0.098750465,0.24
0.817543,-13.3222685,535,10720.0,0.7,53600.0,0.1926003,0.1758721,0.09876458,0.29
0.81755954,-12.101501,536,10740.0,0.75,53700.0,0.19260885,0.17585425,0.09876955,0.23
0.81757194,-12.340759,537,10760.0,0.75,53800.0,0.1926146,0.17586851,0.09877582,0.18
0.81759137,-11.7006855,538,10780.0,0.7,53900.0,0.19261406,0.17589788,0.098803215,0.2
0.8176167,-12.653229,539,10800.0,0.5,54000.0,0.19262391,0.17590368,0.09880269,0.23
0.8176549,-11.876564,540,10820.0,0.7,54100.0,0.19262955,0.17585738,0.098788604,0.15
0.8176792,-13.883818,541,10840.0,0.8,54200.0,0.19263269,0.17587526,0.09882589,0.22
0.81770253,-11.739985,542,10860.0,0.7,54300.0,0.19263473,0.17593534,0.0988542,0.19
0.81772757,-9.943519,543,10880.0,0.75,54400.0,0.19264,0.17593987,0.0988593,0.21
0.8177257,-15.712522,544,10900.0,0.6,54500.0,0.19264004,0.17593129,0.09886918,0.3
0.81774205,-11.8505335,545,10920.0,0.65,54600.0,0.19264664,0.17594151,0.09886977,0.24
0.8177305,-9.79023,546,10940.0,0.85,54700.0,0.19264434,0.17601119,0.09890096,0.19
0.817729,-9.481862,547,10960.0,0.75,54800.0,0.19263634,0.17604007,0.098928414,0.16
0.81774217,-13.3118105,548,10980.0,0.6,54900.0,0.19262834,0.17610626,0.098956175,0.14
0.81772405,-10.758653,549,11000.0,0.65,55000.0,0.19261235,0.17613417,0.09896889,0.23
0.8177431,-10.501027,550,11020.0,0.75,55100.0,0.19261143,0.17611493,0.09897171,0.24
0.8177542,-8.6443205,551,11040.0,0.7,55200.0,0.19261092,0.1760785,0.09896793,0.16
0.8177077,-16.798582,552,11060.0,0.3,55300.0,0.19260545,0.17614456,0.09902987,0.13
0.8177376,-10.642543,553,11080.0,0.55,55400.0,0.1926145,0.17616226,0.09905859,0.23
0.81774944,-10.976871,554,11100.0,0.6,55500.0,0.19260727,0.17616723,0.099099696,0.18
0.81775594,-10.415318,555,11120.0,0.55,55600.0,0.19260606,0.17618628,0.099123545,0.15
0.81775874,-10.487069,556,11140.0,0.6,55700.0,0.19260092,0.17620455,0.09913679,0.16
0.8177807,-9.236899,557,11160.0,0.6,55800.0,0.19260365,0.17622201,0.09914016,0.17
0.817792,-13.1293,558,11180.0,0.55,55900.0,0.19259618,0.17623363,0.09913993,0.18
0.81783205,-10.503448,559,11200.0,0.7,56000.0,0.19260074,0.17621535,0.09914548,0.2
0.8178356,-12.509923,560,11220.0,0.6,56100.0,0.19260277,0.17618118,0.0991414,0.26
0.8177956,-12.384466,561,11240.0,0.55,56200.0,0.19259821,0.1762488,0.099157706,0.2
0.8177979,-12.076105,562,11260.0,0.6,56300.0,0.19260167,0.17627828,0.09917385,0.2
0.81781864,-9.462023,563,11280.0,0.65,56400.0,0.19260605,0.17632805,0.09917945,0.19
0.817861,-12.717654,564,11300.0,0.45,56500.0,0.19260687,0.17633764,0.09917838,0.21
0.81787086,-19.262539,565,11320.0,0.45,56600.0,0.19261546,0.17635144,0.099196024,0.21
0.817889,-13.344928,566,11340.0,0.55,56700.0,0.19261539,0.17635475,0.099215075,0.2
0.8178916,-12.03631,567,11360.0,0.6,56800.0,0.19261946,0.17640698,0.09922866,0.24
0.817909,-13.510763,568,11380.0,0.55,56900.0,0.192622,0.17643541,0.09925789,0.18
0.8179166,-13.929955,569,11400.0,0.55,57000.0,0.19262403,0.17649227,0.09929868,0.21
0.8179276,-15.9260435,570,11420.0,0.6,57100.0,0.1926307,0.17650287,0.09930867,0.2
0.8179484,-11.886241,571,11440.0,0.7,57200.0,0.19263834,0.17651504,0.09931512,0.24
0.8179803,-10.393892,572,11460.0,0.75,57300.0,0.19263688,0.17655635,0.09931823,0.22
0.81800896,-13.749524,573,11480.0,0.75,57400.0,0.19264099,0.1765079,0.09930276,0.25
0.81801003,-14.500659,574,11500.0,0.7,57500.0,0.19264704,0.17655492,0.09934932,0.21
0.8180516,-10.240282,575,11520.0,0.7,57600.0,0.19265248,0.17655085,0.09933751,0.25
0.8180614,-9.970876,576,11540.0,0.75,57700.0,0.19265652,0.17656545,0.09934822,0.27
0.818058,-13.457663,577,11560.0,0.75,57800.0,0.19264896,0.1765989,0.09935971,0.2
0.8180787,-11.3911,578,11580.0,0.65,57900.0,0.19265571,0.17661445,0.09937629,0.25
0.8181124,-9.446912,579,11600.0,0.9,58000.0,0.19266462,0.17658813,0.09937825,0.19
0.8181322,-10.119706,580,11620.0,0.7,58100.0,0.19266869,0.1765455,0.09935942,0.28
0.8181355,-9.504693,581,11640.0,0.7,58200.0,0.19267237,0.17658378,0.099364325,0.3
0.8181465,-9.351958,582,11660.0,0.6,58300.0,0.19267216,0.17663534,0.09938128,0.2
0.81815916,-12.0742235,583,11680.0,0.6,58400.0,0.19267008,0.1766345,0.09940341,0.21
0.8181949,-11.656263,584,11700.0,0.7,58500.0,0.19267762,0.1766475,0.09942607,0.17
0.818201,-12.161649,585,11720.0,0.4,58600.0,0.19267434,0.1766523,0.099427804,0.16
0.81824446,-10.746581,586,11740.0,0.65,58700.0,0.19267641,0.17665248,0.09942307,0.26
0.8182573,-11.250294,587,11760.0,0.85,58800.0,0.19267745,0.17666568,0.099429056,0.14
0.81824034,-9.639546,588,11780.0,0.65,58900.0,0.19267492,0.17671454,0.09943853,0.22
0.81823397,-8.790728,589,11800.0,0.65,59000.0,0.19266523,0.17680733,0.09946967,0.27
0.8182519,-13.504947,590,11820.0,0.65,59100.0,0.19267116,0.17687316,0.099470586,0.25
0.81825066,-10.390893,591,11840.0,0.7,59200.0,0.19267121,0.17687337,0.09947357,0.28
0.8182686,-10.304579,592,11860.0,0.65,59300.0,0.19267017,0.17685659,0.09946857,0.26
0.81828994,-9.773798,593,11880.0,0.8,59400.0,0.19267415,0.17687334,0.099490225,0.25
0.818305,-8.915657,594,11900.0,0.8,59500.0,0.192679,0.17688785,0.09950259,0.21
0.81831366,-11.030736,595,11920.0,0.6,59600.0,0.19268061,0.17691101,0.099520214,0.24
0.8183238,-10.245099,596,11940.0,0.8,59700.0,0.19268753,0.17692529,0.09954589,0.23
0.8183315,-11.132505,597,11960.0,0.6,59800.0,0.19269103,0.17692141,0.09954558,0.2
0.81833774,-8.789934,598,11980.0,0.6,59900.0,0.19269645,0.17687225,0.09954026,0.31
0.8183756,-7.7811065,599,12000.0,0.75,60000.0,0.19270128,0.17689689,0.09956095,0.2
0.81839895,-7.875524,600,12020.0,0.7,60100.0,0.1927027,0.1769367,0.0995671,0.12
0.81844854,-7.6586394,601,12040.0,0.9,60200.0,0.19271101,0.17690377,0.099564694,0.15
0.8184612,-10.495491,602,12060.0,0.8,60300.0,0.19271892,0.17689921,0.09957126,0.27
0.8184783,-10.618516,603,12080.0,0.55,60400.0,0.19272456,0.17688167,0.099570505,0.25
0.8185048,-8.57762,604,12100.0,0.65,60500.0,0.19272959,0.1768903,0.0995684,0.32
0.8185324,-11.870145,605,12120.0,0.55,60600.0,0.19274113,0.17690305,0.09959575,0.2
0.8185553,-9.51414,606,12140.0,0.6,60700.0,0.19274746,0.17686678,0.09958226,0.22
0.8185787,-7.9296937,607,12160.0,0.85,60800.0,0.19275202,0.17687596,0.099580586,0.29
0.8186047,-11.374773,608,12180.0,0.5,60900.0,0.19276471,0.17684816,0.09958231,0.24
0.8186124,-8.939121,609,12200.0,0.65,61000.0,0.19277169,0.17692447,0.099579,0.24
0.8186214,-7.7635627,610,12220.0,0.7,61100.0,0.19277567,0.17690368,0.09957763,0.15
0.8186341,-10.340016,611,12240.0,0.7,61200.0,0.192783,0.1768998,0.09957589,0.25
0.81866187,-9.701257,612,12260.0,0.75,61300.0,0.19279847,0.17691171,0.09958999,0.19
0.8186949,-7.9350557,613,12280.0,0.75,61400.0,0.19280511,0.17688537,0.09957631,0.21
0.8186682,-9.188736,614,12300.0,0.75,61500.0,0.19280173,0.17695548,0.09961137,0.19
0.8187013,-8.497103,615,12320.0,0.8,61600.0,0.19280766,0.17696558,0.09962011,0.2
0.8187251,-12.506014,616,12340.0,0.55,61700.0,0.1928124,0.1769849,0.0996404,0.15
0.8187763,-12.912687,617,12360.0,0.55,61800.0,0.19282565,0.17698121,0.09963748,0.13
0.8187557,-8.623525,618,12380.0,0.8,61900.0,0.19282873,0.17702545,0.099648885,0.19
0.81875944,-9.463586,619,12400.0,0.75,62000.0,0.1928265,0.17706285,0.099677674,0.23
0.81878155,-8.288057,620,12420.0,0.9,62100.0,0.19282745,0.17703962,0.09967461,0.17
0.8187714,-11.437912,621,12440.0,0.6,62200.0,0.19282524,0.17707741,0.09967374,0.17
0.8187755,-10.070955,622,12460.0,0.55,62300.0,0.19282846,0.17714877,0.09966775,0.19
0.8187763,-8.464322,623,12480.0,0.75,62400.0,0.19283167,0.17718649,0.09967801,0.18
0.81881434,-13.125025,624,12500.0,0.5,62500.0,0.19283935,0.17719106,0.09967782,0.25
0.8188157,-7.8458757,625,12520.0,0.65,62600.0,0.19283378,0.17722636,0.09969838,0.27
0.8188196,-12.271723,626,12540.0,0.6,62700.0,0.19284022,0.17724699,0.09974753,0.18
0.81882375,-11.56752,627,12560.0,0.6,62800.0,0.19283368,0.17729934,0.09980911,0.14
0.81881946,-8.466026,628,12580.0,0.65,62900.0,0.1928267,0.17727298,0.09982476,0.26
0.81884533,-9.525016,629,12600.0,0.7,63000.0,0.19282345,0.17727236,0.09982386,0.19
0.8188507,-8.83515,630,12620.0,0.8,63100.0,0.19281891,0.17728756,0.09982829,0.24
0.818868,-11.78513,631,12640.0,0.6,63200.0,0.19282123,0.1772774,0.099816695,0.17
0.8188905,-10.502032,632,12660.0,0.65,63300.0,0.19282362,0.17725247,0.09980761,0.28
0.8189249,-6.7146964,633,12680.0,0.8,63400.0,0.19283222,0.1772509,0.09982174,0.24
0.81894714,-11.6795,634,12700.0,0.75,63500.0,0.19284278,0.17729144,0.0998314,0.24
0.8189617,-11.202579,635,12720.0,0.6,63600.0,0.19284777,0.17730542,0.09984307,0.21
0.8189644,-10.310607,636,12740.0,0.7,63700.0,0.19284488,0.17728525,0.09983513,0.27
0.81897277,-9.136837,637,12760.0,0.8,63800.0,0.19284888,0.17733745,0.09985283,0.21
0.8189946,-9.460675,638,12780.0,0.8,63900.0,0.1928505,0.17732926,0.099847764,0.22
0.81904095,-13.043266,639,12800.0,0.55,64000.0,0.19285445,0.17734756,0.099834315,0.16
0.8190649,-10.783203,640,12820.0,0.65,64100.0,0.19285883,0.17733963,0.09983788,0.22
0.819081,-8.882392,641,12840.0,0.85,64200.0,0.19286218,0.17731868,0.09983474,0.24
0.81909615,-7.9321795,642,12860.0,0.85,64300.0,0.19286503,0.17731057,0.099821046,0.21
0.8191131,-7.7943687,643,12880.0,0.65,64400.0,0.19286385,0.17732084,0.099819124,0.26
0.81914824,-11.076981,644,12900.0,0.75,64500.0,0.19286987,0.1773404,0.09982123,0.22
0.81916904,-8.980581,645,12920.0,0.75,64600.0,0.1928745,0.1773907,0.09984363,0.21
0.81919193,-11.21519,646,12940.0,0.6,64700.0,0.19287747,0.17738621,0.09984261,0.18
0.81920046,-9.892044,647,12960.0,0.6,64800.0,0.19288439,0.17736603,0.09982577,0.22
0.81922024,-6.6435175,648,12980.0,0.85,64900.0,0.19289583,0.17737116,0.09982852,0.21
0.81921047,-10.782122,649,13000.0,0.55,65000.0,0.19289672,0.17741613,0.099834435,0.21
0.81921977,-11.763092,650,13020.0,0.5,65100.0,0.1928953,0.17741746,0.09985723,0.22
0.81924033,-10.962027,651,13040.0,0.7,65200.0,0.19289553,0.17739604,0.09986884,0.18
0.8192532,-11.790908,652,13060.0,0.6,65300.0,0.19290113,0.17739947,0.09986766,0.18
0.81926066,-9.094492,653,13080.0,0.7,65400.0,0.1929064,0.17739433,0.09986291,0.17
0.8192788,-11.473112,654,13100.0,0.65,65500.0,0.19290496,0.17737436,0.09986251,0.16
0.81927615,-11.062685,655,13120.0,0.55,65600.0,0.1929084,0.17736934,0.09989021,0.2
0.8192616,-10.633024,656,13140.0,0.45,65700.0,0.19291215,0.17739604,0.09990494,0.19
0.81926686,-10.591124,657,13160.0,0.6,65800.0,0.19291958,0.17738116,0.09989784,0.28
0.8192792,-8.113584,658,13180.0,0.7,65900.0,0.19292647,0.17739715,0.09989017,0.29
0.8192975,-9.895421,659,13200.0,0.7,66000.0,0.19292878,0.17742269,0.09988993,0.14
0.8193167,-11.232308,660,13220.0,0.6,66100.0,0.19293222,0.17745085,0.0999046,0.24
0.81932765,-11.349622,661,13240.0,0.6,66200.0,0.19293538,0.17748185,0.09991281,0.23
0.819345,-10.093748,662,13260.0,0.7,66300.0,0.1929483,0.1774803,0.0999166,0.22
0.819372,-10.693856,663,13280.0,0.55,66400.0,0.19296134,0.17748578,0.09991993,0.14
0.8193918,-10.755984,664,13300.0,0.7,66500.0,0.19296876,0.17747849,0.09990308,0.18
0.8194256,-11.7390785,665,13320.0,0.7,66600.0,0.19297962,0.17745441,0.099886835,0.19
0.8194429,-10.438257,666,13340.0,0.7,66700.0,0.19298862,0.17747785,0.09991737,0.17
0.81945753,-13.37193,667,13360.0,0.6,66800.0,0.19299343,0.17748155,0.09992599,0.2
0.81947595,-12.822533,668,13380.0,0.65,66900.0,0.19300106,0.17752664,0.09994504,0.2
0.81950885,-9.683409,669,13400.0,0.75,67000.0,0.19300617,0.17749327,0.09993968,0.21
0.81953317,-10.095218,670,13420.0,0.75,67100.0,0.19301116,0.17749846,0.09994592,0.22
0.81952363,-12.144749,671,13440.0,0.5,67200.0,0.19300883,0.17751111,0.099967316,0.19
0.8195403,-11.078796,672,13460.0,0.8,67300.0,0.19300857,0.17752053,0.099975474,0.17
0.8195537,-8.12732,673,13480.0,0.75,67400.0,0.1930001,0.17756641,0.10001565,0.21
0.8195507,-7.0464354,674,13500.0,0.9,67500.0,0.19299757,0.17759442,0.100041345,0.21
0.8195622,-7.0585303,675,13520.0,0.85,67600.0,0.19300747,0.177574,0.10004644,0.19
0.8195725,-14.548177,676,13540.0,0.55,67700.0,0.1930154,0.17758854,0.10006025,0.19
0.81954336,-10.051764,677,13560.0,0.75,67800.0,0.19300912,0.17763768,0.100092724,0.16
0.8195706,-13.597896,678,13580.0,0.35,67900.0,0.19301096,0.17761855,0.100090735,0.2
0.8195691,-10.423945,679,13600.0,0.6,68000.0,0.19301239,0.1776675,0.10012104,0.16
0.8195834,-10.941164,680,13620.0,0.5,68100.0,0.19301696,0.17767948,0.10015274,0.22
0.81960535,-13.837448,681,13640.0,0.5,68200.0,0.19302176,0.17767851,0.100168906,0.18
0.8196009,-8.407265,682,13660.0,0.7,68300.0,0.193023,0.17766051,0.100175254,0.19
0.8196122,-12.452793,683,13680.0,0.6,68400.0,0.19302341,0.17766434,0.100178346,0.21
0.8196144,-13.592072,684,13700.0,0.45,68500.0,0.19303063,0.17765994,0.1001954,0.23
0.81963605,-9.733937,685,13720.0,0.65,68600.0,0.19303167,0.17768939,0.10022483,0.13
0.81964904,-9.125929,686,13740.0,0.7,68700.0,0.19304137,0.17768519,0.10022759,0.2
0.81967133,-8.715175,687,13760.0,0.75,68800.0,0.19305725,0.17767619,0.10024354,0.18
0.81970257,-12.781809,688,13780.0,0.4,68900.0,0.19306673,0.17765431,0.10023947,0.17
0.81972224,-9.938861,689,13800.0,0.8,69000.0,0.1930769,0.17765062,0.10023731,0.17
0.8197202,-9.569396,690,13820.0,0.8,69100.0,0.19307354,0.17764626,0.10025617,0.11
0.8197587,-15.056836,691,13840.0,0.5,69200.0,0.19307286,0.17767306,0.100258894,0.17
0.81973904,-9.364012,692,13860.0,0.7,69300.0,0.19307384,0.17769913,0.10026602,0.23
0.8197432,-11.260535,693,13880.0,0.65,69400.0,0.19307552,0.177786,0.10027381,0.18
0.8197765,-10.6771755,694,13900.0,0.7,69500.0,0.19307959,0.17775734,0.10026454,0.22
0.8197964,-9.324683,695,13920.0,0.85,69600.0,0.19308402,0.1777422,0.10026376,0.25
0.8198013,-10.537812,696,13940.0,0.75,69700.0,0.19308867,0.17776866,0.10026786,0.33
0.8198061,-12.282173,697,13960.0,0.65,69800.0,0.19309016,0.17778021,0.10026424,0.22
0.81982404,-10.535584,698,13980.0,0.65,69900.0,0.1930948,0.17775233,0.10026433,0.21
0.8198194,-9.85924,699,14000.0,0.75,70000.0,0.19309583,0.17779106,0.10028009,0.19
0.81984085,-12.052351,700,14020.0,0.6,70100.0,0.19310245,0.1778161,0.10029584,0.23
0.81984264,-14.155373,701,14040.0,0.65,70200.0,0.19310054,0.1778242,0.10031176,0.25
0.8198533,-10.385448,702,14060.0,0.7,70300.0,0.19310741,0.17780535,0.10029639,0.27
0.81989264,-13.304579,703,14080.0,0.7,70400.0,0.19311589,0.1777885,0.100282334,0.24
0.81987953,-9.321711,704,14100.0,0.85,70500.0,0.19311298,0.17781137,0.10029261,0.22
0.81990933,-11.064473,705,14120.0,0.8,70600.0,0.1931158,0.17782569,0.10028838,0.26
0.8199191,-10.853403,706,14140.0,0.8,70700.0,0.193111,0.17783886,0.10031159,0.15
0.8199148,-11.156528,707,14160.0,0.6,70800.0,0.19310708,0.17786412,0.10034592,0.19
0.81991273,-10.620624,708,14180.0,0.65,70900.0,0.19311157,0.17785697,0.10035573,0.3
0.81993145,-11.604048,709,14200.0,0.7,71000.0,0.19311965,0.17784251,0.100368746,0.27
0.81994295,-8.841617,710,14220.0,0.75,71100.0,0.19312066,0.177828,0.100369215,0.16
0.81994313,-10.097052,711,14240.0,0.7,71200.0,0.19312161,0.17782225,0.100375675,0.17
0.81995726,-9.864916,712,14260.0,0.6,71300.0,0.1931252,0.17780675,0.10036826,0.16
0.8199677,-8.543679,713,14280.0,0.65,71400.0,0.19313027,0.1778221,0.10037281,0.13
0.81997204,-8.832594,714,14300.0,0.65,71500.0,0.19313547,0.17783149,0.10037052,0.27
0.81997424,-12.293289,715,14320.0,0.55,71600.0,0.19314104,0.17784171,0.10040089,0.17
0.8199885,-7.9139967,716,14340.0,0.6,71700.0,0.19314116,0.17787571,0.10042009,0.27
0.8199871,-9.435011,717,14360.0,0.75,71800.0,0.19314739,0.17788368,0.100445375,0.19
0.8199835,-14.535536,718,14380.0,0.55,71900.0,0.19315188,0.177878,0.10045293,0.21
0.8199819,-10.523913,719,14400.0,0.8,72000.0,0.19315243,0.17792314,0.100465104,0.17
0.81999356,-11.57725,720,14420.0,0.65,72100.0,0.19315429,0.17789441,0.10045657,0.19
0.819999,-8.967504,721,14440.0,0.75,72200.0,0.19315833,0.17790677,0.10046084,0.12
0.82000685,-11.065046,722,14460.0,0.75,72300.0,0.19315964,0.1779281,0.10047181,0.26
0.8200132,-10.698354,723,14480.0,0.75,72400.0,0.19316305,0.1779118,0.10046233,0.2
0.8199982,-10.4787855,724,14500.0,0.75,72500.0,0.19316235,0.1779408,0.100491144,0.19
0.820023,-8.253077,725,14520.0,0.9,72600.0,0.19316569,0.1779204,0.10048751,0.23
0.8200279,-11.958586,726,14540.0,0.6,72700.0,0.19316702,0.17791219,0.10049572,0.18
0.82004434,-12.353371,727,14560.0,0.7,72800.0,0.19316886,0.17790604,0.100503534,0.23
0.8200486,-9.993314,728,14580.0,0.75,72900.0,0.1931675,0.17788188,0.10050912,0.23
0.820086,-14.445665,729,14600.0,0.55,73000.0,0.19317758,0.17788322,0.10050691,0.21
0.8201061,-10.47664,730,14620.0,0.8,73100.0,0.19318302,0.17784363,0.10049018,0.22
0.82013106,-12.920656,731,14640.0,0.7,73200.0,0.19319087,0.17781956,0.1004844,0.29
0.820146,-12.455056,732,14660.0,0.6,73300.0,0.1931967,0.17783153,0.100477286,0.21
0.82016796,-7.8481956,733,14680.0,0.75,73400.0,0.19320385,0.17783116,0.100465976,0.28
0.82017344,-12.539862,734,14700.0,0.5,73500.0,0.19319946,0.17785083,0.10048688,0.2
0.8201812,-11.34085,735,14720.0,0.65,73600.0,0.1932072,0.17790073,0.100512005,0.23
0.82019544,-10.020962,736,14740.0,0.8,73700.0,0.19320732,0.17791428,0.10050467,0.23
0.82022905,-9.199673,737,14760.0,0.65,73800.0,0.1932178,0.17793266,0.10050456,0.19
0.8202529,-13.075543,738,14780.0,0.4,73900.0,0.1932227,0.17792445,0.1005132,0.16
0.82026774,-11.545378,739,14800.0,0.65,74000.0,0.19322945,0.17790197,0.10049466,0.22
0.8202744,-11.392682,740,14820.0,0.6,74100.0,0.19323774,0.17788489,0.100478165,0.17
0.8202811,-13.553004,741,14840.0,0.75,74200.0,0.19324248,0.17788935,0.100471735,0.2
0.8203032,-14.067888,742,14860.0,0.4,74300.0,0.19324635,0.17788969,0.10046238,0.24
0.8203077,-8.005799,743,14880.0,0.7,74400.0,0.19324583,0.17789018,0.10047402,0.2
0.8203165,-8.511766,744,14900.0,0.9,74500.0,0.19324699,0.17792468,0.10046874,0.22
0.8203493,-9.979106,745,14920.0,0.7,74600.0,0.19325316,0.17790622,0.10045794,0.2
0.8203698,-12.734554,746,14940.0,0.55,74700.0,0.19326006,0.17789079,0.100457676,0.16
0.820388,-14.554369,747,14960.0,0.55,74800.0,0.1932661,0.1778992,0.10045924,0.14
0.8204221,-10.658884,748,14980.0,0.65,74900.0,0.19327402,0.17788136,0.10044957,0.2
0.8204394,-11.037533,749,15000.0,0.5,75000.0,0.1932816,0.17787147,0.10046335,0.19
0.820451,-9.0941515,750,15020.0,0.7,75100.0,0.19328035,0.17790323,0.10048004,0.18
0.82045674,-11.265683,751,15040.0,0.55,75200.0,0.19327708,0.17788441,0.10047079,0.27
0.8204548,-11.342914,752,15060.0,0.75,75300.0,0.1932707,0.17788595,0.10047643,0.23
0.8204598,-8.970815,753,15080.0,0.8,75400.0,0.19327354,0.17786227,0.10046022,0.22
0.82046056,-9.433796,754,15100.0,0.85,75500.0,0.1932709,0.17786796,0.100456476,0.17
0.820481,-12.628667,755,15120.0,0.6,75600.0,0.19327141,0.1778562,0.100464754,0.16
0.8204965,-10.769159,756,15140.0,0.6,75700.0,0.19327423,0.17785774,0.10046902,0.21
0.82050896,-7.690959,757,15160.0,0.8,75800.0,0.1932787,0.17783014,0.10046684,0.24
0.82051235,-9.948427,758,15180.0,0.7,75900.0,0.19327912,0.17785794,0.100495785,0.22
0.82052237,-9.9956255,759,15200.0,0.65,76000.0,0.19327764,0.17784603,0.10049922,0.17
0.8205268,-7.7907553,760,15220.0,0.45,76100.0,0.1932766,0.17782609,0.10049712,0.23
0.82055074,-6.6932554,761,15240.0,0.7,76200.0,0.19327973,0.17782962,0.10049768,0.24
0.8205767,-8.388627,762,15260.0,0.55,76300.0,0.19328256,0.17781854,0.10050294,0.26
0.8206118,-10.417463,763,15280.0,0.4,76400.0,0.19328798,0.17781216,0.10051993,0.15
0.82063454,-9.890669,764,15300.0,0.55,76500.0,0.19329357,0.17781703,0.10054316,0.33
0.82064295,-8.903061,765,15320.0,0.5,76600.0,0.19329207,0.1778267,0.10055177,0.21
0.8206682,-9.556414,766,15340.0,0.7,76700.0,0.19328858,0.17782706,0.10056764,0.24
0.82064945,-11.831663,767,15360.0,0.6,76800.0,0.1932832,0.1778477,0.10057437,0.27
0.82064825,-8.402926,768,15380.0,0.75,76900.0,0.19328265,0.17784415,0.10056615,0.26
0.82066303,-10.17822,769,15400.0,0.55,77000.0,0.19328676,0.17782098,0.10055685,0.16
0.8206497,-11.499682,770,15420.0,0.8,77100.0,0.19328855,0.17782934,0.10056864,0.2
0.82065225,-10.115885,771,15440.0,0.6,77200.0,0.19329423,0.17782848,0.10058614,0.29
0.82066077,-10.838405,772,15460.0,0.65,77300.0,0.19329743,0.17782624,0.10059367,0.17
0.82064444,-8.067236,773,15480.0,0.55,77400.0,0.19329655,0.17783917,0.10059009,0.24
0.8206566,-11.710638,774,15500.0,0.35,77500.0,0.19330037,0.17782485,0.10059318,0.22
0.82067513,-11.843606,775,15520.0,0.75,77600.0,0.19329949,0.17781802,0.10060163,0.16
0.8206837,-9.076899,776,15540.0,0.65,77700.0,0.19330077,0.17783546,0.10060683,0.18
0.8207061,-9.011751,777,15560.0,0.75,77800.0,0.1933063,0.17786628,0.10062691,0.28
0.8206968,-11.889316,778,15580.0,0.45,77900.0,0.19329917,0.1778685,0.10063995,0.23
0.82069516,-8.012138,779,15600.0,0.75,78000.0,0.19329843,0.1778822,0.10065456,0.22
0.8206945,-15.362597,780,15620.0,0.4,78100.0,0.19330044,0.17792971,0.10067641,0.22
0.82069945,-8.297498,781,15640.0,0.55,78200.0,0.19330466,0.17792101,0.10067714,0.17
0.82072,-12.371312,782,15660.0,0.55,78300.0,0.19330412,0.17790602,0.10066785,0.24
0.820739,-9.303479,783,15680.0,0.8,78400.0,0.19330081,0.17791261,0.100671984,0.16
0.82076246,-11.504316,784,15700.0,0.55,78500.0,0.19330555,0.17791133,0.100690946,0.19
0.82076484,-11.522504,785,15720.0,0.6,78600.0,0.19330402,0.17790557,0.100692004,0.25
0.8207651,-9.610292,786,15740.0,0.6,78700.0,0.19330177,0.17791902,0.100707196,0.21
0.82077813,-8.471724,787,15760.0,0.45,78800.0,0.19330727,0.1778891,0.10070567,0.19
0.820787,-13.677954,788,15780.0,0.35,78900.0,0.19331218,0.17790402,0.100705154,0.21
0.82080966,-10.088315,789,15800.0,0.75,79000.0,0.19331667,0.17787634,0.100699924,0.19
0.8208284,-8.34571,790,15820.0,0.6,79100.0,0.1933227,0.1778763,0.100713246,0.22
0.8208367,-9.270036,791,15840.0,0.7,79200.0,0.19332439,0.17787963,0.10072341,0.21
0.8208566,-9.760622,792,15860.0,0.55,79300.0,0.1933237,0.17788643,0.100768425,0.15
0.8208847,-11.238044,793,15880.0,0.6,79400.0,0.19332561,0.17789407,0.1007978,0.16
0.8208961,-9.1004925,794,15900.0,0.75,79500.0,0.19333,0.17789012,0.10082254,0.21
0.8209221,-8.89915,795,15920.0,0.7,79600.0,0.19333,0.17788176,0.10083642,0.21
0.8209364,-12.291582,796,15940.0,0.35,79700.0,0.19332933,0.17789495,0.10086049,0.23
0.82094556,-9.002726,797,15960.0,0.7,79800.0,0.1933272,0.17786348,0.10086259,0.22
0.82095337,-10.836186,798,15980.0,0.55,79900.0,0.19332731,0.17790894,0.10088727,0.27
0.8209524,-9.401294,799,16000.0,0.4,80000.0,0.19332604,0.1779202,0.100899175,0.26
0.8209598,-8.4801445,800,16020.0,0.6,80100.0,0.19332993,0.17791422,0.10091247,0.19
0.82098716,-10.144145,801,16040.0,0.85,80200.0,0.19332418,0.17791544,0.100921266,0.14
0.82099503,-11.235019,802,16060.0,0.45,80300.0,0.19332817,0.17791347,0.10092864,0.21
0.82101375,-10.472657,803,16080.0,0.7,80400.0,0.19333106,0.17788099,0.1009344,0.14
0.8210252,-6.9460464,804,16100.0,0.9,80500.0,0.19332962,0.17787008,0.100943215,0.19
0.82103056,-14.050695,805,16120.0,0.4,80600.0,0.19332755,0.17791952,0.10096131,0.18
0.82101846,-10.461142,806,16140.0,0.6,80700.0,0.19332795,0.17797725,0.10101515,0.24
0.8210214,-9.532401,807,16160.0,0.65,80800.0,0.19332777,0.17799099,0.10101845,0.19
0.8210353,-14.236468,808,16180.0,0.55,80900.0,0.19333142,0.1779954,0.101035334,0.34
0.82104105,-12.601137,809,16200.0,0.6,81000.0,0.1933268,0.17800492,0.10102658,0.21
0.8210497,-9.477137,810,16220.0,0.75,81100.0,0.1933257,0.17805457,0.101049766,0.16
0.8210721,-11.888926,811,16240.0,0.6,81200.0,0.19332428,0.17806713,0.10106185,0.2
0.82109207,-12.919579,812,16260.0,0.5,81300.0,0.19331998,0.17805368,0.10105674,0.18
0.821114,-11.096042,813,16280.0,0.6,81400.0,0.19332294,0.17804815,0.10105402,0.19
0.8211096,-11.914255,814,16300.0,0.6,81500.0,0.19332172,0.17809631,0.10108068,0.19
0.8211131,-13.441419,815,16320.0,0.6,81600.0,0.19332151,0.17810853,0.10108168,0.23
0.8211073,-9.358557,816,16340.0,0.8,81700.0,0.19331734,0.1781259,0.10109065,0.24
0.8211067,-7.7782145,817,16360.0,0.8,81800.0,0.19331743,0.17814176,0.10109606,0.2
0.82108456,-9.424367,818,16380.0,0.75,81900.0,0.19331516,0.1781741,0.10108623,0.18
0.82108575,-9.94322,819,16400.0,0.8,82000.0,0.19331291,0.17818414,0.10108974,0.25
0.8210981,-13.995169,820,16420.0,0.45,82100.0,0.19330706,0.17816786,0.101090536,0.2
0.8211104,-9.080221,821,16440.0,0.9,82200.0,0.19330427,0.17816508,0.10109704,0.19
0.8210993,-10.624238,822,16460.0,0.8,82300.0,0.19330004,0.17818306,0.10112479,0.2
0.8211093,-15.57163,823,16480.0,0.55,82400.0,0.19330221,0.17816477,0.10111638,0.22
0.8211093,-11.738423,824,16500.0,0.65,82500.0,0.19329679,0.17817153,0.1011235,0.24
0.82110095,-12.195559,825,16520.0,0.7,82600.0,0.19329216,0.17819633,0.101118214,0.22
0.82110137,-13.4185505,826,16540.0,0.45,82700.0,0.19329023,0.17821783,0.10113437,0.23
0.8211215,-14.618025,827,16560.0,0.45,82800.0,0.1932909,0.17823653,0.10113874,0.17
0.8211441,-10.189137,828,16580.0,0.65,82900.0,0.19329233,0.17823754,0.10113829,0.23
0.82116103,-7.6902742,829,16600.0,0.8,83000.0,0.1932971,0.17822957,0.1011477,0.22
0.82115203,-10.484999,830,16620.0,0.75,83100.0,0.19329609,0.17823009,0.10115285,0.26
0.82115793,-10.747296,831,16640.0,0.6,83200.0,0.19329397,0.17823003,0.10115977,0.19
0.82117367,-10.956527,832,16660.0,0.7,83300.0,0.19329788,0.17822568,0.10118293,0.25
0.82116294,-8.967962,833,16680.0,0.65,83400.0,0.19329748,0.17824507,0.10120576,0.22
0.8211625,-8.26264,834,16700.0,0.7,83500.0,0.19329785,0.17825513,0.101216204,0.3
0.8211703,-11.385145,835,16720.0,0.35,83600.0,0.19329798,0.1782691,0.10121825,0.28
0.82119244,-9.502606,836,16740.0,0.65,83700.0,0.19329986,0.17826848,0.10122518,0.18
0.82120436,-10.810251,837,16760.0,0.5,83800.0,0.19330433,0.1782729,0.10122672,0.2
0.8212251,-9.711726,838,16780.0,0.45,83900.0,0.19330792,0.17823763,0.10120394,0.24
0.8212282,-10.327087,839,16800.0,0.6,84000.0,0.19330686,0.17825861,0.10122234,0.18
0.8212323,-8.361696,840,16820.0,0.75,84100.0,0.19331059,0.17826186,0.101228915,0.26
0.8212495,-10.501951,841,16840.0,0.85,84200.0,0.19331034,0.17827086,0.10124499,0.19
0.8212679,-7.58977,842,16860.0,0.7,84300.0,0.19331351,0.17827891,0.101247765,0.22
0.82124376,-11.462238,843,16880.0,0.6,84400.0,0.19331494,0.178297,0.10126153,0.19
0.8212519,-10.322969,844,16900.0,0.6,84500.0,0.19331448,0.17829381,0.10124837,0.15
0.82124454,-7.9620833,845,16920.0,0.85,84600.0,0.19331056,0.17830674,0.101237096,0.29
0.8212431,-13.034033,846,16940.0,0.75,84700.0,0.19331108,0.17833321,0.101261556,0.26
0.8212488,-13.061943,847,16960.0,0.7,84800.0,0.1933144,0.17835236,0.101275474,0.15
0.82124734,-11.383425,848,16980.0,0.7,84900.0,0.19331107,0.17835289,0.10127833,0.3
0.8212381,-11.084231,849,17000.0,0.65,85000.0,0.19331062,0.17834468,0.10128699,0.14
0.82126075,-9.487886,850,17020.0,0.75,85100.0,0.1933077,0.17836617,0.101291485,0.23
0.82126635,-10.966884,851,17040.0,0.65,85200.0,0.19330609,0.17835803,0.101284444,0.17
0.82126766,-9.534382,852,17060.0,0.6,85300.0,0.19330458,0.17836101,0.10128669,0.18
0.82127523,-9.58883,853,17080.0,0.85,85400.0,0.19330473,0.17838909,0.10129517,0.24
0.8212833,-9.792159,854,17100.0,0.75,85500.0,0.1933051,0.17838846,0.10129308,0.24
0.82127327,-10.456792,855,17120.0,0.5,85600.0,0.19330119,0.17840892,0.10129393,0.25
0.8212854,-10.652547,856,17140.0,0.7,85700.0,0.19330496,0.17840104,0.10129838,0.2
0.8212939,-11.777295,857,17160.0,0.55,85800.0,0.19330633,0.17841463,0.10130702,0.23
0.821295,-10.124474,858,17180.0,0.8,85900.0,0.19330122,0.17843167,0.10132417,0.24
0.82130677,-9.827912,859,17200.0,0.7,86000.0,0.19330254,0.1784472,0.10131998,0.16
0.82131404,-9.994504,860,17220.0,0.7,86100.0,0.19330402,0.17844115,0.10131349,0.28
0.82131773,-11.837183,861,17240.0,0.6,86200.0,0.1933002,0.17847674,0.10131838,0.18
0.82132024,-10.59954,862,17260.0,0.9,86300.0,0.19329596,0.17849886,0.10132486,0.21
0.8213224,-12.044192,863,17280.0,0.6,86400.0,0.19329846,0.1785384,0.1013469,0.21
0.82132846,-12.149757,864,17300.0,0.55,86500.0,0.1933008,0.17853339,0.10134555,0.26
0.82133037,-10.790154,865,17320.0,0.65,86600.0,0.19330168,0.17853151,0.10134401,0.23
0.82131046,-10.193289,866,17340.0,0.7,86700.0,0.19329691,0.17857474,0.10136384,0.17
0.8213256,-11.534732,867,17360.0,0.6,86800.0,0.19329649,0.17858978,0.10136441,0.22
0.8213447,-8.240591,868,17380.0,0.9,86900.0,0.19329661,0.17860158,0.10136843,0.21
0.82133156,-10.881823,869,17400.0,0.75,87000.0,0.19328848,0.17863311,0.10137769,0.2
0.82134193,-9.418364,870,17420.0,0.55,87100.0,0.19328733,0.1786235,0.101367444,0.25
0.82134646,-11.484087,871,17440.0,0.8,87200.0,0.19329153,0.17864214,0.101388976,0.2
0.8213468,-12.530233,872,17460.0,0.65,87300.0,0.19328837,0.17865868,0.10139012,0.22
0.8213398,-9.51005,873,17480.0,0.85,87400.0,0.19328827,0.17867851,0.10140748,0.19
0.8213482,-10.799552,874,17500.0,0.8,87500.0,0.19329223,0.17866243,0.1013902,0.23
0.82135445,-10.104221,875,17520.0,0.7,87600.0,0.19329366,0.17866307,0.10139099,0.23
0.8213684,-8.164034,876,17540.0,0.85,87700.0,0.19329743,0.17865165,0.10138835,0.22
0.82136124,-13.565172,877,17560.0,0.5,87800.0,0.19329295,0.1786684,0.101398975,0.24
0.8213782,-9.5024395,878,17580.0,0.85,87900.0,0.19329357,0.17869414,0.10140899,0.24
0.82136685,-9.083538,879,17600.0,0.7,88000.0,0.1932918,0.17872272,0.101428404,0.25
0.82135653,-8.624399,880,17620.0,0.7,88100.0,0.19328634,0.1787855,0.101458855,0.18
0.8213311,-12.806452,881,17640.0,0.4,88200.0,0.19328098,0.17880253,0.10147501,0.21
0.821331,-11.52093,882,17660.0,0.4,88300.0,0.1932753,0.17881958,0.10150238,0.13
0.82130986,-12.552313,883,17680.0,0.4,88400.0,0.1932689,0.17883746,0.10153807,0.16
0.8212909,-11.276088,884,17700.0,0.45,88500.0,0.19325651,0.17889325,0.101564266,0.08
0.8212549,-8.542598,885,17720.0,0.75,88600.0,0.1932461,0.17893447,0.10156024,0.15
0.82123965,-8.582958,886,17740.0,0.5,88700.0,0.19324002,0.17895675,0.10157234,0.23
0.82123375,-9.22764,887,17760.0,0.6,88800.0,0.19323596,0.17898154,0.10157462,0.21
0.8212185,-11.700037,888,17780.0,0.5,88900.0,0.19322504,0.17902155,0.10159943,0.2
0.82120305,-10.867473,889,17800.0,0.55,89000.0,0.19322039,0.17903654,0.101599455,0.11
0.8211794,-13.499298,890,17820.0,0.45,89100.0,0.19320956,0.17909473,0.10163186,0.15
0.82116574,-11.732758,891,17840.0,0.5,89200.0,0.19320275,0.17909293,0.10164163,0.24
0.82114893,-8.293471,892,17860.0,0.65,89300.0,0.19319399,0.17911506,0.10167388,0.19
0.8211503,-12.027583,893,17880.0,0.4,89400.0,0.19319434,0.17912467,0.101662494,0.23
0.82115203,-13.250946,894,17900.0,0.5,89500.0,0.19319083,0.1791399,0.101652,0.2
0.8211234,-11.8009815,895,17920.0,0.45,89600.0,0.19318914,0.1791476,0.101655,0.16
0.82109684,-14.833315,896,17940.0,0.55,89700.0,0.19318122,0.17919047,0.10167047,0.16
0.8210855,-9.269186,897,17960.0,0.7,89800.0,0.19317514,0.17920853,0.10167033,0.24
0.8210909,-13.863872,898,17980.0,0.5,89900.0,0.1931715,0.17920806,0.101676434,0.27
0.82110333,-9.808741,899,18000.0,0.7,90000.0,0.19317318,0.17921531,0.10167928,0.21
0.8210967,-10.673424,900,18020.0,0.6,90100.0,0.19316834,0.1792695,0.101695396,0.22
0.8211034,-8.895055,901,18040.0,0.8,90200.0,0.19316679,0.17927825,0.10169925,0.23
0.8210883,-13.460933,902,18060.0,0.6,90300.0,0.19316183,0.17930484,0.10171193,0.28
0.8210985,-11.22459,903,18080.0,0.6,90400.0,0.19316141,0.17930542,0.101711586,0.29
0.8211039,-9.119666,904,18100.0,0.95,90500.0,0.19316044,0.17930214,0.10170106,0.21
0.82110685,-13.244311,905,18120.0,0.5,90600.0,0.19315585,0.1793021,0.101696454,0.27
0.82109946,-14.141103,906,18140.0,0.6,90700.0,0.19314535,0.17929327,0.10171155,0.25
0.8211083,-12.530045,907,18160.0,0.45,90800.0,0.19314714,0.17931382,0.10171316,0.21
0.82112974,-13.507251,908,18180.0,0.7,90900.0,0.1931519,0.17931141,0.10170928,0.23
0.82114035,-14.863192,909,18200.0,0.35,91000.0,0.19315295,0.17930506,0.10170726,0.21
0.82114047,-12.210266,910,18220.0,0.65,91100.0,0.19315374,0.17933397,0.101727955,0.21
0.8211527,-10.916855,911,18240.0,0.5,91200.0,0.19315527,0.17934103,0.10172046,0.26
0.82113695,-10.316292,912,18260.0,0.75,91300.0,0.19315188,0.17936026,0.101723015,0.23
0.8211508,-9.923964,913,18280.0,0.7,91400.0,0.19315189,0.17938493,0.101741426,0.2
0.8211431,-10.009271,914,18300.0,0.75,91500.0,0.19315018,0.17940865,0.101739705,0.24
0.82114583,-11.37623,915,18320.0,0.65,91600.0,0.19315104,0.17942,0.10174304,0.3
0.82114863,-9.225267,916,18340.0,0.7,91700.0,0.1931459,0.17940192,0.10175324,0.23
0.8211625,-8.970228,917,18360.0,0.9,91800.0,0.1931461,0.17939188,0.10174639,0.21
0.8211684,-12.344493,918,18380.0,0.7,91900.0,0.19314478,0.17937493,0.10173229,0.23
0.82117486,-8.84411,919,18400.0,0.75,92000.0,0.19314568,0.17938904,0.1017434,0.23
0.8212058,-8.360276,920,18420.0,0.8,92100.0,0.19314696,0.17939092,0.101742394,0.21
0.82118654,-11.080953,921,18440.0,0.8,92200.0,0.1931459,0.17946945,0.10177029,0.23
0.8211856,-11.20372,922,18460.0,0.75,92300.0,0.19314434,0.17948173,0.10176796,0.23
0.82118636,-12.176936,923,18480.0,0.65,92400.0,0.19313978,0.17949595,0.10178477,0.26
0.82118756,-13.065946,924,18500.0,0.55,92500.0,0.19314119,0.17948979,0.10178694,0.25
0.82120484,-7.5050035,925,18520.0,0.9,92600.0,0.1931438,0.17947632,0.10177419,0.22
0.8212076,-10.354126,926,18540.0,0.7,92700.0,0.19314064,0.17952633,0.101777904,0.16
0.82122517,-8.608545,927,18560.0,0.95,92800.0,0.19314304,0.17950106,0.10176867,0.25
0.8212312,-11.974094,928,18580.0,0.6,92900.0,0.19314179,0.17950182,0.1017769,0.22
0.82122374,-12.077735,929,18600.0,0.65,93000.0,0.19313996,0.17952746,0.10177846,0.27
0.8212263,-8.191411,930,18620.0,0.8,93100.0,0.1931382,0.17954732,0.10179243,0.18
0.82122326,-10.806209,931,18640.0,0.95,93200.0,0.19313926,0.17953503,0.101793945,0.26
0.821232,-9.551586,932,18660.0,0.8,93300.0,0.19313698,0.17953248,0.10180123,0.27
0.8212448,-9.722322,933,18680.0,0.55,93400.0,0.1931386,0.17954062,0.10180677,0.22
0.82125473,-11.0925255,934,18700.0,0.8,93500.0,0.19314104,0.17958666,0.101815194,0.22
0.8212598,-9.114553,935,18720.0,0.85,93600.0,0.1931373,0.17959915,0.101827756,0.18
0.8212735,-8.703722,936,18740.0,0.85,93700.0,0.19313574,0.17957468,0.10181883,0.22
0.8212604,-10.190287,937,18760.0,0.75,93800.0,0.19313198,0.17957373,0.10182293,0.22
0.82127076,-8.737038,938,18780.0,0.65,93900.0,0.19313101,0.17958303,0.10182864,0.19
0.82127255,-10.626875,939,18800.0,0.55,94000.0,0.19312942,0.17960244,0.10183801,0.26
0.8212699,-10.574509,940,18820.0,0.65,94100.0,0.1931292,0.17960358,0.10183686,0.16
0.8212829,-10.194946,941,18840.0,0.55,94200.0,0.19313064,0.17960304,0.10183553,0.24
0.82129496,-12.028494,942,18860.0,0.8,94300.0,0.19312932,0.1795999,0.10185231,0.26
0.82129574,-9.329394,943,18880.0,0.65,94400.0,0.19312969,0.17961626,0.101848796,0.26
0.8213036,-10.947485,944,18900.0,0.7,94500.0,0.19312656,0.1796181,0.10185041,0.22
0.8213034,-16.135098,945,18920.0,0.55,94600.0,0.19312422,0.17966221,0.101859786,0.14
0.8213091,-10.828842,946,18940.0,0.7,94700.0,0.19312988,0.17969303,0.10188706,0.25
0.82131904,-11.28797,947,18960.0,0.5,94800.0,0.19312966,0.17967892,0.101881325,0.28
0.8213052,-8.665435,948,18980.0,0.75,94900.0,0.1931219,0.1796974,0.1018925,0.21
0.8213146,-11.07371,949,19000.0,0.7,95000.0,0.19312117,0.17968582,0.10188382,0.23
0.82131606,-10.294304,950,19020.0,0.8,95100.0,0.19311945,0.17968261,0.101882085,0.25
0.82133245,-8.662306,951,19040.0,0.7,95200.0,0.19311886,0.17969169,0.10188922,0.19
0.8213318,-11.837141,952,19060.0,0.8,95300.0,0.19311358,0.17967875,0.101894915,0.21
0.8213139,-9.813782,953,19080.0,0.7,95400.0,0.19310735,0.17971192,0.10191232,0.15
0.82132274,-11.829943,954,19100.0,0.65,95500.0,0.1931109,0.17972665,0.10191836,0.25
0.82130975,-8.685892,955,19120.0,0.65,95600.0,0.19311067,0.17973886,0.10190899,0.19
0.82131696,-11.331996,956,19140.0,0.7,95700.0,0.19311279,0.1797183,0.10190621,0.19
0.8213236,-6.0910945,957,19160.0,0.9,95800.0,0.19311067,0.1796956,0.101899035,0.2
0.82132894,-9.776627,958,19180.0,0.65,95900.0,0.19311124,0.17968923,0.10191174,0.24
0.82132417,-10.77587,959,19200.0,0.7,96000.0,0.19311032,0.17967801,0.10189898,0.24
0.8213413,-8.856728,960,19220.0,0.8,96100.0,0.19311544,0.17968757,0.10188904,0.24
0.8213517,-7.5863404,961,19240.0,0.7,96200.0,0.19311368,0.17968804,0.1018872,0.17
0.8213594,-8.281394,962,19260.0,0.55,96300.0,0.19311503,0.17968786,0.10189069,0.22
0.8213422,-7.871999,963,19280.0,0.3,96400.0,0.19310461,0.1796897,0.10191716,0.16
0.8213156,-5.7141676,964,19300.0,0.45,96500.0,0.19309856,0.17969476,0.10194621,0.17
0.8212778,-3.7696526,965,19320.0,0.4,96600.0,0.19308752,0.17971236,0.10198307,0.13
0.82123166,-3.9049892,966,19340.0,0.25,96700.0,0.19307119,0.17973469,0.10201958,0.12
0.8211759,-8.455763,967,19360.0,0.1,96800.0,0.19305563,0.17974715,0.10206816,0.05
0.82112265,-7.8652167,968,19380.0,0.3,96900.0,0.19303697,0.17975086,0.10209057,0.07
0.8210636,-7.341838,969,19400.0,0.3,97000.0,0.19302239,0.17977042,0.10207303,0.11
0.82100433,-8.829294,970,19420.0,0.3,97100.0,0.19300787,0.17977877,0.10205619,0.1
0.82095724,-9.465126,971,19440.0,0.25,97200.0,0.19299303,0.17978065,0.102050334,0.08
0.8209117,-11.577779,972,19460.0,0.15,97300.0,0.19298254,0.17980452,0.10205398,0.14
0.8208821,-10.264942,973,19480.0,0.4,97400.0,0.19297211,0.17985089,0.10206365,0.15
0.8208609,-9.306211,974,19500.0,0.45,97500.0,0.19296342,0.17983742,0.10206292,0.09
0.8208423,-10.685623,975,19520.0,0.45,97600.0,0.19295919,0.17983024,0.102064826,0.15
0.820836,-10.098909,976,19540.0,0.4,97700.0,0.19295204,0.17983067,0.10207264,0.13
0.8208351,-10.693045,977,19560.0,0.3,97800.0,0.19295031,0.1798305,0.10208688,0.18
0.82084066,-8.07445,978,19580.0,0.7,97900.0,0.19294809,0.17984086,0.10209989,0.17
0.8208422,-9.562785,979,19600.0,0.6,98000.0,0.19294958,0.17983113,0.10209696,0.21
0.82083017,-11.266073,980,19620.0,0.45,98100.0,0.1929478,0.17987275,0.102114916,0.2
0.82083845,-8.391859,981,19640.0,0.75,98200.0,0.19294643,0.17987585,0.10213277,0.18
0.82083774,-10.570311,982,19660.0,0.65,98300.0,0.19294398,0.17990555,0.102155074,0.25
0.82084155,-10.761554,983,19680.0,0.6,98400.0,0.19294581,0.17992502,0.10216217,0.23
0.820846,-11.518625,984,19700.0,0.55,98500.0,0.19294553,0.17991745,0.102168806,0.23
0.82083684,-9.826292,985,19720.0,0.75,98600.0,0.19294392,0.17993045,0.10219531,0.31
0.8208354,-10.548544,986,19740.0,0.55,98700.0,0.19294454,0.17992087,0.102189854,0.21
0.8208432,-9.312283,987,19760.0,0.6,98800.0,0.19294721,0.17992198,0.102194995,0.19
0.82083267,-7.9554586,988,19780.0,0.7,98900.0,0.19294752,0.17994815,0.10222237,0.17
0.8208377,-10.487051,989,19800.0,0.45,99000.0,0.1929505,0.17997354,0.10225354,0.21
0.82081985,-9.027069,990,19820.0,0.8,99100.0,0.19294891,0.18002902,0.10225331,0.2
0.82082933,-10.254148,991,19840.0,0.45,99200.0,0.1929488,0.180022,0.102250755,0.23
0.82083464,-9.756578,992,19860.0,0.8,99300.0,0.19294809,0.18001407,0.10225205,0.21
0.8208413,-10.843327,993,19880.0,0.6,99400.0,0.1929459,0.1800236,0.102259494,0.25
0.8208429,-12.009637,994,19900.0,0.6,99500.0,0.19294786,0.18003215,0.102264345,0.25
0.82083416,-9.013034,995,19920.0,0.75,99600.0,0.19293875,0.18007301,0.10228082,0.18
0.8208553,-9.088884,996,19940.0,0.75,99700.0,0.19294016,0.18006696,0.10227691,0.27
0.8208609,-9.982794,997,19960.0,0.6,99800.0,0.19293976,0.18008704,0.102280796,0.21
0.8208568,-9.338075,998,19980.0,0.9,99900.0,0.19293755,0.18010347,0.10229823,0.24
0.8208663,-9.9046335,999,20000.0,0.75,100000.0,0.19293767,0.18011831,0.102314435,0.13
