test/success_rate,train/episode,stats_o/mean,stats_g/std,test/mean_Q,stats_g/mean,test/episode,epoch,train/success_rate,stats_o/std
0.0,100.0,0.17884718,0.11367965,-3.0740364,0.74238485,20.0,0,0.0,0.059454117
0.0,200.0,0.17711164,0.11163368,-5.0439863,0.74315387,40.0,1,0.0,0.054851923
0.0,300.0,0.17856896,0.11227009,-6.9085207,0.7463019,60.0,2,0.01,0.05335903
0.0,400.0,0.17815012,0.114051245,-9.161014,0.7461727,80.0,3,0.0,0.053693514
0.0,500.0,0.17855424,0.124033906,-10.894687,0.7469773,100.0,4,0.01,0.056816798
0.0,600.0,0.17835169,0.1283557,-12.063299,0.7473404,120.0,5,0.01,0.060882453
0.0,700.0,0.17820293,0.131157,-13.5129595,0.747755,140.0,6,0.01,0.06289496
0.0,800.0,0.17813708,0.13409568,-14.177118,0.7480106,160.0,7,0.0,0.063542545
0.0,900.0,0.17818436,0.13510393,-15.8522625,0.7479958,180.0,8,0.0,0.06478736
0.0,1000.0,0.1785756,0.13678141,-18.349176,0.7484947,200.0,9,0.0,0.06536791
0.0,1100.0,0.17840298,0.13714977,-17.577984,0.7482411,220.0,10,0.01,0.0668707
0.1,1200.0,0.17866892,0.1386608,-17.979328,0.7492147,240.0,11,0.02,0.06752565
0.0,1300.0,0.17905669,0.14741185,-20.314388,0.7498129,260.0,12,0.03,0.07076294
0.0,1400.0,0.17961721,0.14851643,-18.068764,0.7511557,280.0,13,0.02,0.07147477
0.1,1500.0,0.17955227,0.15214549,-17.053137,0.7509119,300.0,14,0.02,0.0729547
0.15,1600.0,0.18035208,0.15622275,-18.34073,0.75334835,320.0,15,0.01,0.07511274
0.1,1700.0,0.18088177,0.16067387,-17.470499,0.7556401,340.0,16,0.04,0.07729445
0.05,1800.0,0.18143532,0.16227837,-20.96498,0.7587189,360.0,17,0.03,0.07925143
0.15,1900.0,0.18189158,0.16462088,-17.079388,0.7617922,380.0,18,0.04,0.08076494
0.15,2000.0,0.18209691,0.16591042,-19.79082,0.7633817,400.0,19,0.05,0.08160928
0.1,2100.0,0.18229602,0.1701409,-17.761974,0.7657285,420.0,20,0.07,0.08341133
0.1,2200.0,0.18263921,0.1725085,-18.89922,0.76743203,440.0,21,0.06,0.08521123
0.25,2300.0,0.18289806,0.17424558,-13.540896,0.7692087,460.0,22,0.04,0.0863298
0.15,2400.0,0.18316486,0.17562194,-15.331813,0.76971763,480.0,23,0.07,0.08714944
0.2,2500.0,0.18347223,0.17555743,-13.444292,0.7715054,500.0,24,0.12,0.086998604
0.0,2600.0,0.18372922,0.17597394,-17.76748,0.7734539,520.0,25,0.13,0.0872789
0.25,2700.0,0.18397993,0.17623566,-13.630605,0.7753238,540.0,26,0.07,0.08751104
0.25,2800.0,0.18425217,0.17701848,-13.10145,0.7775305,560.0,27,0.08,0.0879222
0.35,2900.0,0.18446076,0.17697309,-15.781909,0.7786281,580.0,28,0.09,0.08809976
0.3,3000.0,0.18480816,0.17672448,-16.219267,0.7795501,600.0,29,0.13,0.08856767
0.15,3100.0,0.18497142,0.17670397,-17.228544,0.78062105,620.0,30,0.13,0.08909675
0.2,3200.0,0.18513311,0.17735358,-15.424718,0.7807564,640.0,31,0.05,0.0893204
0.3,3300.0,0.18535593,0.17784065,-13.795291,0.7816252,660.0,32,0.11,0.089348935
0.2,3400.0,0.18545619,0.17757885,-15.388922,0.78229564,680.0,33,0.09,0.08948548
0.3,3500.0,0.1856043,0.17735858,-13.780937,0.78286725,700.0,34,0.16,0.08967547
0.2,3600.0,0.18592985,0.17777948,-15.1758175,0.7843421,720.0,35,0.11,0.09024052
0.15,3700.0,0.18616742,0.17746967,-14.893774,0.78564805,740.0,36,0.13,0.09031438
0.2,3800.0,0.18646759,0.17710681,-16.10471,0.7865519,760.0,37,0.1,0.090302065
0.15,3900.0,0.18663876,0.17679726,-14.58804,0.787525,780.0,38,0.15,0.09028878
0.15,4000.0,0.18676239,0.17630517,-18.323002,0.7881182,800.0,39,0.16,0.09045485
0.3,4100.0,0.18683125,0.17564237,-13.112257,0.7888294,820.0,40,0.1,0.090342395
0.35,4200.0,0.18693711,0.17508979,-17.577267,0.78960323,840.0,41,0.12,0.09014011
0.35,4300.0,0.18708888,0.17496234,-14.889882,0.7904461,860.0,42,0.15,0.09032632
0.2,4400.0,0.18730043,0.17489535,-14.188235,0.7911857,880.0,43,0.13,0.0907918
0.2,4500.0,0.18755347,0.17456447,-15.358829,0.79207903,900.0,44,0.13,0.09071683
0.3,4600.0,0.18773128,0.17396063,-16.77531,0.79290456,920.0,45,0.15,0.090800315
0.15,4700.0,0.18788578,0.1737302,-15.248957,0.79358107,940.0,46,0.19,0.09081602
0.15,4800.0,0.18809536,0.17344184,-13.852259,0.7942532,960.0,47,0.14,0.09091362
0.55,4900.0,0.18831374,0.17294882,-10.978948,0.7951944,980.0,48,0.16,0.09079955
0.2,5000.0,0.18848151,0.17235023,-13.904158,0.79615015,1000.0,49,0.13,0.09064698
0.3,5100.0,0.18859051,0.17206408,-12.952495,0.7968063,1020.0,50,0.09,0.09059381
0.3,5200.0,0.18867874,0.17205314,-15.851301,0.79756814,1040.0,51,0.18,0.09069416
0.2,5300.0,0.18875499,0.17179924,-14.907976,0.7980986,1060.0,52,0.18,0.0906528
0.3,5400.0,0.18886927,0.17155008,-12.269174,0.7989128,1080.0,53,0.15,0.090816915
0.2,5500.0,0.18896697,0.17124242,-15.574617,0.7993539,1100.0,54,0.15,0.09073258
0.25,5600.0,0.18910812,0.17076813,-13.099165,0.79991245,1120.0,55,0.17,0.09082922
0.2,5700.0,0.18922064,0.1706705,-15.625463,0.8003239,1140.0,56,0.08,0.090841666
0.3,5800.0,0.18932438,0.17019303,-16.322208,0.8008614,1160.0,57,0.18,0.09076337
0.2,5900.0,0.18944994,0.16997206,-15.254328,0.8012336,1180.0,58,0.13,0.090901844
0.15,6000.0,0.1895568,0.16981636,-17.348305,0.801584,1200.0,59,0.16,0.09083468
0.15,6100.0,0.1896647,0.1694647,-16.978914,0.8021162,1220.0,60,0.12,0.090840444
0.35,6200.0,0.18972288,0.16920315,-15.307628,0.802612,1240.0,61,0.2,0.09076697
0.2,6300.0,0.18984292,0.16875708,-15.954335,0.8030315,1260.0,62,0.1,0.09069289
0.45,6400.0,0.18992458,0.16848548,-12.675959,0.80332136,1280.0,63,0.21,0.090675004
0.55,6500.0,0.18996857,0.16812329,-10.373039,0.8038428,1300.0,64,0.15,0.09061874
0.25,6600.0,0.19007975,0.16811748,-12.250992,0.80433345,1320.0,65,0.12,0.09062205
0.65,6700.0,0.19021831,0.16781195,-11.115404,0.80474716,1340.0,66,0.12,0.09056064
0.55,6800.0,0.19034924,0.1674817,-13.235016,0.8050956,1360.0,67,0.19,0.09070342
0.75,6900.0,0.1903933,0.16738002,-9.375694,0.8055012,1380.0,68,0.17,0.09069786
0.2,7000.0,0.19053821,0.1671456,-13.5000105,0.8059573,1400.0,69,0.16,0.0908818
0.25,7100.0,0.19060409,0.16706967,-14.8329315,0.8060182,1420.0,70,0.15,0.09090627
0.3,7200.0,0.19068684,0.16696872,-16.33272,0.80634826,1440.0,71,0.13,0.09084548
0.3,7300.0,0.19076933,0.16667475,-14.76919,0.8068361,1460.0,72,0.11,0.09082917
0.4,7400.0,0.19087923,0.16651298,-12.017991,0.8071082,1480.0,73,0.18,0.09081473
0.4,7500.0,0.19095741,0.16611053,-12.272573,0.8074054,1500.0,74,0.23,0.09072739
0.3,7600.0,0.19101028,0.16602778,-15.716083,0.80741507,1520.0,75,0.14,0.090804376
0.6,7700.0,0.19106492,0.16592856,-11.137405,0.8077457,1540.0,76,0.2,0.09080283
0.5,7800.0,0.19111624,0.16590837,-14.933409,0.8079161,1560.0,77,0.17,0.09081005
0.4,7900.0,0.19113913,0.16561548,-13.355023,0.80816865,1580.0,78,0.16,0.09072187
0.55,8000.0,0.19118778,0.1656382,-12.415365,0.808378,1600.0,79,0.16,0.09069888
0.4,8100.0,0.19127163,0.16542414,-16.26289,0.80858415,1620.0,80,0.12,0.090715885
0.15,8200.0,0.1913824,0.16548721,-16.45552,0.80894256,1640.0,81,0.12,0.090737574
0.15,8300.0,0.19148484,0.16525681,-20.47446,0.80924255,1660.0,82,0.2,0.09070631
0.1,8400.0,0.19152927,0.16532029,-19.032145,0.80934167,1680.0,83,0.14,0.09071532
0.3,8500.0,0.19159254,0.1651686,-17.184834,0.8096706,1700.0,84,0.18,0.090646125
0.5,8600.0,0.19167718,0.16498172,-11.777054,0.8100152,1720.0,85,0.15,0.090795346
0.55,8700.0,0.19173664,0.16459036,-12.802023,0.81030035,1740.0,86,0.19,0.09070275
0.7,8800.0,0.19177891,0.16431922,-9.985386,0.81054217,1760.0,87,0.21,0.090634175
0.4,8900.0,0.19181982,0.16441986,-11.928247,0.8106778,1780.0,88,0.24,0.090666816
0.3,9000.0,0.19192986,0.16421607,-12.373832,0.8111212,1800.0,89,0.19,0.09062512
0.3,9100.0,0.19197676,0.16382293,-15.136927,0.8114894,1820.0,90,0.14,0.09056748
0.55,9200.0,0.19198109,0.16377746,-11.148485,0.8115986,1840.0,91,0.16,0.090521075
0.45,9300.0,0.19208747,0.1636859,-14.318853,0.8118058,1860.0,92,0.09,0.09046439
0.45,9400.0,0.19215606,0.16370986,-15.061427,0.8120547,1880.0,93,0.14,0.09045907
0.45,9500.0,0.19218874,0.16361757,-15.305841,0.8122428,1900.0,94,0.19,0.09044426
0.3,9600.0,0.19221333,0.16360076,-17.795572,0.81226045,1920.0,95,0.12,0.09040311
0.6,9700.0,0.19226716,0.16351743,-10.415367,0.8123537,1940.0,96,0.18,0.090434454
0.7,9800.0,0.19227578,0.16332646,-10.948549,0.81238055,1960.0,97,0.17,0.090338014
0.55,9900.0,0.19226919,0.16308996,-15.436232,0.81249666,1980.0,98,0.15,0.090222634
0.6,10000.0,0.19233806,0.16307579,-12.941098,0.8126866,2000.0,99,0.08,0.090291984
0.3,10100.0,0.19238468,0.16297176,-19.341244,0.8126726,2020.0,100,0.18,0.09024188
0.45,10200.0,0.19243017,0.16300881,-15.30197,0.81277347,2040.0,101,0.22,0.090260096
0.6,10300.0,0.19246224,0.16307163,-14.984289,0.81282187,2060.0,102,0.21,0.09057079
0.15,10400.0,0.19250667,0.16287363,-16.46524,0.8129862,2080.0,103,0.07,0.09054535
0.6,10500.0,0.19248044,0.16285527,-12.991531,0.8130174,2100.0,104,0.15,0.09061002
0.15,10600.0,0.19252594,0.16276245,-17.764835,0.813116,2120.0,105,0.25,0.090549536
0.3,10700.0,0.1925533,0.16266511,-17.873362,0.81331354,2140.0,106,0.2,0.0904753
0.35,10800.0,0.19257377,0.1626671,-15.309921,0.8134644,2160.0,107,0.19,0.09045332
0.4,10900.0,0.19258596,0.16264723,-12.429712,0.8137014,2180.0,108,0.18,0.09052802
0.4,11000.0,0.19254474,0.16260739,-10.76751,0.81381416,2200.0,109,0.13,0.090530306
0.5,11100.0,0.19252047,0.16245796,-16.13916,0.81385916,2220.0,110,0.18,0.090571605
0.3,11200.0,0.1925579,0.16257547,-16.494886,0.8140848,2240.0,111,0.18,0.09072768
0.3,11300.0,0.19256276,0.16270599,-12.782631,0.814148,2260.0,112,0.21,0.09091954
0.5,11400.0,0.19251211,0.16264296,-15.209562,0.8141153,2280.0,113,0.19,0.091032274
0.6,11500.0,0.19258511,0.16266795,-11.95814,0.81417865,2300.0,114,0.11,0.091076955
0.4,11600.0,0.19261591,0.1625953,-13.034673,0.8142977,2320.0,115,0.16,0.091113254
0.6,11700.0,0.19264834,0.16248246,-11.21228,0.8143242,2340.0,116,0.16,0.091295935
0.4,11800.0,0.19264993,0.16254579,-16.679861,0.8143236,2360.0,117,0.12,0.091400884
0.45,11900.0,0.1926797,0.16254108,-15.792376,0.8143733,2380.0,118,0.16,0.09148265
0.5,12000.0,0.19268644,0.16270943,-12.623395,0.814472,2400.0,119,0.22,0.091634914
0.7,12100.0,0.1926951,0.16280659,-11.075241,0.81458265,2420.0,120,0.14,0.09177713
0.55,12200.0,0.19272114,0.16268812,-9.891397,0.8147822,2440.0,121,0.2,0.09181867
0.7,12300.0,0.19273083,0.16248469,-11.709243,0.8149464,2460.0,122,0.16,0.09178382
0.35,12400.0,0.19274741,0.16244628,-15.623982,0.8151253,2480.0,123,0.16,0.091866225
0.4,12500.0,0.19279628,0.16229272,-14.468027,0.8153855,2500.0,124,0.17,0.09186517
0.35,12600.0,0.19281775,0.16244785,-15.911532,0.8154066,2520.0,125,0.1,0.091904685
0.4,12700.0,0.1928282,0.1622717,-13.072911,0.81553507,2540.0,126,0.18,0.09192172
0.45,12800.0,0.19288614,0.1621163,-16.207588,0.81582457,2560.0,127,0.14,0.091945164
0.5,12900.0,0.19293444,0.1620697,-13.024071,0.8160255,2580.0,128,0.2,0.09199115
0.55,13000.0,0.19291061,0.162085,-11.93133,0.81607723,2600.0,129,0.24,0.0920798
0.6,13100.0,0.19294031,0.1619202,-11.932505,0.81628656,2620.0,130,0.14,0.092048004
0.65,13200.0,0.1929211,0.16194828,-13.2353,0.8164019,2640.0,131,0.21,0.09204244
0.45,13300.0,0.19290486,0.16192563,-12.540636,0.81657404,2660.0,132,0.17,0.0921272
0.6,13400.0,0.19293109,0.16176993,-11.8357935,0.81676525,2680.0,133,0.16,0.09218955
0.65,13500.0,0.19290695,0.1619878,-11.879684,0.8167383,2700.0,134,0.14,0.09231237
0.45,13600.0,0.19294162,0.1620276,-13.553258,0.81687754,2720.0,135,0.12,0.09248475
0.6,13700.0,0.19294152,0.16198842,-10.432547,0.81700534,2740.0,136,0.16,0.09264608
0.4,13800.0,0.19293651,0.16188653,-12.92144,0.8170964,2760.0,137,0.17,0.0927481
0.7,13900.0,0.19296898,0.16183633,-10.705564,0.8172315,2780.0,138,0.17,0.09280464
0.55,14000.0,0.19301641,0.16168316,-13.51078,0.81734246,2800.0,139,0.19,0.09278324
0.6,14100.0,0.19299528,0.1616618,-12.832762,0.8175495,2820.0,140,0.17,0.092839025
0.55,14200.0,0.19301687,0.16148351,-14.719945,0.81756383,2840.0,141,0.26,0.092764355
0.65,14300.0,0.19301586,0.1615463,-13.125981,0.8176105,2860.0,142,0.21,0.09271407
0.35,14400.0,0.19300479,0.16146334,-16.91822,0.8177299,2880.0,143,0.09,0.09268687
0.35,14500.0,0.19303416,0.16154213,-14.959547,0.817878,2900.0,144,0.14,0.092760354
0.3,14600.0,0.1930295,0.16143969,-18.049429,0.8180012,2920.0,145,0.22,0.092802785
0.6,14700.0,0.19306421,0.16143434,-14.879163,0.8180844,2940.0,146,0.15,0.09275914
0.55,14800.0,0.19307926,0.16143097,-13.364926,0.8182346,2960.0,147,0.19,0.09282306
0.5,14900.0,0.19306158,0.16146085,-16.085903,0.8182554,2980.0,148,0.21,0.092817
0.35,15000.0,0.19307299,0.16135824,-15.274084,0.8183953,3000.0,149,0.17,0.092837155
0.5,15100.0,0.19310087,0.16140534,-14.23837,0.81861514,3020.0,150,0.2,0.0929204
0.45,15200.0,0.19310462,0.16151346,-20.245872,0.8187043,3040.0,151,0.12,0.09295243
0.35,15300.0,0.19310822,0.16166522,-17.634861,0.8187912,3060.0,152,0.15,0.09306535
0.35,15400.0,0.1931094,0.1616985,-15.555115,0.81885296,3080.0,153,0.18,0.09308375
0.6,15500.0,0.19308588,0.16172732,-14.817683,0.81888705,3100.0,154,0.11,0.093112744
0.35,15600.0,0.19310431,0.16158377,-13.232912,0.8190837,3120.0,155,0.11,0.09311257
0.45,15700.0,0.19311838,0.16151777,-17.709263,0.8191042,3140.0,156,0.26,0.09306084
0.3,15800.0,0.19310072,0.16144358,-16.626354,0.819038,3160.0,157,0.19,0.0929861
0.45,15900.0,0.19308804,0.16142388,-11.063245,0.81910723,3180.0,158,0.14,0.09299209
0.35,16000.0,0.19308004,0.1614476,-14.174489,0.8192336,3200.0,159,0.14,0.093074694
0.45,16100.0,0.1930822,0.16142069,-13.961313,0.8193138,3220.0,160,0.12,0.09304354
0.6,16200.0,0.19308907,0.16138943,-14.346674,0.81938124,3240.0,161,0.16,0.09299438
0.5,16300.0,0.19308372,0.16144049,-13.620893,0.8194239,3260.0,162,0.14,0.09300378
0.45,16400.0,0.19306205,0.1613829,-14.845523,0.81945735,3280.0,163,0.19,0.092990085
0.35,16500.0,0.19303186,0.16136411,-16.311367,0.8194885,3300.0,164,0.17,0.09297683
0.45,16600.0,0.19305564,0.16120563,-15.991579,0.81956404,3320.0,165,0.24,0.09294922
0.65,16700.0,0.1930467,0.1611465,-12.522999,0.81965303,3340.0,166,0.12,0.09304019
0.3,16800.0,0.19303578,0.1612011,-14.769615,0.81966496,3360.0,167,0.16,0.09307341
0.35,16900.0,0.19303593,0.16121708,-13.599423,0.8196934,3380.0,168,0.17,0.09309266
0.45,17000.0,0.1930469,0.16113393,-14.0330715,0.819787,3400.0,169,0.14,0.093088254
0.65,17100.0,0.19307375,0.16106509,-11.018839,0.81988865,3420.0,170,0.13,0.09309596
0.45,17200.0,0.1930756,0.16102703,-14.318118,0.81996346,3440.0,171,0.13,0.09307966
0.25,17300.0,0.19306433,0.16102919,-16.466595,0.82003623,3460.0,172,0.12,0.093077585
0.6,17400.0,0.19307633,0.16087025,-10.558907,0.8201328,3480.0,173,0.19,0.09301973
0.4,17500.0,0.19306454,0.16079067,-14.163664,0.820169,3500.0,174,0.27,0.09297057
0.45,17600.0,0.19306727,0.16075367,-12.662503,0.82028913,3520.0,175,0.21,0.092922695
0.75,17700.0,0.19305809,0.16072242,-9.058616,0.82031053,3540.0,176,0.24,0.092879765
0.45,17800.0,0.19303331,0.16065425,-14.925778,0.82030743,3560.0,177,0.1,0.092820905
0.35,17900.0,0.19303676,0.16066514,-13.839073,0.82034564,3580.0,178,0.16,0.09282827
0.45,18000.0,0.19305332,0.16064411,-14.008458,0.82039684,3600.0,179,0.14,0.09280089
0.4,18100.0,0.19304569,0.16085319,-13.839244,0.82043576,3620.0,180,0.21,0.09287017
0.35,18200.0,0.19303882,0.16092032,-16.139843,0.82044965,3640.0,181,0.15,0.09295038
0.4,18300.0,0.19305493,0.16107675,-12.481101,0.8204697,3660.0,182,0.22,0.09300487
0.5,18400.0,0.19303621,0.16134776,-14.66601,0.82047683,3680.0,183,0.15,0.0930989
0.6,18500.0,0.19302055,0.16157971,-13.786324,0.8203892,3700.0,184,0.11,0.09320075
0.55,18600.0,0.19303684,0.16161814,-10.368666,0.82038355,3720.0,185,0.17,0.093179256
0.55,18700.0,0.19303109,0.16187258,-12.150054,0.8203757,3740.0,186,0.11,0.09326959
0.35,18800.0,0.19302061,0.16192622,-15.37932,0.8203947,3760.0,187,0.18,0.09324434
0.45,18900.0,0.19303545,0.16214074,-13.13457,0.82046133,3780.0,188,0.15,0.09329762
0.5,19000.0,0.19303194,0.16215076,-14.179647,0.8204841,3800.0,189,0.16,0.09326608
0.55,19100.0,0.19303778,0.16212675,-12.147638,0.8205773,3820.0,190,0.19,0.09323283
0.6,19200.0,0.1930288,0.16219766,-12.876157,0.82067966,3840.0,191,0.11,0.0932686
0.45,19300.0,0.19300278,0.16223232,-15.319715,0.820661,3860.0,192,0.13,0.09326567
0.55,19400.0,0.19298348,0.16225664,-13.837372,0.8206849,3880.0,193,0.14,0.09323099
0.35,19500.0,0.19298726,0.16228075,-15.308325,0.8207434,3900.0,194,0.14,0.09321956
0.6,19600.0,0.19300583,0.16231634,-13.06793,0.82080907,3920.0,195,0.07,0.09327306
0.5,19700.0,0.19300413,0.16239099,-11.637544,0.82077307,3940.0,196,0.15,0.093383916
0.45,19800.0,0.19302846,0.16246217,-14.340853,0.82077163,3960.0,197,0.09,0.09340415
0.65,19900.0,0.19302312,0.16245179,-9.660084,0.8207936,3980.0,198,0.14,0.09339608
0.4,20000.0,0.19304693,0.16239376,-13.094896,0.8208275,4000.0,199,0.23,0.09335627
0.5,20100.0,0.19303846,0.16241588,-10.711564,0.8208793,4020.0,200,0.16,0.093326
0.35,20200.0,0.19301689,0.16247384,-15.748134,0.8208801,4040.0,201,0.1,0.09334469
0.55,20300.0,0.19301353,0.16255337,-13.614809,0.8208894,4060.0,202,0.21,0.09331285
0.5,20400.0,0.19300188,0.16255695,-13.967222,0.82087326,4080.0,203,0.17,0.09324863
0.45,20500.0,0.19300102,0.1626293,-17.55543,0.82087237,4100.0,204,0.14,0.09323052
0.45,20600.0,0.19300495,0.16255777,-14.223936,0.8209286,4120.0,205,0.24,0.09319306
0.7,20700.0,0.19301665,0.16261348,-11.680098,0.8209176,4140.0,206,0.19,0.09318576
0.45,20800.0,0.19302867,0.16266493,-15.6689,0.8209439,4160.0,207,0.15,0.093231
0.45,20900.0,0.19301781,0.16264671,-18.927217,0.82098347,4180.0,208,0.23,0.09324115
0.5,21000.0,0.19296941,0.16269366,-14.371971,0.82101274,4200.0,209,0.18,0.0933117
0.5,21100.0,0.19295843,0.16271904,-15.309069,0.82103103,4220.0,210,0.17,0.09329774
0.3,21200.0,0.19294679,0.16265993,-18.65495,0.82107663,4240.0,211,0.2,0.09330607
0.5,21300.0,0.19295181,0.16260684,-17.86298,0.82110023,4260.0,212,0.14,0.093263865
0.55,21400.0,0.19295673,0.16261238,-14.704887,0.8212118,4280.0,213,0.2,0.09329243
0.5,21500.0,0.1929665,0.1625319,-15.449222,0.8212862,4300.0,214,0.14,0.09323244
0.6,21600.0,0.19297203,0.1625439,-15.932162,0.82132894,4320.0,215,0.12,0.09324111
0.6,21700.0,0.19297847,0.16257514,-14.858563,0.8213424,4340.0,216,0.13,0.09323183
0.6,21800.0,0.19301018,0.16256602,-15.320247,0.8214583,4360.0,217,0.17,0.09324718
0.35,21900.0,0.19301917,0.16253273,-18.442545,0.821501,4380.0,218,0.19,0.093280494
0.4,22000.0,0.19302694,0.16250803,-14.540006,0.8215837,4400.0,219,0.21,0.093243286
0.55,22100.0,0.1930177,0.16259925,-16.028925,0.8216072,4420.0,220,0.15,0.09328113
0.55,22200.0,0.19300911,0.16263224,-12.607649,0.82162315,4440.0,221,0.15,0.09328872
0.4,22300.0,0.193001,0.162655,-17.053839,0.8216197,4460.0,222,0.25,0.09330859
0.4,22400.0,0.19299442,0.16286549,-16.535852,0.8215994,4480.0,223,0.14,0.09332088
0.65,22500.0,0.19298929,0.16291504,-13.803935,0.8216693,4500.0,224,0.17,0.09336631
0.55,22600.0,0.19297919,0.16289963,-15.393057,0.821701,4520.0,225,0.19,0.09333528
0.6,22700.0,0.19297007,0.16300853,-12.201005,0.8216753,4540.0,226,0.16,0.09338155
0.4,22800.0,0.19295688,0.16306382,-13.148157,0.821687,4560.0,227,0.16,0.093451664
0.55,22900.0,0.19296247,0.16300647,-8.335745,0.8216293,4580.0,228,0.15,0.093561895
0.25,23000.0,0.19291924,0.16311406,-10.7155,0.82149523,4600.0,229,0.08,0.09372718
0.4,23100.0,0.19287354,0.16308264,-10.967824,0.8213318,4620.0,230,0.15,0.09391213
0.2,23200.0,0.19282743,0.16319315,-11.435556,0.82115173,4640.0,231,0.1,0.09417737
0.3,23300.0,0.1927927,0.16326904,-10.819881,0.820965,4660.0,232,0.1,0.09445459
0.2,23400.0,0.19275142,0.16337991,-10.960158,0.8207788,4680.0,233,0.05,0.094616234
0.3,23500.0,0.19272108,0.16333285,-9.877644,0.8207219,4700.0,234,0.08,0.09463267
0.25,23600.0,0.19268711,0.1633841,-10.6638775,0.82060933,4720.0,235,0.13,0.09466687
0.35,23700.0,0.1926553,0.16331382,-12.178942,0.8206036,4740.0,236,0.08,0.09464953
0.35,23800.0,0.19262627,0.16334026,-9.867639,0.8205506,4760.0,237,0.1,0.09461661
0.3,23900.0,0.19260843,0.16338517,-11.94916,0.8204954,4780.0,238,0.11,0.09459093
0.35,24000.0,0.19258624,0.16333836,-11.793623,0.8204209,4800.0,239,0.11,0.094511956
0.45,24100.0,0.19255409,0.16335206,-12.57694,0.8203276,4820.0,240,0.19,0.09450085
0.4,24200.0,0.19253547,0.16338141,-12.637531,0.82034177,4840.0,241,0.18,0.09444982
0.45,24300.0,0.19250235,0.16330555,-12.066838,0.82032806,4860.0,242,0.17,0.094385214
0.3,24400.0,0.19248953,0.16332825,-16.194489,0.820335,4880.0,243,0.2,0.09436515
0.5,24500.0,0.19246025,0.16333112,-13.221128,0.82027036,4900.0,244,0.15,0.094376385
0.4,24600.0,0.19245796,0.16335739,-14.649256,0.8202867,4920.0,245,0.12,0.094357155
0.4,24700.0,0.1924624,0.16331924,-15.750282,0.82028264,4940.0,246,0.17,0.09431277
0.4,24800.0,0.19246712,0.16335009,-13.252177,0.8202484,4960.0,247,0.15,0.09430486
0.7,24900.0,0.1924663,0.16329755,-9.806117,0.8202293,4980.0,248,0.15,0.0942596
0.35,25000.0,0.19247006,0.16325176,-15.617514,0.8202881,5000.0,249,0.18,0.09420672
0.55,25100.0,0.19248396,0.16320163,-13.874133,0.8203547,5020.0,250,0.2,0.09420548
0.2,25200.0,0.1925022,0.16319616,-18.794619,0.82042223,5040.0,251,0.17,0.09418814
0.3,25300.0,0.19249275,0.16313837,-15.714717,0.82046777,5060.0,252,0.18,0.0941581
0.55,25400.0,0.19248945,0.16316576,-12.699473,0.8204697,5080.0,253,0.14,0.09414773
0.65,25500.0,0.19249445,0.16319434,-11.846381,0.820501,5100.0,254,0.18,0.09412804
0.6,25600.0,0.19251975,0.16320024,-13.353093,0.8205388,5120.0,255,0.23,0.09412511
0.7,25700.0,0.19251403,0.16323604,-13.384371,0.8205758,5140.0,256,0.15,0.09412896
0.55,25800.0,0.19251709,0.16329047,-12.136763,0.8206473,5160.0,257,0.17,0.09415051
0.75,25900.0,0.19252607,0.16336523,-10.250455,0.8206524,5180.0,258,0.2,0.094157726
0.75,26000.0,0.19254379,0.16333668,-11.572601,0.82072145,5200.0,259,0.16,0.0941299
0.6,26100.0,0.1925423,0.16335501,-10.934607,0.82068926,5220.0,260,0.16,0.09416518
0.35,26200.0,0.19253457,0.16335662,-12.413461,0.8207454,5240.0,261,0.12,0.094160184
0.4,26300.0,0.19254568,0.16330518,-14.164629,0.8207543,5260.0,262,0.28,0.0941657
0.4,26400.0,0.19254394,0.16326965,-13.401236,0.82079846,5280.0,263,0.16,0.09417998
0.55,26500.0,0.19254784,0.16324003,-11.033069,0.8208921,5300.0,264,0.21,0.09420699
0.4,26600.0,0.19255489,0.16319959,-12.482804,0.82098025,5320.0,265,0.21,0.094205275
0.5,26700.0,0.19256805,0.16314001,-14.946032,0.821004,5340.0,266,0.26,0.0942034
0.35,26800.0,0.19257492,0.16310559,-11.989817,0.82101387,5360.0,267,0.16,0.09418819
0.65,26900.0,0.19258845,0.16313525,-13.3799515,0.82102185,5380.0,268,0.14,0.094162405
0.7,27000.0,0.19257554,0.16319035,-12.500293,0.82102376,5400.0,269,0.17,0.09419618
0.7,27100.0,0.19258146,0.16319811,-10.737303,0.8210408,5420.0,270,0.19,0.094181016
0.75,27200.0,0.19259234,0.16327508,-10.712281,0.82109493,5440.0,271,0.13,0.094208136
0.5,27300.0,0.19259883,0.1632157,-12.954854,0.8211511,5460.0,272,0.19,0.09420003
0.5,27400.0,0.19260024,0.1631972,-12.378168,0.82119006,5480.0,273,0.17,0.09416999
0.45,27500.0,0.19261406,0.16322125,-10.535569,0.8212369,5500.0,274,0.15,0.09415386
0.35,27600.0,0.19261372,0.1632608,-16.84711,0.82130533,5520.0,275,0.11,0.0941379
0.4,27700.0,0.19261162,0.16323322,-12.613953,0.8213381,5540.0,276,0.21,0.09413859
0.5,27800.0,0.19260558,0.1632465,-13.608847,0.8213563,5560.0,277,0.2,0.09409799
0.25,27900.0,0.19258402,0.16328114,-19.051575,0.82137674,5580.0,278,0.14,0.09413186
0.5,28000.0,0.19256848,0.16325909,-13.29409,0.8214026,5600.0,279,0.17,0.094134375
0.55,28100.0,0.19256721,0.16321336,-13.102373,0.82145983,5620.0,280,0.09,0.09411075
0.45,28200.0,0.19256212,0.16324069,-14.454099,0.82143253,5640.0,281,0.13,0.09415583
0.35,28300.0,0.19255657,0.16329099,-16.646103,0.82142615,5660.0,282,0.13,0.09420555
0.5,28400.0,0.19255987,0.16327378,-13.655765,0.82146436,5680.0,283,0.12,0.09421184
0.55,28500.0,0.1925715,0.16333365,-12.615473,0.82150155,5700.0,284,0.09,0.094243385
0.55,28600.0,0.1925747,0.16330896,-12.589774,0.82154995,5720.0,285,0.16,0.0942559
0.7,28700.0,0.19256784,0.16334622,-12.321325,0.8215515,5740.0,286,0.16,0.09433539
0.45,28800.0,0.19254583,0.16336338,-14.977092,0.821544,5760.0,287,0.13,0.094367705
0.55,28900.0,0.19255377,0.16338842,-15.042155,0.8215818,5780.0,288,0.23,0.09439663
0.55,29000.0,0.19254589,0.16338593,-13.919806,0.82160336,5800.0,289,0.16,0.09444991
0.6,29100.0,0.1925416,0.16332404,-12.046952,0.82163435,5820.0,290,0.17,0.0944703
0.6,29200.0,0.1925623,0.16340241,-12.878561,0.82174224,5840.0,291,0.13,0.094578356
0.4,29300.0,0.19256702,0.16339041,-15.402911,0.8218138,5860.0,292,0.21,0.09458825
0.45,29400.0,0.1925769,0.16336171,-12.918457,0.8218632,5880.0,293,0.12,0.09458655
0.55,29500.0,0.19257504,0.16341901,-12.818659,0.82191116,5900.0,294,0.18,0.09462075
0.65,29600.0,0.19258946,0.16338252,-12.536977,0.8219562,5920.0,295,0.15,0.09461356
0.45,29700.0,0.19258985,0.16340809,-15.383853,0.82196474,5940.0,296,0.12,0.09460258
0.45,29800.0,0.19259056,0.16344017,-13.540497,0.8219852,5960.0,297,0.15,0.0946395
0.2,29900.0,0.19260019,0.16343044,-14.915466,0.82207704,5980.0,298,0.15,0.09463343
0.75,30000.0,0.19259825,0.16344583,-9.236607,0.82205147,6000.0,299,0.19,0.094639845
0.4,30100.0,0.19258389,0.1634733,-17.051867,0.8220667,6020.0,300,0.13,0.09469852
0.25,30200.0,0.19256943,0.16354789,-16.463802,0.8220797,6040.0,301,0.15,0.094764546
0.5,30300.0,0.19256344,0.16353911,-12.273775,0.8221107,6060.0,302,0.1,0.09476159
0.55,30400.0,0.19255997,0.16346921,-12.700122,0.8221514,6080.0,303,0.13,0.09474666
0.5,30500.0,0.19254264,0.16350442,-14.396853,0.8221726,6100.0,304,0.17,0.09475038
0.55,30600.0,0.1925486,0.16352068,-14.661402,0.8222212,6120.0,305,0.14,0.09476993
0.35,30700.0,0.19254854,0.16357009,-18.499432,0.8221888,6140.0,306,0.16,0.09484135
0.6,30800.0,0.19253133,0.16363005,-9.322513,0.8221844,6160.0,307,0.14,0.09487051
0.35,30900.0,0.19252144,0.1636123,-13.424479,0.82213885,6180.0,308,0.14,0.09487336
0.25,31000.0,0.19252509,0.16360207,-13.119855,0.8221769,6200.0,309,0.12,0.09489937
0.6,31100.0,0.19251652,0.1636683,-10.632173,0.82216793,6220.0,310,0.15,0.09494117
0.55,31200.0,0.19251278,0.16367653,-10.533469,0.8221812,6240.0,311,0.14,0.09495241
0.45,31300.0,0.19251181,0.16365477,-12.504218,0.8221965,6260.0,312,0.17,0.09496651
0.35,31400.0,0.1925054,0.16368195,-13.8201275,0.82222253,6280.0,313,0.16,0.09499274
0.65,31500.0,0.19251306,0.16369113,-10.533137,0.82228565,6300.0,314,0.12,0.09501546
0.4,31600.0,0.19251852,0.16365588,-12.383715,0.82233113,6320.0,315,0.19,0.095069036
0.55,31700.0,0.19253497,0.16368482,-11.224409,0.8224051,6340.0,316,0.14,0.0951315
0.55,31800.0,0.1925453,0.16377027,-12.737366,0.8224592,6360.0,317,0.14,0.09519002
0.2,31900.0,0.19254413,0.16375469,-12.786348,0.82246685,6380.0,318,0.2,0.09520247
0.4,32000.0,0.19255398,0.16381328,-12.596654,0.8224644,6400.0,319,0.15,0.09531461
0.4,32100.0,0.19255626,0.16381592,-12.893394,0.8224729,6420.0,320,0.17,0.095385216
0.5,32200.0,0.19254394,0.16390243,-12.759602,0.8224342,6440.0,321,0.11,0.09547803
0.6,32300.0,0.19253805,0.16392295,-11.693131,0.82239246,6460.0,322,0.14,0.095525414
0.5,32400.0,0.19252074,0.16398196,-10.7567425,0.82233566,6480.0,323,0.2,0.09557641
0.55,32500.0,0.192511,0.16410482,-13.990358,0.8222967,6500.0,324,0.14,0.09566291
0.15,32600.0,0.19251415,0.16418684,-17.451187,0.8222906,6520.0,325,0.1,0.09573823
0.5,32700.0,0.19250545,0.16423737,-12.740587,0.82222253,6540.0,326,0.14,0.09580197
0.6,32800.0,0.1925029,0.16434066,-14.28797,0.8221713,6560.0,327,0.1,0.095836915
0.35,32900.0,0.1925174,0.16439754,-15.293451,0.82214123,6580.0,328,0.1,0.09587918
0.2,33000.0,0.19250482,0.16445296,-14.097249,0.82208556,6600.0,329,0.1,0.09595285
0.5,33100.0,0.19249819,0.16451818,-11.776267,0.82203007,6620.0,330,0.07,0.096059695
0.3,33200.0,0.19249956,0.16456099,-13.569366,0.822047,6640.0,331,0.16,0.09610858
0.15,33300.0,0.19250937,0.16453873,-12.022107,0.82206684,6660.0,332,0.1,0.09612023
0.2,33400.0,0.19252151,0.16451769,-14.108482,0.82210356,6680.0,333,0.13,0.09614552
0.25,33500.0,0.19250952,0.16457185,-12.481005,0.8220944,6700.0,334,0.11,0.09626589
0.55,33600.0,0.19250801,0.16457947,-12.271648,0.8221245,6720.0,335,0.11,0.09636703
0.55,33700.0,0.19249971,0.16464446,-9.299077,0.82212734,6740.0,336,0.15,0.09646316
0.45,33800.0,0.19250454,0.16466933,-13.330688,0.8221287,6760.0,337,0.18,0.09652084
0.35,33900.0,0.1924978,0.16478205,-13.027611,0.8221231,6780.0,338,0.11,0.096630394
0.5,34000.0,0.19250718,0.16484526,-11.876368,0.822179,6800.0,339,0.11,0.096720956
0.4,34100.0,0.19250353,0.16491324,-15.197019,0.8221335,6820.0,340,0.09,0.096762955
0.35,34200.0,0.19250639,0.1649492,-15.5449705,0.8221229,6840.0,341,0.1,0.09677777
0.4,34300.0,0.1924954,0.16496114,-12.964526,0.8221059,6860.0,342,0.12,0.096824214
0.45,34400.0,0.1924898,0.16507302,-13.66181,0.8220832,6880.0,343,0.15,0.09687679
0.3,34500.0,0.19249012,0.1650954,-18.386478,0.8221019,6900.0,344,0.11,0.096889846
0.3,34600.0,0.19248016,0.16514112,-15.5040865,0.8221295,6920.0,345,0.12,0.096949294
0.35,34700.0,0.19247435,0.16516791,-14.100459,0.82217073,6940.0,346,0.13,0.09697918
0.5,34800.0,0.19245973,0.16519243,-13.234411,0.8221908,6960.0,347,0.13,0.09701746
0.55,34900.0,0.19245788,0.16522394,-12.598464,0.8221863,6980.0,348,0.13,0.09706502
0.4,35000.0,0.19245611,0.16521885,-15.9300785,0.822205,7000.0,349,0.14,0.09709182
0.45,35100.0,0.19245237,0.1652234,-13.043131,0.82223886,7020.0,350,0.18,0.09716203
0.1,35200.0,0.19244795,0.16518746,-12.085696,0.82227033,7040.0,351,0.22,0.097164914
0.45,35300.0,0.19243349,0.16520488,-11.616964,0.8222708,7060.0,352,0.16,0.09717332
0.45,35400.0,0.19241361,0.16519482,-11.354067,0.8222781,7080.0,353,0.15,0.09717821
0.55,35500.0,0.19239408,0.16522194,-10.374593,0.8222738,7100.0,354,0.18,0.097209826
0.45,35600.0,0.19238798,0.16521521,-11.653971,0.82231325,7120.0,355,0.15,0.097235404
0.4,35700.0,0.19238214,0.1652068,-11.520548,0.8223326,7140.0,356,0.18,0.09725302
0.25,35800.0,0.19236702,0.16520442,-14.107776,0.8223514,7160.0,357,0.18,0.09730855
0.25,35900.0,0.19237165,0.16521911,-12.574314,0.82240635,7180.0,358,0.18,0.09736237
0.55,36000.0,0.19236238,0.1652773,-10.433623,0.82241017,7200.0,359,0.16,0.09744015
0.35,36100.0,0.19235164,0.1653137,-9.1516485,0.82238716,7220.0,360,0.15,0.09747597
0.4,36200.0,0.19234222,0.16536982,-12.325313,0.82247335,7240.0,361,0.15,0.097539224
0.2,36300.0,0.19233,0.16550837,-11.815405,0.82248527,7260.0,362,0.12,0.09760493
0.4,36400.0,0.19231826,0.16553043,-8.594618,0.82259303,7280.0,363,0.1,0.097640105
0.2,36500.0,0.1923023,0.16551079,-10.8048115,0.8226816,7300.0,364,0.08,0.09765694
0.2,36600.0,0.19228077,0.16565017,-11.553366,0.822727,7320.0,365,0.11,0.09776397
0.15,36700.0,0.19226038,0.16572668,-14.173688,0.82277846,7340.0,366,0.08,0.09784188
0.2,36800.0,0.192254,0.16574866,-13.861052,0.82287335,7360.0,367,0.06,0.097831585
0.2,36900.0,0.1922534,0.16588001,-13.034513,0.8229639,7380.0,368,0.09,0.09788687
0.35,37000.0,0.19224404,0.16595995,-11.209418,0.82303214,7400.0,369,0.07,0.09788554
0.35,37100.0,0.19225878,0.16602856,-12.944368,0.82316417,7420.0,370,0.06,0.09788739
0.3,37200.0,0.19225878,0.16602291,-12.781905,0.82322985,7440.0,371,0.09,0.097878106
0.35,37300.0,0.19223902,0.16617455,-12.164275,0.82322556,7460.0,372,0.08,0.09795373
0.3,37400.0,0.192236,0.16632648,-15.712036,0.8233003,7480.0,373,0.07,0.09800557
0.05,37500.0,0.192236,0.16641797,-16.486647,0.8233566,7500.0,374,0.11,0.09803241
0.6,37600.0,0.1922324,0.16641432,-11.311243,0.8233874,7520.0,375,0.12,0.09805642
0.35,37700.0,0.19223112,0.16646774,-13.62908,0.82340646,7540.0,376,0.13,0.09812112
0.4,37800.0,0.1922124,0.16658004,-14.213242,0.8233344,7560.0,377,0.16,0.0982039
0.55,37900.0,0.19221225,0.16654457,-11.093917,0.8233809,7580.0,378,0.16,0.098193735
0.4,38000.0,0.19221371,0.16659375,-11.429127,0.8233905,7600.0,379,0.1,0.09824933
0.5,38100.0,0.19220562,0.1666389,-15.086145,0.82335955,7620.0,380,0.13,0.098273076
0.5,38200.0,0.19220112,0.16665222,-12.440839,0.8233213,7640.0,381,0.16,0.098308265
0.5,38300.0,0.19219922,0.16659738,-15.914526,0.823313,7660.0,382,0.17,0.09828008
0.3,38400.0,0.19221728,0.1665462,-15.605405,0.823353,7680.0,383,0.12,0.09826133
0.5,38500.0,0.19221416,0.16652603,-13.917071,0.8233266,7700.0,384,0.22,0.098276
0.6,38600.0,0.19221535,0.16653882,-8.601917,0.823379,7720.0,385,0.2,0.09829503
0.4,38700.0,0.1922145,0.16658208,-18.81844,0.8233661,7740.0,386,0.15,0.0982998
0.35,38800.0,0.1922102,0.16658,-13.657771,0.82335377,7760.0,387,0.12,0.09831186
0.15,38900.0,0.19220026,0.16654477,-18.653807,0.82335,7780.0,388,0.17,0.09828371
0.3,39000.0,0.19220099,0.16659121,-16.762766,0.8233524,7800.0,389,0.2,0.09830615
0.5,39100.0,0.19219494,0.16659671,-15.395198,0.8233884,7820.0,390,0.16,0.09831187
0.3,39200.0,0.19219188,0.16655348,-14.970184,0.8234265,7840.0,391,0.16,0.09828462
0.5,39300.0,0.19217825,0.1665569,-15.4819765,0.8234489,7860.0,392,0.13,0.098298766
0.5,39400.0,0.19216923,0.16647522,-14.968356,0.82346684,7880.0,393,0.14,0.09827783
0.45,39500.0,0.19216523,0.16649435,-17.59727,0.82348114,7900.0,394,0.14,0.09830553
0.35,39600.0,0.19217956,0.16643013,-18.779877,0.8235321,7920.0,395,0.13,0.09828229
0.45,39700.0,0.19216155,0.16643257,-14.138272,0.8235204,7940.0,396,0.16,0.098281756
0.5,39800.0,0.19215912,0.16640702,-13.095659,0.82349825,7960.0,397,0.21,0.09830102
0.35,39900.0,0.19216427,0.16639021,-11.004522,0.8235313,7980.0,398,0.17,0.098371945
0.2,40000.0,0.19217356,0.16638781,-15.5879545,0.8235356,8000.0,399,0.1,0.09842253
0.25,40100.0,0.19218078,0.1663831,-14.728098,0.8235441,8020.0,400,0.15,0.09844546
0.45,40200.0,0.192178,0.16637923,-13.193611,0.8235409,8040.0,401,0.23,0.098463096
0.55,40300.0,0.19217868,0.16640316,-11.79085,0.82352036,8060.0,402,0.18,0.09851944
0.45,40400.0,0.19218628,0.16636676,-9.741818,0.8235181,8080.0,403,0.17,0.09851271
0.55,40500.0,0.19219638,0.16637279,-12.034073,0.82356673,8100.0,404,0.13,0.09852355
0.6,40600.0,0.19219874,0.16633976,-12.004152,0.82357216,8120.0,405,0.13,0.098555714
0.5,40700.0,0.19219893,0.16633809,-11.905432,0.82353956,8140.0,406,0.13,0.09857509
0.45,40800.0,0.19221081,0.16632694,-11.168559,0.82358986,8160.0,407,0.19,0.09856187
0.8,40900.0,0.19221233,0.16632234,-9.291139,0.82363653,8180.0,408,0.17,0.0986686
0.5,41000.0,0.19222906,0.16635479,-9.450495,0.82366014,8200.0,409,0.11,0.09868999
0.65,41100.0,0.19222738,0.16631626,-8.402606,0.8237124,8220.0,410,0.11,0.09867785
0.55,41200.0,0.19223684,0.16627124,-9.928451,0.8237715,8240.0,411,0.14,0.09869506
0.3,41300.0,0.19223507,0.16634376,-11.0196295,0.82377595,8260.0,412,0.11,0.098781064
0.3,41400.0,0.19222173,0.16643058,-11.922534,0.8237532,8280.0,413,0.19,0.09882432
0.2,41500.0,0.19220838,0.16641024,-13.848437,0.82379407,8300.0,414,0.17,0.09885604
0.5,41600.0,0.19221239,0.16638461,-12.199656,0.82386655,8320.0,415,0.09,0.098871514
0.5,41700.0,0.19220753,0.16642351,-11.430892,0.82384443,8340.0,416,0.14,0.0989363
0.7,41800.0,0.192203,0.16644959,-8.216398,0.82382053,8360.0,417,0.19,0.09898711
0.3,41900.0,0.19221798,0.1664444,-11.391341,0.82384247,8380.0,418,0.18,0.09903826
0.5,42000.0,0.19221601,0.16642201,-9.203061,0.8238452,8400.0,419,0.17,0.0990594
0.5,42100.0,0.19221683,0.16647016,-12.552788,0.8238682,8420.0,420,0.1,0.099103115
0.4,42200.0,0.19220501,0.16647151,-12.622498,0.8238588,8440.0,421,0.07,0.09916009
0.5,42300.0,0.19220091,0.16647874,-10.75386,0.82384604,8460.0,422,0.15,0.099166796
0.4,42400.0,0.1922184,0.16644935,-13.329287,0.8238775,8480.0,423,0.14,0.09916308
0.45,42500.0,0.19222267,0.16640131,-12.976828,0.82390076,8500.0,424,0.11,0.09913898
0.6,42600.0,0.19223042,0.16637363,-10.045639,0.8239451,8520.0,425,0.1,0.09912703
0.3,42700.0,0.19222909,0.16632606,-12.011,0.8239655,8540.0,426,0.18,0.099106684
0.8,42800.0,0.19223914,0.16628452,-10.195573,0.8240096,8560.0,427,0.17,0.09909883
0.3,42900.0,0.19223589,0.16627659,-13.078372,0.8240035,8580.0,428,0.11,0.09910539
0.55,43000.0,0.19222973,0.16631722,-11.409124,0.8239812,8600.0,429,0.18,0.099132836
0.6,43100.0,0.19223602,0.16633214,-10.924882,0.82402056,8620.0,430,0.07,0.0991308
0.7,43200.0,0.19222568,0.16635595,-10.807993,0.8240404,8640.0,431,0.2,0.099140406
0.35,43300.0,0.1922174,0.16634962,-13.511874,0.82401484,8660.0,432,0.18,0.09914283
0.7,43400.0,0.19222298,0.16628034,-11.003927,0.8240557,8680.0,433,0.22,0.099110745
0.6,43500.0,0.19221821,0.166267,-11.63793,0.8240471,8700.0,434,0.1,0.099107064
0.6,43600.0,0.19222027,0.16628553,-14.128756,0.82407635,8720.0,435,0.2,0.09914252
0.55,43700.0,0.19222505,0.16631155,-11.66292,0.8240762,8740.0,436,0.18,0.099155016
0.6,43800.0,0.19223084,0.16633292,-12.556437,0.82407635,8760.0,437,0.12,0.099169455
0.25,43900.0,0.19222648,0.1663288,-16.341854,0.82409173,8780.0,438,0.21,0.099197395
0.6,44000.0,0.19222918,0.16627644,-14.160095,0.8241513,8800.0,439,0.13,0.09918121
0.5,44100.0,0.19223362,0.1663113,-12.1023445,0.8241779,8820.0,440,0.16,0.099218056
0.45,44200.0,0.19222595,0.16637644,-11.347556,0.82413006,8840.0,441,0.15,0.09930129
0.5,44300.0,0.19222404,0.16637497,-13.571523,0.8241288,8860.0,442,0.1,0.099337004
0.4,44400.0,0.19221625,0.16640699,-16.623316,0.8241303,8880.0,443,0.14,0.099401146
0.4,44500.0,0.19221008,0.16646655,-11.796621,0.8240846,8900.0,444,0.19,0.09943288
0.5,44600.0,0.19221365,0.1665157,-12.569765,0.8240888,8920.0,445,0.13,0.09953223
0.25,44700.0,0.19221246,0.16653399,-16.349087,0.8240623,8940.0,446,0.17,0.099559486
0.35,44800.0,0.1922064,0.1665513,-15.244211,0.8240452,8960.0,447,0.2,0.09959174
0.5,44900.0,0.1921993,0.16656636,-12.662549,0.82404345,8980.0,448,0.14,0.099621
0.25,45000.0,0.19219752,0.16655606,-17.038715,0.82404894,9000.0,449,0.13,0.09967401
0.65,45100.0,0.19219775,0.16655111,-12.04709,0.8240328,9020.0,450,0.25,0.099717766
0.45,45200.0,0.19220261,0.16653363,-15.933026,0.82401896,9040.0,451,0.23,0.09972476
0.5,45300.0,0.19220468,0.16653895,-14.160985,0.8240414,9060.0,452,0.12,0.099715374
0.4,45400.0,0.1922163,0.16658272,-14.641034,0.8240593,9080.0,453,0.14,0.099755116
0.5,45500.0,0.19221668,0.16658013,-10.532696,0.8240946,9100.0,454,0.14,0.09977791
0.45,45600.0,0.19220729,0.16659674,-13.721674,0.824061,9120.0,455,0.13,0.09980054
0.4,45700.0,0.19220604,0.16660352,-13.179327,0.8240662,9140.0,456,0.18,0.099825926
0.45,45800.0,0.19221315,0.16661833,-15.34268,0.82408136,9160.0,457,0.21,0.099889725
0.3,45900.0,0.19222164,0.16661407,-15.815251,0.824094,9180.0,458,0.19,0.09990621
0.5,46000.0,0.19223374,0.16658096,-13.032852,0.8241393,9200.0,459,0.16,0.09990668
0.55,46100.0,0.19223875,0.16657367,-12.286511,0.8241543,9220.0,460,0.2,0.099893026
0.65,46200.0,0.19225086,0.16653591,-10.896428,0.82420343,9240.0,461,0.12,0.09986121
0.45,46300.0,0.19223914,0.16653246,-10.975771,0.8241735,9260.0,462,0.13,0.099896215
0.6,46400.0,0.19223851,0.16649155,-10.8557,0.8241829,9280.0,463,0.13,0.09986541
0.5,46500.0,0.19224353,0.16644548,-11.121019,0.824199,9300.0,464,0.14,0.099850036
0.65,46600.0,0.19224115,0.16647898,-11.040724,0.8241858,9320.0,465,0.17,0.09983028
0.6,46700.0,0.19224092,0.16646968,-13.2923,0.82418203,9340.0,466,0.19,0.09982497
0.35,46800.0,0.19223842,0.16650277,-16.721691,0.8241644,9360.0,467,0.22,0.09988755
0.6,46900.0,0.19223978,0.16647665,-12.694818,0.8241907,9380.0,468,0.17,0.09987647
0.5,47000.0,0.19223718,0.16648708,-15.10642,0.8242083,9400.0,469,0.12,0.09991019
0.6,47100.0,0.1922328,0.16645867,-7.7924223,0.82424325,9420.0,470,0.22,0.099887416
0.5,47200.0,0.1922311,0.16644806,-14.297214,0.8242528,9440.0,471,0.16,0.09988009
0.6,47300.0,0.19223978,0.16644152,-15.958979,0.82429147,9460.0,472,0.13,0.09986213
0.7,47400.0,0.19224587,0.16643171,-9.722578,0.8243429,9480.0,473,0.16,0.09986747
0.65,47500.0,0.19224796,0.16640079,-12.2852955,0.824375,9500.0,474,0.17,0.09985688
0.6,47600.0,0.19224566,0.16640161,-14.249876,0.82437056,9520.0,475,0.17,0.09987409
0.45,47700.0,0.1922431,0.16638304,-12.936768,0.82437706,9540.0,476,0.16,0.09989339
0.5,47800.0,0.19224411,0.1663631,-14.394976,0.8244016,9560.0,477,0.19,0.099891596
0.8,47900.0,0.19225654,0.16638394,-9.149214,0.8244123,9580.0,478,0.22,0.09991002
0.75,48000.0,0.19225849,0.16640212,-10.175669,0.8244377,9600.0,479,0.2,0.09996615
0.6,48100.0,0.19225875,0.16640161,-11.7193365,0.82445234,9620.0,480,0.21,0.09996113
0.45,48200.0,0.19225809,0.16640492,-13.980443,0.8244676,9640.0,481,0.17,0.09997909
0.6,48300.0,0.19226642,0.16644095,-12.796069,0.8244622,9660.0,482,0.17,0.09998693
0.6,48400.0,0.19226547,0.1664223,-14.610809,0.8244743,9680.0,483,0.15,0.1000079
0.3,48500.0,0.19226904,0.16639726,-14.663996,0.8245065,9700.0,484,0.14,0.100032285
0.5,48600.0,0.19227271,0.16638806,-11.156462,0.82451886,9720.0,485,0.16,0.10005086
0.45,48700.0,0.19226614,0.166387,-13.959906,0.8245105,9740.0,486,0.18,0.10005209
0.35,48800.0,0.19227704,0.16635683,-12.170446,0.8245298,9760.0,487,0.19,0.10011427
0.5,48900.0,0.19227487,0.16639854,-9.671669,0.82453305,9780.0,488,0.21,0.10015756
0.45,49000.0,0.1922724,0.16638334,-10.153076,0.82453585,9800.0,489,0.23,0.10018394
0.4,49100.0,0.1922606,0.16643669,-9.086028,0.824472,9820.0,490,0.19,0.10024912
0.4,49200.0,0.19223559,0.16646561,-10.525109,0.8243813,9840.0,491,0.08,0.100355
0.4,49300.0,0.1922189,0.16647683,-7.4753256,0.8242994,9860.0,492,0.05,0.10042678
0.25,49400.0,0.19219975,0.16651255,-8.902847,0.8241868,9880.0,493,0.09,0.1004893
0.15,49500.0,0.19218186,0.16653351,-9.22221,0.8241067,9900.0,494,0.09,0.10048048
0.15,49600.0,0.19216163,0.1665302,-9.069461,0.8240177,9920.0,495,0.11,0.10044257
0.3,49700.0,0.19214651,0.16652068,-8.497047,0.82394904,9940.0,496,0.06,0.10043688
0.2,49800.0,0.19212669,0.16651869,-9.878937,0.8238945,9960.0,497,0.09,0.10041387
0.2,49900.0,0.19211477,0.16649024,-12.200691,0.82384306,9980.0,498,0.13,0.10037242
0.15,50000.0,0.19209342,0.16653995,-12.464192,0.8237638,10000.0,499,0.1,0.10035464
0.3,50100.0,0.19207889,0.16655685,-10.313055,0.82369536,10020.0,500,0.09,0.10032569
0.15,50200.0,0.19205725,0.16658793,-11.554201,0.823617,10040.0,501,0.07,0.10030506
0.35,50300.0,0.1920389,0.16661789,-11.87423,0.823544,10060.0,502,0.11,0.10028373
0.45,50400.0,0.1920275,0.16668941,-9.513341,0.8234686,10080.0,503,0.08,0.1002911
0.25,50500.0,0.19201413,0.16668226,-16.058117,0.82340306,10100.0,504,0.14,0.10027801
0.3,50600.0,0.19200918,0.1666853,-13.988248,0.82339185,10120.0,505,0.11,0.10025826
0.3,50700.0,0.19200952,0.16666837,-15.93206,0.8233881,10140.0,506,0.19,0.10026297
0.35,50800.0,0.19200915,0.16674961,-13.485538,0.82336515,10160.0,507,0.16,0.10030805
0.55,50900.0,0.1920068,0.16680205,-10.822639,0.82336134,10180.0,508,0.16,0.10033161
0.3,51000.0,0.19200538,0.166816,-15.123146,0.8233728,10200.0,509,0.17,0.10037006
0.5,51100.0,0.19201975,0.16678415,-11.505522,0.8233919,10220.0,510,0.17,0.10037896
0.45,51200.0,0.19202307,0.16683353,-13.642771,0.82340175,10240.0,511,0.14,0.10041207
0.4,51300.0,0.19203566,0.16688095,-14.941483,0.8234144,10260.0,512,0.21,0.10044162
0.5,51400.0,0.19204898,0.16688615,-11.479481,0.8234206,10280.0,513,0.2,0.100457184
0.4,51500.0,0.19206981,0.16685915,-12.898181,0.8234404,10300.0,514,0.17,0.10045112
0.35,51600.0,0.19208528,0.16686554,-13.893704,0.8234753,10320.0,515,0.23,0.10047659
0.45,51700.0,0.19209942,0.16687298,-12.258377,0.82349443,10340.0,516,0.13,0.100500345
0.55,51800.0,0.1921108,0.16683121,-11.161604,0.8235276,10360.0,517,0.23,0.100478105
0.6,51900.0,0.19213343,0.16685982,-13.576902,0.8235707,10380.0,518,0.16,0.10053161
0.4,52000.0,0.19214001,0.16685806,-15.208311,0.82359105,10400.0,519,0.23,0.10054073
0.5,52100.0,0.19214942,0.16685276,-13.671896,0.8236124,10420.0,520,0.2,0.10054533
0.7,52200.0,0.19215384,0.1668499,-9.088102,0.8236151,10440.0,521,0.2,0.10055764
0.6,52300.0,0.19215305,0.1668636,-11.812014,0.8235906,10460.0,522,0.17,0.10057042
0.4,52400.0,0.19215453,0.16685991,-13.119072,0.82360774,10480.0,523,0.23,0.100588076
0.6,52500.0,0.19215931,0.1668425,-13.059461,0.82362443,10500.0,524,0.18,0.100576855
0.5,52600.0,0.19216512,0.16681302,-13.688707,0.8236275,10520.0,525,0.14,0.10059766
0.45,52700.0,0.19217832,0.16682106,-13.342557,0.823646,10540.0,526,0.14,0.10061756
0.4,52800.0,0.19218679,0.16681845,-13.749492,0.8236437,10560.0,527,0.16,0.10063152
0.4,52900.0,0.19219057,0.16680408,-11.0330515,0.82368416,10580.0,528,0.17,0.10063734
0.4,53000.0,0.19219424,0.16680561,-14.589617,0.82367665,10600.0,529,0.16,0.100647174
0.5,53100.0,0.19220671,0.16678806,-11.600143,0.82369685,10620.0,530,0.14,0.10062731
0.5,53200.0,0.19220653,0.1668297,-14.8204975,0.8236812,10640.0,531,0.15,0.10063375
0.5,53300.0,0.19220814,0.16686362,-12.270858,0.8236644,10660.0,532,0.19,0.10064227
0.65,53400.0,0.19220966,0.16685396,-12.456209,0.8236496,10680.0,533,0.18,0.100659
0.55,53500.0,0.19221203,0.16688389,-9.613612,0.82365113,10700.0,534,0.17,0.10068366
0.45,53600.0,0.19221169,0.16690771,-13.335281,0.823637,10720.0,535,0.24,0.1006963
0.55,53700.0,0.19221565,0.16691834,-10.941476,0.82362556,10740.0,536,0.19,0.10071367
0.5,53800.0,0.19221492,0.16691251,-12.78669,0.82362026,10760.0,537,0.2,0.10070773
0.2,53900.0,0.19220993,0.16691063,-13.322476,0.8236123,10780.0,538,0.12,0.10072149
0.45,54000.0,0.19220488,0.16689803,-11.764036,0.8236125,10800.0,539,0.18,0.10072089
0.25,54100.0,0.1922037,0.16686904,-11.623927,0.8236211,10820.0,540,0.15,0.10072289
0.5,54200.0,0.19220825,0.16686554,-10.492424,0.8236281,10840.0,541,0.26,0.10071979
0.55,54300.0,0.19220957,0.16683795,-10.494082,0.8236441,10860.0,542,0.16,0.10071935
0.65,54400.0,0.19222136,0.16682756,-8.477874,0.82365346,10880.0,543,0.13,0.10072273
0.4,54500.0,0.19222811,0.16683841,-11.581291,0.82364243,10900.0,544,0.16,0.10074983
0.5,54600.0,0.19223295,0.1668306,-10.207255,0.82366127,10920.0,545,0.21,0.100746505
0.7,54700.0,0.19222623,0.16685951,-9.718873,0.8236497,10940.0,546,0.19,0.10076848
0.3,54800.0,0.19222568,0.16685204,-11.126566,0.8236291,10960.0,547,0.19,0.10075999
0.4,54900.0,0.19222704,0.16684549,-9.08497,0.8236334,10980.0,548,0.23,0.10077783
0.5,55000.0,0.19222786,0.16683571,-12.292471,0.8236105,11000.0,549,0.2,0.10080321
0.5,55100.0,0.19223528,0.16681494,-10.598953,0.82361764,11020.0,550,0.2,0.100831
0.6,55200.0,0.1922379,0.1668046,-10.492503,0.8236124,11040.0,551,0.21,0.10082181
0.55,55300.0,0.19223526,0.16681777,-12.928975,0.8235758,11060.0,552,0.25,0.10082453
0.45,55400.0,0.19224094,0.16681023,-12.155312,0.8236111,11080.0,553,0.18,0.10082912
0.5,55500.0,0.19224396,0.16677423,-12.706093,0.8236266,11100.0,554,0.18,0.10081424
0.55,55600.0,0.19224343,0.16677338,-12.000614,0.82360166,11120.0,555,0.25,0.10081996
0.55,55700.0,0.1922438,0.16676635,-10.267059,0.8235915,11140.0,556,0.18,0.100803435
0.55,55800.0,0.19223927,0.16678697,-11.977179,0.8235926,11160.0,557,0.2,0.10081237
0.55,55900.0,0.19224331,0.16677625,-12.790245,0.8236025,11180.0,558,0.13,0.10085582
0.45,56000.0,0.19225095,0.16678281,-10.838895,0.823631,11200.0,559,0.21,0.10085052
0.6,56100.0,0.19225828,0.16679202,-11.157855,0.8236451,11220.0,560,0.23,0.1008916
0.3,56200.0,0.19225912,0.16682148,-12.310225,0.82360816,11240.0,561,0.14,0.10091704
0.55,56300.0,0.19226108,0.16684252,-10.758322,0.8236039,11260.0,562,0.19,0.10094649
0.65,56400.0,0.19226791,0.16687174,-8.277945,0.82362825,11280.0,563,0.16,0.10099073
0.4,56500.0,0.19227369,0.166875,-11.439754,0.82366973,11300.0,564,0.19,0.101011164
0.3,56600.0,0.19227162,0.16687785,-15.536997,0.8236769,11320.0,565,0.23,0.10101642
0.5,56700.0,0.1922775,0.16688359,-11.607339,0.8236819,11340.0,566,0.16,0.101017505
0.3,56800.0,0.19228798,0.16688831,-14.459372,0.82368636,11360.0,567,0.17,0.1010562
0.7,56900.0,0.1922858,0.16694558,-12.302298,0.82368594,11380.0,568,0.15,0.10108413
0.6,57000.0,0.1922892,0.1669233,-10.612421,0.8237055,11400.0,569,0.2,0.10108062
0.45,57100.0,0.19229843,0.16692358,-13.551306,0.82372814,11420.0,570,0.16,0.10109143
0.3,57200.0,0.19230495,0.16691642,-14.433194,0.82372326,11440.0,571,0.19,0.101110674
0.7,57300.0,0.19230725,0.16692491,-10.762519,0.82373947,11460.0,572,0.19,0.10111652
0.65,57400.0,0.19231679,0.1669405,-12.678757,0.8237524,11480.0,573,0.15,0.10115954
0.45,57500.0,0.19231965,0.16695385,-13.202505,0.823745,11500.0,574,0.21,0.10119631
0.8,57600.0,0.19232789,0.1670055,-9.288122,0.82376575,11520.0,575,0.11,0.10123482
0.55,57700.0,0.19234161,0.16700538,-13.631422,0.8237688,11540.0,576,0.2,0.10126699
0.5,57800.0,0.19234675,0.1669985,-14.041437,0.8237655,11560.0,577,0.28,0.10128068
0.55,57900.0,0.19235538,0.167018,-12.290762,0.8237748,11580.0,578,0.29,0.101295836
0.5,58000.0,0.192358,0.16702266,-11.234827,0.8238017,11600.0,579,0.2,0.101327084
0.6,58100.0,0.19236538,0.16703515,-10.030386,0.82380015,11620.0,580,0.15,0.10132691
0.45,58200.0,0.19236653,0.16712117,-13.202904,0.8237796,11640.0,581,0.25,0.101382054
0.6,58300.0,0.19236177,0.16714783,-10.531076,0.82376814,11660.0,582,0.19,0.10140558
0.65,58400.0,0.19236635,0.1671723,-11.016896,0.82376623,11680.0,583,0.17,0.10142695
0.45,58500.0,0.19237661,0.16714835,-15.557889,0.82380253,11700.0,584,0.25,0.10141522
0.45,58600.0,0.1923695,0.16714115,-13.887448,0.8237882,11720.0,585,0.2,0.101415835
0.5,58700.0,0.19237675,0.16715467,-11.924189,0.82381386,11740.0,586,0.18,0.10141158
0.55,58800.0,0.1923863,0.16717649,-11.984715,0.82381314,11760.0,587,0.19,0.10141784
0.5,58900.0,0.19239126,0.16720898,-8.778559,0.82379276,11780.0,588,0.21,0.10143432
0.6,59000.0,0.1923974,0.1672858,-9.818841,0.8237891,11800.0,589,0.11,0.10145951
0.4,59100.0,0.19240516,0.16728462,-15.285711,0.8238056,11820.0,590,0.22,0.10146612
0.3,59200.0,0.19240534,0.16727774,-15.721364,0.8237873,11840.0,591,0.25,0.1014659
0.6,59300.0,0.19241361,0.1672883,-10.198702,0.82378983,11860.0,592,0.15,0.10150278
0.45,59400.0,0.19242759,0.1672814,-13.616262,0.82382154,11880.0,593,0.23,0.101515725
0.4,59500.0,0.19243664,0.16726136,-12.254428,0.8238284,11900.0,594,0.19,0.101526804
0.3,59600.0,0.192439,0.1672592,-14.023607,0.8238289,11920.0,595,0.23,0.101532824
0.35,59700.0,0.19245273,0.16723913,-16.17836,0.82383806,11940.0,596,0.25,0.10152528
0.5,59800.0,0.1924662,0.16723798,-11.341795,0.82385105,11960.0,597,0.19,0.10152142
0.45,59900.0,0.19247645,0.16725661,-8.749641,0.8238333,11980.0,598,0.15,0.101565026
0.5,60000.0,0.19247878,0.16728562,-8.171193,0.8238451,12000.0,599,0.16,0.10159152
0.6,60100.0,0.19247861,0.16730754,-8.704449,0.82384855,12020.0,600,0.21,0.10161212
0.4,60200.0,0.19248365,0.1673463,-14.298004,0.8238329,12040.0,601,0.17,0.10163417
0.6,60300.0,0.19248812,0.16733034,-10.132658,0.8238327,12060.0,602,0.22,0.10162106
0.35,60400.0,0.19249079,0.16733098,-12.578848,0.8238411,12080.0,603,0.24,0.10161876
0.55,60500.0,0.19249125,0.16732645,-12.360887,0.82384807,12100.0,604,0.24,0.10163358
0.35,60600.0,0.19249697,0.16735344,-15.657499,0.82383996,12120.0,605,0.2,0.101649836
0.4,60700.0,0.19250782,0.1673282,-12.581806,0.82383054,12140.0,606,0.26,0.10164115
0.35,60800.0,0.19251877,0.16734745,-12.534076,0.8238297,12160.0,607,0.14,0.10163993
0.25,60900.0,0.1925193,0.16734542,-14.715179,0.8238074,12180.0,608,0.14,0.10163972
0.5,61000.0,0.19252464,0.16734324,-13.435022,0.8237954,12200.0,609,0.16,0.101645425
0.6,61100.0,0.19251592,0.16735493,-10.030046,0.82376224,12220.0,610,0.16,0.101672165
0.3,61200.0,0.19251592,0.16737914,-14.301569,0.82374984,12240.0,611,0.16,0.10172029
0.45,61300.0,0.19252376,0.16736229,-13.23866,0.8237447,12260.0,612,0.18,0.101714484
0.45,61400.0,0.19253197,0.16735548,-14.930069,0.8237529,12280.0,613,0.14,0.101713344
0.45,61500.0,0.1925292,0.16733481,-12.599764,0.82372636,12300.0,614,0.19,0.10171699
0.55,61600.0,0.19253662,0.16728711,-11.5567875,0.8237478,12320.0,615,0.16,0.10168457
0.15,61700.0,0.19252943,0.16731459,-21.095064,0.82371885,12340.0,616,0.13,0.10169946
0.5,61800.0,0.19253206,0.16732167,-14.6154,0.82372,12360.0,617,0.15,0.10172255
0.45,61900.0,0.19252853,0.16735332,-14.930316,0.82367116,12380.0,618,0.19,0.101736344
0.4,62000.0,0.19253458,0.16739248,-15.451327,0.82366014,12400.0,619,0.18,0.101772815
0.4,62100.0,0.19253355,0.16738872,-14.208471,0.82366467,12420.0,620,0.19,0.101786986
0.55,62200.0,0.19253603,0.16735947,-11.286007,0.82366085,12440.0,621,0.22,0.101785995
0.5,62300.0,0.19253361,0.16739644,-13.29359,0.82362527,12460.0,622,0.18,0.10181924
0.55,62400.0,0.19254065,0.16738512,-11.352659,0.82363206,12480.0,623,0.22,0.101825066
0.3,62500.0,0.19254445,0.16740781,-10.681859,0.8236596,12500.0,624,0.2,0.101856664
0.4,62600.0,0.19253449,0.16742188,-12.301773,0.8236405,12520.0,625,0.18,0.101889506
0.35,62700.0,0.19253609,0.16744047,-13.562221,0.82364315,12540.0,626,0.15,0.101903245
0.35,62800.0,0.19252682,0.16743505,-12.1895895,0.8236456,12560.0,627,0.16,0.101891756
0.2,62900.0,0.19251488,0.16744304,-12.207179,0.8236185,12580.0,628,0.2,0.10192151
0.45,63000.0,0.19251832,0.16745526,-13.122167,0.82364804,12600.0,629,0.16,0.1019317
0.15,63100.0,0.19250593,0.16741753,-13.016011,0.82362574,12620.0,630,0.15,0.10191241
0.1,63200.0,0.19249174,0.16741396,-13.398069,0.8235874,12640.0,631,0.1,0.10191411
0.1,63300.0,0.19248228,0.16739966,-11.657853,0.823548,12660.0,632,0.11,0.101883456
0.05,63400.0,0.19245915,0.16740651,-10.420374,0.82346755,12680.0,633,0.09,0.101882935
0.1,63500.0,0.19244274,0.16742162,-12.873407,0.8233941,12700.0,634,0.06,0.10185646
0.25,63600.0,0.1924259,0.1674205,-11.331648,0.8233065,12720.0,635,0.06,0.10183359
0.15,63700.0,0.19240375,0.16744117,-14.968164,0.82321507,12740.0,636,0.14,0.10182585
0.3,63800.0,0.1923908,0.16744871,-12.633346,0.82313675,12760.0,637,0.11,0.101805955
0.15,63900.0,0.1923732,0.16748299,-15.374414,0.82307,12780.0,638,0.09,0.10180053
0.25,64000.0,0.19236156,0.1675029,-16.008392,0.8230093,12800.0,639,0.12,0.1017912
0.25,64100.0,0.19234675,0.16753662,-13.984607,0.8229262,12820.0,640,0.1,0.10178668
0.2,64200.0,0.19233821,0.16756772,-13.656769,0.8228705,12840.0,641,0.09,0.101799294
0.45,64300.0,0.19233112,0.16756757,-14.818576,0.8228068,12860.0,642,0.1,0.10179903
0.5,64400.0,0.19232363,0.16758893,-13.092819,0.82275605,12880.0,643,0.12,0.10181899
0.2,64500.0,0.19231816,0.1676035,-16.584694,0.8227293,12900.0,644,0.11,0.101823136
0.45,64600.0,0.19230576,0.16763411,-13.134778,0.82267696,12920.0,645,0.12,0.101841584
0.45,64700.0,0.19230705,0.16761748,-12.990962,0.82265735,12940.0,646,0.2,0.10183749
0.55,64800.0,0.19229965,0.16762589,-13.199472,0.82263476,12960.0,647,0.16,0.10186268
0.35,64900.0,0.19230005,0.16767216,-13.270854,0.8225956,12980.0,648,0.17,0.1018923
0.3,65000.0,0.19229247,0.16768794,-13.635689,0.8225582,13000.0,649,0.15,0.10191816
0.65,65100.0,0.19229038,0.16769288,-12.160924,0.822551,13020.0,650,0.15,0.10193505
0.45,65200.0,0.19228233,0.16772728,-16.20727,0.82251745,13040.0,651,0.11,0.101967566
0.3,65300.0,0.19228166,0.16774456,-18.83372,0.82249355,13060.0,652,0.2,0.10198948
0.5,65400.0,0.19228092,0.16777359,-13.011327,0.82247,13080.0,653,0.27,0.10200782
0.4,65500.0,0.19227415,0.16776466,-17.308361,0.82243663,13100.0,654,0.21,0.10200059
0.55,65600.0,0.19226885,0.16782852,-12.098824,0.822387,13120.0,655,0.18,0.10202251
0.4,65700.0,0.19226873,0.1678098,-16.058447,0.8223736,13140.0,656,0.23,0.102017276
0.6,65800.0,0.19226353,0.16781746,-14.066233,0.8223434,13160.0,657,0.25,0.10201606
0.7,65900.0,0.19226512,0.1678229,-12.236937,0.82234436,13180.0,658,0.17,0.1020184
0.7,66000.0,0.19225651,0.16784693,-7.865471,0.8223116,13200.0,659,0.18,0.1020568
0.3,66100.0,0.19225067,0.16783832,-11.545909,0.8222928,13220.0,660,0.21,0.102084056
0.55,66200.0,0.19224577,0.16784523,-10.04784,0.8222656,13240.0,661,0.22,0.10213666
0.4,66300.0,0.19223344,0.16787194,-9.871521,0.8221905,13260.0,662,0.14,0.10219531
0.25,66400.0,0.19222008,0.1679302,-6.5210876,0.8221154,13280.0,663,0.08,0.10227391
0.3,66500.0,0.19220504,0.1679404,-9.717742,0.82202905,13300.0,664,0.1,0.102306545
0.3,66600.0,0.1921966,0.16797036,-6.2212625,0.8219576,13320.0,665,0.13,0.10232811
0.35,66700.0,0.19217974,0.16802742,-7.7571135,0.82187295,13340.0,666,0.07,0.10233202
0.2,66800.0,0.19215876,0.16806918,-5.6839385,0.8217721,13360.0,667,0.13,0.10233937
0.1,66900.0,0.19214769,0.16807835,-6.209464,0.82170725,13380.0,668,0.17,0.10232403
0.25,67000.0,0.19213447,0.16807818,-6.2379665,0.82162637,13400.0,669,0.14,0.102305725
0.45,67100.0,0.19211872,0.16809486,-5.742842,0.8215418,13420.0,670,0.11,0.102280945
0.2,67200.0,0.19210693,0.16811134,-9.679563,0.8214826,13440.0,671,0.19,0.10227158
0.2,67300.0,0.1920961,0.16815324,-8.009264,0.821413,13460.0,672,0.09,0.10228066
0.45,67400.0,0.19208093,0.16817279,-7.565745,0.8213466,13480.0,673,0.15,0.10226264
0.35,67500.0,0.1920677,0.16820508,-8.4926815,0.8212715,13500.0,674,0.12,0.10227285
0.35,67600.0,0.19205865,0.16822948,-8.664579,0.8211954,13520.0,675,0.11,0.10230432
0.2,67700.0,0.19204605,0.16826253,-12.686464,0.82113475,13540.0,676,0.16,0.10231933
0.25,67800.0,0.192031,0.1682784,-10.806797,0.82105535,13560.0,677,0.17,0.102315724
0.15,67900.0,0.19202238,0.16826873,-12.493818,0.82102185,13580.0,678,0.12,0.10232364
0.3,68000.0,0.19201225,0.16828215,-10.8576355,0.8209689,13600.0,679,0.09,0.10232959
0.3,68100.0,0.19200706,0.1683092,-12.624144,0.82091874,13620.0,680,0.16,0.10234355
0.3,68200.0,0.19200104,0.16831404,-13.673468,0.82088566,13640.0,681,0.15,0.10232618
0.4,68300.0,0.19199587,0.16832455,-12.721263,0.8208433,13660.0,682,0.14,0.10231053
0.65,68400.0,0.19199686,0.1683621,-10.834978,0.8208184,13680.0,683,0.22,0.102310225
0.4,68500.0,0.19199187,0.16838445,-13.73895,0.82077837,13700.0,684,0.18,0.10231462
0.45,68600.0,0.19198614,0.16841102,-11.277784,0.82074267,13720.0,685,0.19,0.10231429
0.45,68700.0,0.19199024,0.16839671,-12.46921,0.8207345,13740.0,686,0.22,0.10232097
0.5,68800.0,0.19199182,0.16838224,-12.403799,0.8207261,13760.0,687,0.21,0.10231069
0.5,68900.0,0.19199502,0.16839015,-13.412893,0.8207206,13780.0,688,0.15,0.10232816
0.45,69000.0,0.19199882,0.16834754,-13.244848,0.82073087,13800.0,689,0.15,0.1023083
0.25,69100.0,0.19199196,0.16838633,-15.148905,0.8206954,13820.0,690,0.23,0.102363065
0.45,69200.0,0.1919973,0.16840541,-14.831528,0.82070297,13840.0,691,0.15,0.102383286
0.65,69300.0,0.19199522,0.16843899,-10.522791,0.8206571,13860.0,692,0.21,0.10242328
0.35,69400.0,0.19199255,0.16843998,-13.690061,0.82064825,13880.0,693,0.19,0.10243122
0.6,69500.0,0.19200443,0.16844904,-12.394625,0.82066244,13900.0,694,0.14,0.102435954
0.65,69600.0,0.1920034,0.16847508,-10.248508,0.82063645,13920.0,695,0.23,0.10246458
0.5,69700.0,0.19200201,0.16851115,-14.1639385,0.82062817,13940.0,696,0.26,0.10249411
0.4,69800.0,0.19199608,0.16853647,-16.849623,0.82062817,13960.0,697,0.15,0.10252734
0.45,69900.0,0.1919989,0.16851602,-11.639365,0.82063603,13980.0,698,0.22,0.102520205
0.35,70000.0,0.19200596,0.1685137,-12.780585,0.8206401,14000.0,699,0.2,0.102525994
0.45,70100.0,0.19200473,0.16852044,-12.194979,0.8206373,14020.0,700,0.21,0.10253886
0.55,70200.0,0.19200067,0.16853404,-14.474335,0.8206174,14040.0,701,0.15,0.102565296
0.25,70300.0,0.19200692,0.16852629,-13.701864,0.82061696,14060.0,702,0.17,0.10255666
0.3,70400.0,0.19200528,0.16852319,-15.990168,0.82062775,14080.0,703,0.15,0.102562554
0.2,70500.0,0.19199175,0.16853975,-14.0176525,0.8206009,14100.0,704,0.18,0.1025954
0.4,70600.0,0.19198933,0.16856222,-14.370458,0.82061833,14120.0,705,0.13,0.10262912
0.25,70700.0,0.19199228,0.16856955,-16.665522,0.8206218,14140.0,706,0.13,0.1026224
0.25,70800.0,0.1919981,0.16856676,-15.520554,0.82063943,14160.0,707,0.16,0.10261737
0.35,70900.0,0.19200078,0.16854244,-16.774076,0.82063884,14180.0,708,0.21,0.10261096
0.35,71000.0,0.19199903,0.16855682,-16.475605,0.8206508,14200.0,709,0.18,0.10261666
0.15,71100.0,0.19200552,0.168573,-14.3384495,0.8206665,14220.0,710,0.18,0.10264348
0.5,71200.0,0.19200672,0.16856925,-13.59803,0.8206541,14240.0,711,0.2,0.10266049
0.55,71300.0,0.19200613,0.16856493,-11.156958,0.82066154,14260.0,712,0.22,0.102691755
0.55,71400.0,0.19201203,0.16856374,-13.288904,0.8206713,14280.0,713,0.22,0.10269391
0.6,71500.0,0.19201681,0.16857128,-12.718441,0.8206701,14300.0,714,0.2,0.10270123
0.45,71600.0,0.19201715,0.16856629,-14.278101,0.820653,14320.0,715,0.2,0.102702476
0.55,71700.0,0.19201092,0.16858123,-7.688573,0.8206485,14340.0,716,0.25,0.10274334
0.5,71800.0,0.19201058,0.16857089,-16.288136,0.82063246,14360.0,717,0.2,0.10274768
0.45,71900.0,0.19200957,0.16857387,-15.370102,0.82061666,14380.0,718,0.26,0.1027592
0.6,72000.0,0.1920181,0.16854922,-13.121829,0.82062596,14400.0,719,0.25,0.10274751
0.4,72100.0,0.19201529,0.16852184,-11.528751,0.8206348,14420.0,720,0.25,0.102734186
0.65,72200.0,0.19202305,0.168546,-11.533777,0.82064575,14440.0,721,0.18,0.102765515
0.7,72300.0,0.19202374,0.16853166,-10.266698,0.82065487,14460.0,722,0.22,0.102761135
0.75,72400.0,0.19202282,0.16855286,-9.395239,0.8206499,14480.0,723,0.17,0.10278331
0.35,72500.0,0.19202308,0.1685627,-13.461754,0.8206439,14500.0,724,0.16,0.10278922
0.75,72600.0,0.19202219,0.1685946,-8.130741,0.82064843,14520.0,725,0.19,0.102817446
0.55,72700.0,0.19202377,0.1685891,-11.673251,0.82066274,14540.0,726,0.21,0.10282213
0.25,72800.0,0.19202314,0.16860326,-13.580729,0.8206551,14560.0,727,0.28,0.10282317
0.6,72900.0,0.19202186,0.16861635,-11.6304455,0.82064396,14580.0,728,0.11,0.10282926
0.45,73000.0,0.19202627,0.16860317,-13.257362,0.82066244,14600.0,729,0.21,0.10282269
0.4,73100.0,0.19203524,0.16859114,-13.833677,0.82067615,14620.0,730,0.11,0.10283985
0.25,73200.0,0.1920439,0.16858679,-16.67054,0.820683,14640.0,731,0.16,0.102858156
0.65,73300.0,0.19204596,0.16859077,-11.296702,0.82069224,14660.0,732,0.22,0.10285053
0.65,73400.0,0.19204997,0.16859627,-8.471798,0.8206892,14680.0,733,0.19,0.10284996
0.6,73500.0,0.19205073,0.16859327,-10.200069,0.82069415,14700.0,734,0.25,0.102849245
0.5,73600.0,0.19205582,0.16859853,-14.422064,0.8207008,14720.0,735,0.23,0.10287148
0.55,73700.0,0.19205831,0.1686049,-11.164851,0.8207132,14740.0,736,0.16,0.10289937
0.45,73800.0,0.19206952,0.16857886,-12.535722,0.8207353,14760.0,737,0.18,0.10289255
0.65,73900.0,0.19207114,0.16855437,-10.363943,0.8207486,14780.0,738,0.21,0.102883235
0.4,74000.0,0.19207643,0.16852348,-11.743855,0.8207628,14800.0,739,0.24,0.10287202
0.35,74100.0,0.19207972,0.16850017,-11.48289,0.82076246,14820.0,740,0.15,0.102864526
0.4,74200.0,0.19208461,0.16850765,-17.846632,0.82075644,14840.0,741,0.2,0.10286025
0.5,74300.0,0.19208568,0.16852571,-12.189792,0.8207433,14860.0,742,0.18,0.10286564
0.55,74400.0,0.19208398,0.16851431,-9.396108,0.8207477,14880.0,743,0.21,0.10287667
0.6,74500.0,0.1920869,0.16851276,-11.410527,0.8207566,14900.0,744,0.22,0.10287969
0.55,74600.0,0.19209509,0.16849642,-12.643807,0.82077456,14920.0,745,0.2,0.102879345
0.4,74700.0,0.1920928,0.16849552,-14.655802,0.8207752,14940.0,746,0.2,0.102894716
0.25,74800.0,0.19209254,0.16847257,-14.336034,0.8207796,14960.0,747,0.2,0.102883235
0.55,74900.0,0.19209754,0.16847897,-10.765368,0.8207986,14980.0,748,0.2,0.10290605
0.5,75000.0,0.19210187,0.16845608,-13.157163,0.82080436,15000.0,749,0.18,0.102915764
0.5,75100.0,0.19210412,0.16845362,-10.831855,0.8208081,15020.0,750,0.21,0.10290266
0.6,75200.0,0.192108,0.16845925,-11.563873,0.8208177,15040.0,751,0.21,0.10290928
0.3,75300.0,0.19210596,0.16845143,-11.343324,0.8208165,15060.0,752,0.21,0.1029233
0.65,75400.0,0.19211048,0.16843235,-11.415275,0.8208056,15080.0,753,0.22,0.10292146
0.5,75500.0,0.19210939,0.1684243,-12.031928,0.8207998,15100.0,754,0.19,0.10292388
0.5,75600.0,0.19211179,0.16842069,-13.231668,0.82081574,15120.0,755,0.16,0.102925666
0.45,75700.0,0.19211735,0.16841643,-12.265592,0.8208308,15140.0,756,0.13,0.10292027
0.6,75800.0,0.19212711,0.16839693,-8.895572,0.82084876,15160.0,757,0.22,0.1029407
0.7,75900.0,0.19213068,0.16839914,-8.630397,0.8208572,15180.0,758,0.24,0.102945864
0.65,76000.0,0.19213669,0.16841106,-8.292219,0.82087225,15200.0,759,0.09,0.10296157
0.35,76100.0,0.19213895,0.16842498,-11.776685,0.8208816,15220.0,760,0.19,0.10297091
0.6,76200.0,0.19214912,0.16843702,-7.260423,0.8209012,15240.0,761,0.22,0.1029944
0.5,76300.0,0.19215025,0.16840701,-12.938883,0.820898,15260.0,762,0.25,0.10300004
0.4,76400.0,0.19215113,0.16841131,-10.640173,0.82091254,15280.0,763,0.2,0.10301556
0.5,76500.0,0.1921549,0.16840394,-10.766184,0.82091707,15300.0,764,0.22,0.10301144
0.55,76600.0,0.19215705,0.1683913,-10.867713,0.82092285,15320.0,765,0.24,0.103009984
0.6,76700.0,0.19215664,0.16841705,-9.899407,0.8209265,15340.0,766,0.23,0.10301555
0.4,76800.0,0.19215474,0.1684102,-14.045217,0.8209155,15360.0,767,0.28,0.103009745
0.55,76900.0,0.1921544,0.16840209,-10.874661,0.82092637,15380.0,768,0.21,0.10300186
0.45,77000.0,0.19216171,0.16840583,-11.435625,0.82095236,15400.0,769,0.2,0.10300833
0.55,77100.0,0.19216523,0.16841471,-11.867231,0.82094574,15420.0,770,0.21,0.10301797
0.4,77200.0,0.19216946,0.16841072,-12.389037,0.8209653,15440.0,771,0.29,0.103023395
0.3,77300.0,0.19217023,0.16839635,-10.598788,0.8209801,15460.0,772,0.14,0.10301576
0.6,77400.0,0.19216894,0.1683756,-7.5053077,0.8209782,15480.0,773,0.2,0.103040226
0.3,77500.0,0.1921723,0.1683708,-14.11922,0.8209948,15500.0,774,0.15,0.10305678
0.45,77600.0,0.19216897,0.1683753,-12.745554,0.82100004,15520.0,775,0.21,0.103058234
0.55,77700.0,0.19217527,0.16834725,-11.911657,0.82102174,15540.0,776,0.22,0.103051804
0.55,77800.0,0.19218008,0.1683572,-11.323108,0.8210458,15560.0,777,0.18,0.10306189
0.25,77900.0,0.19217137,0.16836725,-11.593775,0.8210332,15580.0,778,0.16,0.103087634
0.4,78000.0,0.19216776,0.16835903,-7.196463,0.8210373,15600.0,779,0.22,0.103099495
0.4,78100.0,0.19217464,0.1683401,-12.794148,0.8210558,15620.0,780,0.25,0.10309566
0.55,78200.0,0.19217722,0.16833381,-11.511594,0.8210648,15640.0,781,0.24,0.10308611
0.5,78300.0,0.19218385,0.16835509,-11.813722,0.8210852,15660.0,782,0.16,0.103113644
0.6,78400.0,0.19218685,0.16834033,-10.143636,0.8211135,15680.0,783,0.18,0.10310962
0.45,78500.0,0.1921878,0.16833697,-13.233243,0.8211264,15700.0,784,0.15,0.10310918
0.4,78600.0,0.19219188,0.16832618,-12.704233,0.821142,15720.0,785,0.19,0.1031008
0.6,78700.0,0.19219472,0.16833155,-9.778083,0.82115155,15740.0,786,0.18,0.10311945
0.45,78800.0,0.1921957,0.16832657,-9.786433,0.8211679,15760.0,787,0.19,0.103134416
0.4,78900.0,0.1921969,0.16830653,-13.729414,0.8211856,15780.0,788,0.16,0.10314206
0.6,79000.0,0.19220623,0.16831279,-9.865524,0.82120854,15800.0,789,0.14,0.10314553
0.6,79100.0,0.19220906,0.16830446,-11.849141,0.8212275,15820.0,790,0.26,0.103129014
0.5,79200.0,0.19221273,0.16828327,-9.72765,0.8212425,15840.0,791,0.22,0.10312172
0.65,79300.0,0.192214,0.16825627,-12.252517,0.8212466,15860.0,792,0.18,0.10311141
0.2,79400.0,0.19221586,0.16825908,-16.793797,0.8212645,15880.0,793,0.14,0.10310753
0.45,79500.0,0.192219,0.16823243,-12.994865,0.82127076,15900.0,794,0.22,0.103110164
0.45,79600.0,0.19222704,0.16821706,-13.679378,0.8212971,15920.0,795,0.15,0.1031145
0.4,79700.0,0.19222902,0.16819178,-17.523157,0.8213155,15940.0,796,0.18,0.103102334
0.4,79800.0,0.19222566,0.16821545,-14.103274,0.82130384,15960.0,797,0.22,0.10311882
0.35,79900.0,0.19223364,0.16819255,-17.045996,0.82133126,15980.0,798,0.16,0.10312642
0.5,80000.0,0.19222702,0.16821377,-10.545903,0.8213232,16000.0,799,0.18,0.103155985
0.55,80100.0,0.19222756,0.16821106,-13.085858,0.82132727,16020.0,800,0.17,0.10316409
0.65,80200.0,0.19223,0.16817968,-13.533391,0.8213537,16040.0,801,0.21,0.10315255
0.6,80300.0,0.19223358,0.16818547,-11.719307,0.8213485,16060.0,802,0.2,0.10316022
0.45,80400.0,0.19223729,0.16816278,-15.81707,0.8213735,16080.0,803,0.24,0.10316201
0.5,80500.0,0.19224125,0.16814826,-12.621811,0.8213851,16100.0,804,0.26,0.103151314
0.65,80600.0,0.19224073,0.16813879,-14.384638,0.82140523,16120.0,805,0.19,0.103150226
0.5,80700.0,0.19223733,0.16813834,-11.573041,0.82138973,16140.0,806,0.18,0.10314694
0.6,80800.0,0.19224106,0.16811888,-10.168691,0.8213951,16160.0,807,0.2,0.10313525
0.55,80900.0,0.19224733,0.1681187,-14.743347,0.8214213,16180.0,808,0.23,0.103140146
0.45,81000.0,0.19224577,0.16809331,-15.730855,0.82142854,16200.0,809,0.21,0.103137515
0.6,81100.0,0.19224411,0.16807576,-10.485576,0.82144237,16220.0,810,0.27,0.103125714
0.4,81200.0,0.19224569,0.16806708,-13.908583,0.8214579,16240.0,811,0.19,0.10313073
0.6,81300.0,0.19223921,0.16805686,-11.56996,0.8214446,16260.0,812,0.14,0.10314403
0.45,81400.0,0.19223863,0.16805953,-13.8181505,0.82145005,16280.0,813,0.22,0.10314999
0.6,81500.0,0.19223656,0.16805589,-12.656463,0.8214473,16300.0,814,0.23,0.10315841
0.5,81600.0,0.19223733,0.16806094,-12.053116,0.821444,16320.0,815,0.17,0.10315207
0.4,81700.0,0.19223906,0.16805434,-14.265073,0.82143927,16340.0,816,0.23,0.10314437
0.75,81800.0,0.19223805,0.16807912,-10.62747,0.8214135,16360.0,817,0.27,0.10315646
0.5,81900.0,0.19223282,0.16807197,-13.910902,0.8213868,16380.0,818,0.24,0.10316651
0.7,82000.0,0.19223243,0.16807036,-11.532826,0.821389,16400.0,819,0.22,0.10316749
0.45,82100.0,0.19222718,0.16807723,-13.06568,0.8213773,16420.0,820,0.17,0.103167124
0.75,82200.0,0.19222103,0.16810648,-12.3594055,0.8213532,16440.0,821,0.18,0.103195526
0.4,82300.0,0.19221593,0.16809171,-14.985906,0.82134676,16460.0,822,0.29,0.10319914
0.45,82400.0,0.1922193,0.16808484,-17.230984,0.8213584,16480.0,823,0.16,0.10321487
0.8,82500.0,0.19221714,0.16808312,-10.398445,0.82136416,16500.0,824,0.2,0.10321126
0.55,82600.0,0.19221154,0.16805707,-13.529722,0.8213654,16520.0,825,0.32,0.10320677
0.6,82700.0,0.19221236,0.16806619,-15.506635,0.8213671,16540.0,826,0.2,0.10321918
0.45,82800.0,0.19221292,0.16803704,-18.306362,0.8213832,16560.0,827,0.15,0.10320073
0.55,82900.0,0.19221266,0.16802871,-12.021978,0.8213807,16580.0,828,0.24,0.10319055
0.6,83000.0,0.19221587,0.16802235,-10.634022,0.8213792,16600.0,829,0.17,0.103190765
0.5,83100.0,0.19221185,0.16802238,-14.622174,0.8213746,16620.0,830,0.21,0.10320312
0.5,83200.0,0.1922096,0.16801582,-14.527716,0.821377,16640.0,831,0.2,0.10321068
0.6,83300.0,0.19221427,0.16805482,-14.036464,0.8213897,16660.0,832,0.26,0.10324233
0.55,83400.0,0.19221675,0.16804053,-12.0824175,0.821382,16680.0,833,0.2,0.10323398
0.7,83500.0,0.19221015,0.1680365,-10.837603,0.821369,16700.0,834,0.24,0.103241414
0.65,83600.0,0.19220984,0.16801512,-12.857092,0.8213722,16720.0,835,0.3,0.103241965
0.7,83700.0,0.19221291,0.16800255,-11.999514,0.82139254,16740.0,836,0.16,0.10325208
0.55,83800.0,0.19221921,0.16801287,-14.505945,0.82141274,16760.0,837,0.25,0.103263654
0.6,83900.0,0.19222888,0.16800152,-11.7892885,0.8214285,16780.0,838,0.23,0.10328229
0.5,84000.0,0.19223723,0.16799772,-14.563704,0.8214497,16800.0,839,0.25,0.10329543
0.7,84100.0,0.19224311,0.16800034,-9.730245,0.82144505,16820.0,840,0.26,0.103309385
0.45,84200.0,0.19224285,0.16799428,-7.521257,0.82145983,16840.0,841,0.23,0.10334173
0.5,84300.0,0.19224611,0.16799013,-8.196459,0.82149315,16860.0,842,0.14,0.103346035
0.25,84400.0,0.19224887,0.1679703,-13.250493,0.8214925,16880.0,843,0.21,0.10335765
0.6,84500.0,0.19225419,0.16796814,-9.321127,0.8215132,16900.0,844,0.22,0.103369646
0.55,84600.0,0.19225892,0.16796608,-8.177034,0.8215205,16920.0,845,0.25,0.10338657
0.45,84700.0,0.19225729,0.16794892,-11.477849,0.82151705,16940.0,846,0.3,0.1034092
0.55,84800.0,0.19225925,0.16791935,-11.578804,0.82153255,16960.0,847,0.18,0.10341558
0.55,84900.0,0.19225927,0.16788475,-7.511281,0.8215334,16980.0,848,0.22,0.103415325
0.55,85000.0,0.19226584,0.16788404,-7.347005,0.8215499,17000.0,849,0.16,0.103432104
0.5,85100.0,0.19226822,0.16786619,-10.061809,0.821572,17020.0,850,0.16,0.10342917
0.45,85200.0,0.19226608,0.16786748,-9.000408,0.8215843,17040.0,851,0.16,0.10344188
0.5,85300.0,0.19226721,0.16789179,-8.421532,0.8216043,17060.0,852,0.26,0.103465885
0.6,85400.0,0.19227259,0.16791047,-9.619734,0.82161015,17080.0,853,0.18,0.10349001
0.3,85500.0,0.19227387,0.16790949,-9.689445,0.82161015,17100.0,854,0.23,0.10349648
0.5,85600.0,0.19227159,0.16789436,-9.677976,0.82160777,17120.0,855,0.25,0.103519775
0.45,85700.0,0.19227384,0.16790909,-11.995413,0.82161397,17140.0,856,0.17,0.103534356
0.65,85800.0,0.19227463,0.16794515,-7.226023,0.82160527,17160.0,857,0.25,0.10355125
0.45,85900.0,0.19227901,0.16796255,-10.861479,0.82162577,17180.0,858,0.12,0.10356202
0.45,86000.0,0.19228306,0.16796905,-11.502278,0.82163805,17200.0,859,0.18,0.103557795
0.5,86100.0,0.19228584,0.16794263,-15.826399,0.82164294,17220.0,860,0.22,0.103545934
0.35,86200.0,0.1922875,0.16795118,-13.724173,0.8216602,17240.0,861,0.16,0.10354852
0.45,86300.0,0.1922863,0.16793902,-13.14049,0.82166845,17260.0,862,0.21,0.10356201
0.55,86400.0,0.19228262,0.16793446,-11.88365,0.82166934,17280.0,863,0.18,0.103566624
0.65,86500.0,0.1922837,0.16796915,-10.444889,0.8216562,17300.0,864,0.17,0.10357526
0.55,86600.0,0.19228163,0.16798277,-10.938852,0.82164425,17320.0,865,0.22,0.1036098
0.35,86700.0,0.1922833,0.16797908,-12.554398,0.8216538,17340.0,866,0.2,0.10361034
0.35,86800.0,0.19228363,0.16799778,-18.062294,0.82165164,17360.0,867,0.18,0.103622176
0.4,86900.0,0.19228584,0.16799368,-12.818953,0.8216637,17380.0,868,0.2,0.10361853
0.65,87000.0,0.1922846,0.1679721,-13.558647,0.8216605,17400.0,869,0.22,0.10362035
0.65,87100.0,0.19228393,0.16799076,-8.734648,0.8216761,17420.0,870,0.13,0.103619754
0.45,87200.0,0.19228786,0.16800058,-16.043009,0.82167894,17440.0,871,0.27,0.10363843
0.8,87300.0,0.19229405,0.16800706,-9.2598295,0.8216875,17460.0,872,0.23,0.103653215
0.6,87400.0,0.19229236,0.16799231,-11.817796,0.82167953,17480.0,873,0.29,0.10365504
0.4,87500.0,0.19229583,0.16798057,-14.946802,0.8216951,17500.0,874,0.27,0.10367103
0.6,87600.0,0.19230093,0.16796596,-10.268927,0.8217074,17520.0,875,0.19,0.103661545
0.45,87700.0,0.1923032,0.1679789,-15.44486,0.8217225,17540.0,876,0.17,0.10368362
0.6,87800.0,0.192295,0.16800238,-14.43881,0.82171303,17560.0,877,0.22,0.10371556
0.5,87900.0,0.19229832,0.1680165,-13.347363,0.8217291,17580.0,878,0.15,0.10372227
0.55,88000.0,0.19230112,0.16803795,-11.807082,0.8217388,17600.0,879,0.15,0.10374308
0.65,88100.0,0.19230337,0.16804242,-10.101468,0.821753,17620.0,880,0.19,0.10374583
0.3,88200.0,0.1923052,0.16803963,-15.743042,0.8217514,17640.0,881,0.26,0.10374334
0.35,88300.0,0.19230486,0.1680374,-11.849574,0.8217657,17660.0,882,0.13,0.103749186
0.45,88400.0,0.19230427,0.16803424,-14.391314,0.82175803,17680.0,883,0.25,0.10375579
0.2,88500.0,0.19230822,0.16803914,-16.221352,0.8217795,17700.0,884,0.24,0.10374648
0.45,88600.0,0.19230863,0.16801105,-12.572326,0.8217838,17720.0,885,0.25,0.10373501
0.4,88700.0,0.19231096,0.16801547,-15.033809,0.8217812,17740.0,886,0.24,0.10375659
0.8,88800.0,0.19231178,0.16801943,-8.669401,0.82177395,17760.0,887,0.18,0.10376031
0.6,88900.0,0.19231597,0.16801496,-10.376309,0.82178694,17780.0,888,0.28,0.10375827
0.35,89000.0,0.19231705,0.16803806,-15.471651,0.8217874,17800.0,889,0.29,0.103760675
0.55,89100.0,0.19231682,0.16803902,-9.861757,0.821791,17820.0,890,0.22,0.10375585
0.6,89200.0,0.19231951,0.16803028,-9.468747,0.82180715,17840.0,891,0.25,0.10374959
0.75,89300.0,0.19231874,0.16804838,-6.6370125,0.82179993,17860.0,892,0.19,0.103754185
0.4,89400.0,0.19231823,0.16806822,-15.27827,0.8218059,17880.0,893,0.2,0.1037563
0.55,89500.0,0.19231606,0.16811232,-10.675838,0.8217978,17900.0,894,0.19,0.103785515
0.7,89600.0,0.19231904,0.1680979,-8.768272,0.8217955,17920.0,895,0.29,0.103776865
0.45,89700.0,0.192323,0.16807432,-13.241827,0.8218089,17940.0,896,0.24,0.10376475
0.6,89800.0,0.19231857,0.16810821,-9.321608,0.8217991,17960.0,897,0.14,0.103791915
0.4,89900.0,0.19231614,0.16809167,-14.836093,0.82179993,17980.0,898,0.25,0.1037893
0.55,90000.0,0.19232655,0.16807896,-9.450211,0.8218234,18000.0,899,0.2,0.1037848
0.5,90100.0,0.19232386,0.16809826,-12.020044,0.8218312,18020.0,900,0.21,0.103806674
0.55,90200.0,0.19232398,0.16812724,-9.867917,0.82183903,18040.0,901,0.21,0.103813335
0.5,90300.0,0.19232628,0.16811256,-12.942067,0.8218321,18060.0,902,0.25,0.1038245
0.45,90400.0,0.19232693,0.16810702,-11.40289,0.8218462,18080.0,903,0.2,0.10383616
0.45,90500.0,0.19233197,0.16810668,-9.133322,0.8218565,18100.0,904,0.22,0.10384566
0.45,90600.0,0.19233085,0.16810937,-8.619468,0.82185936,18120.0,905,0.16,0.10385657
0.05,90700.0,0.19233474,0.16812275,-13.075421,0.82187134,18140.0,906,0.18,0.10387948
0.15,90800.0,0.19234264,0.16812862,-10.633806,0.8219056,18160.0,907,0.05,0.1039194
0.1,90900.0,0.19234917,0.16814405,-13.464096,0.8219574,18180.0,908,0.05,0.10394351
0.05,91000.0,0.19235958,0.1681201,-15.55325,0.8219974,18200.0,909,0.04,0.103947066
0.1,91100.0,0.19236536,0.16813594,-16.452982,0.8220288,18220.0,910,0.08,0.10394261
0.15,91200.0,0.19236249,0.1681695,-16.910213,0.822043,18240.0,911,0.1,0.10396701
0.2,91300.0,0.19236477,0.16820204,-12.116643,0.8220361,18260.0,912,0.09,0.1039754
0.25,91400.0,0.1923687,0.1682375,-11.701798,0.82206225,18280.0,913,0.13,0.10398973
0.35,91500.0,0.19237584,0.16825068,-13.042111,0.8220794,18300.0,914,0.13,0.10397777
0.45,91600.0,0.19238347,0.16826053,-11.225836,0.82209533,18320.0,915,0.12,0.10396851
0.4,91700.0,0.19238934,0.1682697,-11.396382,0.82209843,18340.0,916,0.23,0.1039691
0.55,91800.0,0.19238555,0.16828519,-10.795829,0.8220776,18360.0,917,0.23,0.103980854
0.4,91900.0,0.19238807,0.16828875,-12.233263,0.822088,18380.0,918,0.23,0.10398759
0.5,92000.0,0.19239499,0.16828872,-14.069226,0.822088,18400.0,919,0.16,0.103979826
0.65,92100.0,0.19240156,0.1682859,-8.571536,0.8221039,18420.0,920,0.2,0.10396844
0.45,92200.0,0.19240612,0.16829503,-12.836014,0.8221049,18440.0,921,0.21,0.10397088
0.4,92300.0,0.19241178,0.16828793,-13.014049,0.8221078,18460.0,922,0.28,0.10397449
0.6,92400.0,0.19241396,0.1682989,-11.233836,0.8221133,18480.0,923,0.21,0.103982665
0.35,92500.0,0.19242416,0.16829886,-17.059723,0.82213145,18500.0,924,0.18,0.10398438
0.8,92600.0,0.19242807,0.16831636,-6.132833,0.8221372,18520.0,925,0.23,0.10398153
0.5,92700.0,0.19242807,0.16831505,-12.845358,0.8221431,18540.0,926,0.18,0.10397174
0.4,92800.0,0.1924314,0.16832429,-14.648028,0.8221498,18560.0,927,0.21,0.10398464
0.4,92900.0,0.19243215,0.16834019,-14.499596,0.8221586,18580.0,928,0.23,0.10401031
0.55,93000.0,0.19243076,0.1683414,-14.160649,0.82215,18600.0,929,0.24,0.10400571
0.55,93100.0,0.19243225,0.16836137,-13.836789,0.822154,18620.0,930,0.17,0.10401664
0.7,93200.0,0.19243287,0.16837059,-11.440291,0.8221453,18640.0,931,0.25,0.104024686
0.7,93300.0,0.19243488,0.16835447,-13.560405,0.82214713,18660.0,932,0.22,0.10402558
0.65,93400.0,0.1924401,0.16834545,-12.497985,0.82215816,18680.0,933,0.27,0.10402687
0.45,93500.0,0.192447,0.1683438,-17.740343,0.8221697,18700.0,934,0.16,0.10402194
0.6,93600.0,0.19244969,0.1683405,-11.097004,0.82217216,18720.0,935,0.25,0.10401845
0.65,93700.0,0.1924497,0.16834264,-10.996672,0.82215804,18740.0,936,0.24,0.104025215
0.65,93800.0,0.19245149,0.16834788,-10.99627,0.8221503,18760.0,937,0.18,0.10403084
0.6,93900.0,0.19244646,0.16836776,-9.517557,0.8221441,18780.0,938,0.2,0.10404161
0.5,94000.0,0.19244903,0.16835254,-16.536736,0.82214814,18800.0,939,0.26,0.10403905
0.65,94100.0,0.19245167,0.16834824,-11.700498,0.8221476,18820.0,940,0.19,0.10404014
0.8,94200.0,0.1924517,0.1683436,-11.055544,0.82216257,18840.0,941,0.19,0.10403549
0.7,94300.0,0.19245398,0.16832583,-11.612921,0.8221889,18860.0,942,0.24,0.10403449
0.65,94400.0,0.19245644,0.16832423,-9.347415,0.82219654,18880.0,943,0.18,0.10403264
0.6,94500.0,0.19245699,0.1683257,-14.39771,0.82219934,18900.0,944,0.19,0.10403572
0.5,94600.0,0.1924587,0.16831876,-17.510672,0.8222011,18920.0,945,0.2,0.10403098
0.55,94700.0,0.19245945,0.16833675,-10.89661,0.82220435,18940.0,946,0.23,0.104042195
0.45,94800.0,0.19246249,0.16833918,-11.917805,0.8222232,18960.0,947,0.2,0.10403145
0.65,94900.0,0.19246529,0.168346,-9.74679,0.82221717,18980.0,948,0.3,0.10405046
0.7,95000.0,0.1924694,0.16833597,-11.468834,0.82221705,19000.0,949,0.21,0.10403411
0.6,95100.0,0.19246942,0.16831644,-11.966457,0.8222217,19020.0,950,0.29,0.10402299
0.4,95200.0,0.19247301,0.16830708,-11.452754,0.8222378,19040.0,951,0.21,0.104018964
0.4,95300.0,0.19247471,0.16830306,-14.378741,0.82223743,19060.0,952,0.27,0.10402418
0.55,95400.0,0.19247587,0.16829312,-10.841878,0.82223135,19080.0,953,0.3,0.10401422
0.55,95500.0,0.19247627,0.1682905,-13.7632885,0.82222825,19100.0,954,0.25,0.104011394
0.85,95600.0,0.19247442,0.16828437,-8.333746,0.8222206,19120.0,955,0.26,0.10399434
0.6,95700.0,0.19248065,0.16826917,-14.535396,0.8222301,19140.0,956,0.27,0.10398023
0.8,95800.0,0.19248793,0.16826774,-9.352472,0.8222465,19160.0,957,0.23,0.10397391
0.7,95900.0,0.19249459,0.16828682,-9.786485,0.82225305,19180.0,958,0.23,0.10396546
0.4,96000.0,0.19249417,0.16826652,-16.879301,0.82225114,19200.0,959,0.17,0.10395778
0.7,96100.0,0.19249621,0.16825764,-9.652872,0.82226545,19220.0,960,0.26,0.10396054
0.5,96200.0,0.19249502,0.16825557,-12.073369,0.8222634,19240.0,961,0.25,0.103951454
0.6,96300.0,0.19249812,0.16823822,-11.986605,0.8222863,19260.0,962,0.23,0.10394286
0.75,96400.0,0.19250087,0.16823298,-10.5793495,0.82228726,19280.0,963,0.24,0.10393706
0.65,96500.0,0.1925006,0.16823989,-10.113515,0.8222855,19300.0,964,0.14,0.10393327
0.7,96600.0,0.19249994,0.16823621,-11.187342,0.8222847,19320.0,965,0.32,0.10393882
0.9,96700.0,0.1924961,0.1682539,-9.140757,0.8222869,19340.0,966,0.14,0.10394712
0.45,96800.0,0.19249374,0.16824813,-13.565527,0.82229143,19360.0,967,0.28,0.10395183
0.6,96900.0,0.19249403,0.16825414,-10.213602,0.8223002,19380.0,968,0.17,0.103953965
0.75,97000.0,0.19249555,0.16822542,-10.629966,0.82230514,19400.0,969,0.22,0.103944235
0.6,97100.0,0.19249707,0.1682328,-13.111567,0.8223045,19420.0,970,0.19,0.10394538
0.5,97200.0,0.1924985,0.16823679,-14.62637,0.82231814,19440.0,971,0.16,0.10394324
0.7,97300.0,0.19249952,0.1682309,-13.273209,0.82232314,19460.0,972,0.29,0.103936106
0.7,97400.0,0.19249867,0.16823049,-13.523874,0.82233244,19480.0,973,0.3,0.103935726
0.8,97500.0,0.1924969,0.16822727,-10.082534,0.8223255,19500.0,974,0.22,0.10393075
0.65,97600.0,0.19249316,0.16822584,-10.7280445,0.822318,19520.0,975,0.18,0.10395067
0.85,97700.0,0.19249432,0.16822974,-8.602252,0.82233953,19540.0,976,0.14,0.103949696
0.65,97800.0,0.19249883,0.1682046,-12.038256,0.8223467,19560.0,977,0.18,0.10393797
0.45,97900.0,0.1924971,0.16819264,-11.156509,0.8223601,19580.0,978,0.19,0.10393262
0.45,98000.0,0.19249697,0.16819543,-15.586408,0.82235926,19600.0,979,0.27,0.10392907
0.5,98100.0,0.19249529,0.16818546,-11.67304,0.8223605,19620.0,980,0.28,0.103930615
0.65,98200.0,0.19249673,0.16820104,-9.848696,0.82236475,19640.0,981,0.22,0.10393912
0.6,98300.0,0.19249895,0.1682389,-14.636078,0.8223521,19660.0,982,0.23,0.10394986
0.5,98400.0,0.19249769,0.16824107,-12.015452,0.8223503,19680.0,983,0.26,0.103943475
0.5,98500.0,0.19249876,0.16823633,-15.366272,0.82235855,19700.0,984,0.18,0.10395609
0.7,98600.0,0.19249901,0.16822417,-11.4624815,0.8223493,19720.0,985,0.18,0.10395488
0.7,98700.0,0.19249474,0.16823329,-12.7633505,0.8223407,19740.0,986,0.16,0.10396422
0.55,98800.0,0.19249748,0.16823502,-9.546053,0.82233113,19760.0,987,0.17,0.1039721
0.35,98900.0,0.19249791,0.16823538,-11.311984,0.8223303,19780.0,988,0.24,0.103995524
0.35,99000.0,0.19250053,0.16826826,-13.1715145,0.8223303,19800.0,989,0.22,0.104006015
0.3,99100.0,0.19250315,0.1682806,-13.220438,0.8223445,19820.0,990,0.15,0.10403296
0.55,99200.0,0.19250378,0.16827329,-8.029035,0.82235956,19840.0,991,0.2,0.10404096
0.35,99300.0,0.19250298,0.16830166,-14.045868,0.82236177,19860.0,992,0.18,0.10404938
0.65,99400.0,0.19250354,0.1682934,-8.191065,0.8223645,19880.0,993,0.15,0.10406544
0.3,99500.0,0.19250341,0.16829652,-12.902362,0.8223757,19900.0,994,0.18,0.10406806
0.45,99600.0,0.19250363,0.16830833,-9.6705065,0.82236403,19920.0,995,0.2,0.1040805
0.55,99700.0,0.19250168,0.16831978,-10.019283,0.82236797,19940.0,996,0.25,0.104079664
0.65,99800.0,0.19249958,0.16832717,-8.899014,0.82237023,19960.0,997,0.2,0.10407734
0.55,99900.0,0.19249822,0.16834103,-9.344992,0.822373,19980.0,998,0.17,0.104079634
0.7,100000.0,0.19249643,0.16835888,-8.442587,0.82237816,20000.0,999,0.2,0.104098365
