stats_g/mean,test/success_rate,train/success_rate,stats_o/mean,stats_o/std,test/mean_Q,epoch,test/episode,stats_g/std,train/episode
0.8576068,0.0,0.0,0.17878541,0.06024506,-1.6513202,0,20.0,0.116477676,100.0
0.8563283,0.0,0.01,0.17725413,0.05889588,-2.6724138,1,40.0,0.11831828,200.0
0.8523858,0.0,0.01,0.1788296,0.056264266,-3.2147586,2,60.0,0.11935576,300.0
0.85096294,0.0,0.0,0.17815486,0.05493697,-4.6337676,3,80.0,0.11913777,400.0
0.8501981,0.0,0.02,0.17837451,0.053939037,-5.547612,4,100.0,0.11883924,500.0
0.85026073,0.0,0.01,0.17811589,0.053613797,-6.7249603,5,120.0,0.11776254,600.0
0.84862536,0.0,0.01,0.17829245,0.052604083,-7.276282,6,140.0,0.117684044,700.0
0.8511737,0.0,0.01,0.17824629,0.05278126,-6.646266,7,160.0,0.11810503,800.0
0.85039395,0.0,0.0,0.17804955,0.05371295,-7.499948,8,180.0,0.11868235,900.0
0.84947795,0.0,0.0,0.17821631,0.05438718,-9.94662,9,200.0,0.11837264,1000.0
0.84905916,0.0,0.0,0.17813507,0.05542828,-9.924076,10,220.0,0.118128456,1100.0
0.8501167,0.05,0.01,0.17809552,0.055158637,-9.334253,11,240.0,0.118439704,1200.0
0.85006744,0.0,0.0,0.17815569,0.055609617,-11.551636,12,260.0,0.11852831,1300.0
0.84993654,0.0,0.0,0.17839345,0.055265676,-10.169313,13,280.0,0.11811934,1400.0
0.850437,0.05,0.0,0.17825569,0.055714212,-8.924201,14,300.0,0.11788859,1500.0
0.85014826,0.0,0.01,0.17833464,0.055415567,-10.619643,15,320.0,0.117780805,1600.0
0.8503763,0.0,0.01,0.17833737,0.056131173,-8.787636,16,340.0,0.11810938,1700.0
0.8505473,0.0,0.04,0.17840584,0.05703868,-14.0705,17,360.0,0.11779269,1800.0
0.8505516,0.0,0.0,0.17842335,0.058185242,-11.411724,18,380.0,0.11766106,1900.0
0.84982085,0.0,0.01,0.17833088,0.059320137,-12.35346,19,400.0,0.11764401,2000.0
0.85068154,0.05,0.02,0.17833532,0.059766274,-10.990521,20,420.0,0.117811166,2100.0
0.85085267,0.0,0.01,0.1784084,0.059975643,-13.096379,21,440.0,0.11736479,2200.0
0.8510525,0.0,0.0,0.17855439,0.060255412,-12.554562,22,460.0,0.11765993,2300.0
0.85008174,0.05,0.01,0.17870885,0.06046969,-11.670109,23,480.0,0.11770117,2400.0
0.8502657,0.0,0.01,0.17879894,0.061435297,-11.158028,24,500.0,0.11775138,2500.0
0.85031337,0.0,0.02,0.17881726,0.062264033,-11.323189,25,520.0,0.117596686,2600.0
0.8504598,0.0,0.01,0.17887163,0.063388884,-10.801458,26,540.0,0.11757865,2700.0
0.8506331,0.0,0.02,0.17895417,0.06457986,-10.458361,27,560.0,0.11757662,2800.0
0.85051155,0.1,0.02,0.17924652,0.06532284,-9.762133,28,580.0,0.11779648,2900.0
0.85036606,0.0,0.0,0.17946984,0.06663652,-9.903742,29,600.0,0.11795992,3000.0
0.8506033,0.0,0.03,0.17954266,0.06784168,-9.626336,30,620.0,0.11790723,3100.0
0.850303,0.05,0.0,0.17964065,0.068216,-8.956408,31,640.0,0.11785833,3200.0
0.8503005,0.05,0.01,0.17979027,0.0686127,-8.962036,32,660.0,0.11778402,3300.0
0.8500964,0.0,0.01,0.17996971,0.069031015,-9.593595,33,680.0,0.117827326,3400.0
0.84976465,0.05,0.0,0.1800427,0.070383,-10.621512,34,700.0,0.117900796,3500.0
0.84997207,0.0,0.03,0.18010491,0.070721604,-10.347882,35,720.0,0.11809852,3600.0
0.850276,0.0,0.02,0.18016616,0.07148376,-9.727861,36,740.0,0.11809999,3700.0
0.8502222,0.0,0.02,0.18031506,0.07256405,-13.390857,37,760.0,0.118147336,3800.0
0.8503063,0.0,0.02,0.18031128,0.07363269,-8.648862,38,780.0,0.11808946,3900.0
0.85007834,0.05,0.02,0.18032333,0.07475416,-10.011281,39,800.0,0.11810964,4000.0
0.8500951,0.0,0.0,0.18038368,0.0757089,-8.714628,40,820.0,0.118176915,4100.0
0.8501093,0.0,0.0,0.18037467,0.07616746,-9.5754595,41,840.0,0.11812115,4200.0
0.85046345,0.0,0.0,0.18029568,0.076440245,-9.117136,42,860.0,0.11828852,4300.0
0.8503843,0.0,0.0,0.18027994,0.077338286,-8.544512,43,880.0,0.11828601,4400.0
0.8502508,0.0,0.01,0.18038893,0.07776808,-10.64344,44,900.0,0.118300855,4500.0
0.850365,0.0,0.02,0.18039295,0.07816053,-8.354918,45,920.0,0.118409574,4600.0
0.85032517,0.0,0.03,0.18045646,0.07885382,-9.040804,46,940.0,0.11844513,4700.0
0.8503935,0.0,0.02,0.18047696,0.07926863,-8.074098,47,960.0,0.118511,4800.0
0.8504887,0.0,0.01,0.18054627,0.07927625,-6.473365,48,980.0,0.118562736,4900.0
0.85077834,0.0,0.01,0.18064152,0.07952216,-9.522928,49,1000.0,0.118501864,5000.0
0.85086805,0.0,0.01,0.18073057,0.07963263,-7.7974153,50,1020.0,0.11852566,5100.0
0.8510585,0.0,0.01,0.18069597,0.07981881,-10.025377,51,1040.0,0.118680954,5200.0
0.8509286,0.0,0.0,0.18064399,0.079967186,-9.438036,52,1060.0,0.11887596,5300.0
0.85124063,0.0,0.0,0.18054515,0.08064965,-9.10503,53,1080.0,0.118905045,5400.0
0.85117406,0.0,0.01,0.18056917,0.08083633,-8.096205,54,1100.0,0.118959405,5500.0
0.8513925,0.0,0.01,0.18049766,0.08102237,-12.308657,55,1120.0,0.118898146,5600.0
0.8515191,0.0,0.0,0.18041699,0.081292994,-9.585528,56,1140.0,0.11886229,5700.0
0.8515017,0.0,0.01,0.18037999,0.08174424,-12.796948,57,1160.0,0.11889789,5800.0
0.8514612,0.05,0.01,0.18035938,0.08229432,-7.2630415,58,1180.0,0.1189265,5900.0
0.8513141,0.05,0.0,0.18023594,0.0827304,-8.206295,59,1200.0,0.11886408,6000.0
0.8516354,0.05,0.0,0.18022417,0.08300765,-8.369593,60,1220.0,0.11889098,6100.0
0.85171956,0.05,0.0,0.18027386,0.08341523,-9.066198,61,1240.0,0.118869066,6200.0
0.8517532,0.0,0.01,0.18028042,0.083863705,-8.804941,62,1260.0,0.11881878,6300.0
0.8517129,0.0,0.03,0.18027055,0.08400695,-8.873741,63,1280.0,0.118849814,6400.0
0.8520358,0.0,0.01,0.18026939,0.08404622,-5.940855,64,1300.0,0.11888701,6500.0
0.8521665,0.05,0.03,0.18032403,0.08432427,-7.4092546,65,1320.0,0.11893129,6600.0
0.8522875,0.0,0.02,0.18037549,0.084548496,-7.277144,66,1340.0,0.11896371,6700.0
0.85223716,0.0,0.01,0.18039879,0.084507644,-7.410341,67,1360.0,0.1189422,6800.0
0.8523631,0.0,0.02,0.18036272,0.08505904,-6.809064,68,1380.0,0.11891472,6900.0
0.8524143,0.0,0.0,0.18043722,0.08509155,-8.307532,69,1400.0,0.11887679,7000.0
0.85214686,0.0,0.0,0.18045233,0.08501539,-8.398925,70,1420.0,0.11892942,7100.0
0.85225815,0.0,0.01,0.18047185,0.08527413,-8.769178,71,1440.0,0.11894902,7200.0
0.8523292,0.05,0.0,0.18051167,0.085557915,-8.430731,72,1460.0,0.11891381,7300.0
0.8521674,0.0,0.01,0.18053968,0.08564196,-7.9299154,73,1480.0,0.118904054,7400.0
0.8521841,0.0,0.01,0.18060195,0.08573279,-5.9977374,74,1500.0,0.11889007,7500.0
0.85199594,0.0,0.01,0.18062307,0.08596954,-9.402397,75,1520.0,0.11887445,7600.0
0.8521294,0.0,0.02,0.1807039,0.08599679,-6.4469423,76,1540.0,0.1188151,7700.0
0.8520443,0.0,0.0,0.18069015,0.08596241,-7.049478,77,1560.0,0.118799746,7800.0
0.85217386,0.0,0.0,0.18071283,0.08619924,-7.2616377,78,1580.0,0.118761666,7900.0
0.85213804,0.0,0.01,0.1807655,0.08613569,-7.0284433,79,1600.0,0.11877996,8000.0
0.8521393,0.0,0.03,0.18076746,0.08623171,-8.549521,80,1620.0,0.11879629,8100.0
0.85222274,0.0,0.01,0.18081717,0.086310476,-7.038539,81,1640.0,0.11883223,8200.0
0.8522559,0.1,0.02,0.18086891,0.08645831,-8.055877,82,1660.0,0.118890375,8300.0
0.8521905,0.1,0.03,0.18093985,0.08657256,-7.8529105,83,1680.0,0.11889156,8400.0
0.8521593,0.0,0.03,0.18103045,0.08672309,-8.287821,84,1700.0,0.118911065,8500.0
0.8521922,0.05,0.02,0.18107188,0.08677661,-6.3325777,85,1720.0,0.11895788,8600.0
0.85231715,0.05,0.01,0.18113227,0.08667911,-6.8897734,86,1740.0,0.11894184,8700.0
0.85233545,0.0,0.0,0.18116821,0.0866863,-8.172325,87,1760.0,0.11897099,8800.0
0.85228974,0.05,0.01,0.18123418,0.086799234,-7.3589654,88,1780.0,0.11895021,8900.0
0.85237813,0.05,0.03,0.18130346,0.08674791,-5.8419166,89,1800.0,0.11892185,9000.0
0.85250235,0.05,0.01,0.18135092,0.086884946,-7.120851,90,1820.0,0.11885059,9100.0
0.852386,0.05,0.01,0.18134068,0.087087415,-7.231314,91,1840.0,0.118917026,9200.0
0.8523354,0.05,0.0,0.18140338,0.08693721,-6.696485,92,1860.0,0.118918985,9300.0
0.8523934,0.0,0.01,0.18143767,0.087043926,-7.805644,93,1880.0,0.11891705,9400.0
0.85235596,0.0,0.04,0.18145475,0.087139,-7.955373,94,1900.0,0.11893252,9500.0
0.8521998,0.0,0.02,0.18144736,0.08716462,-7.141015,95,1920.0,0.1189023,9600.0
0.85214514,0.05,0.02,0.18145818,0.08714262,-6.745122,96,1940.0,0.11889291,9700.0
0.85195225,0.0,0.02,0.18150577,0.087031916,-6.7044153,97,1960.0,0.11883565,9800.0
0.85190433,0.0,0.01,0.18153329,0.08688794,-8.407213,98,1980.0,0.11887268,9900.0
0.8518993,0.0,0.01,0.18155602,0.087018825,-6.9755845,99,2000.0,0.11886307,10000.0
0.85172147,0.0,0.04,0.18161318,0.08699508,-6.7897735,100,2020.0,0.11884465,10100.0
0.851559,0.1,0.02,0.18165103,0.08708516,-6.855488,101,2040.0,0.118867695,10200.0
0.85151356,0.05,0.01,0.18171711,0.08719466,-6.9913926,102,2060.0,0.11889259,10300.0
0.85156137,0.1,0.06,0.18176468,0.08716304,-6.565028,103,2080.0,0.1188648,10400.0
0.85149145,0.05,0.03,0.1817721,0.08721,-6.3535194,104,2100.0,0.11888804,10500.0
0.8514345,0.1,0.01,0.18181354,0.08715545,-7.0285063,105,2120.0,0.11887153,10600.0
0.8515398,0.0,0.03,0.18183604,0.08714454,-7.272212,106,2140.0,0.11884984,10700.0
0.8515195,0.0,0.04,0.18183823,0.08706134,-6.0529375,107,2160.0,0.11886695,10800.0
0.85155004,0.05,0.02,0.18186788,0.087209746,-6.659443,108,2180.0,0.1188379,10900.0
0.8515524,0.05,0.03,0.1818813,0.08721518,-5.9821386,109,2200.0,0.11881856,11000.0
0.851502,0.05,0.01,0.18187359,0.08721279,-7.001548,110,2220.0,0.11878852,11100.0
0.8515957,0.1,0.04,0.18193693,0.087168664,-6.8333015,111,2240.0,0.11873442,11200.0
0.85151434,0.0,0.0,0.18195052,0.08706464,-5.5443993,112,2260.0,0.11878773,11300.0
0.8515311,0.0,0.05,0.18196432,0.08694497,-6.3039117,113,2280.0,0.11883459,11400.0
0.8515033,0.0,0.04,0.182015,0.0868467,-6.995879,114,2300.0,0.118854105,11500.0
0.851486,0.0,0.04,0.1820448,0.086780205,-7.3142548,115,2320.0,0.118846215,11600.0
0.8513892,0.05,0.03,0.18205035,0.08668393,-6.6659384,116,2340.0,0.118804306,11700.0
0.8513995,0.05,0.05,0.18207856,0.086662285,-7.111562,117,2360.0,0.118840486,11800.0
0.85134333,0.0,0.04,0.18208478,0.08665081,-7.028524,118,2380.0,0.1188434,11900.0
0.8513727,0.05,0.03,0.18212195,0.086584136,-7.8229265,119,2400.0,0.11883706,12000.0
0.8514018,0.05,0.05,0.18218365,0.086537495,-7.40151,120,2420.0,0.11882093,12100.0
0.85149664,0.05,0.01,0.18222024,0.08651717,-6.163884,121,2440.0,0.11883321,12200.0
0.8514566,0.0,0.03,0.18221243,0.08657932,-6.4237237,122,2460.0,0.11881212,12300.0
0.85155815,0.05,0.04,0.18224016,0.086613014,-7.938857,123,2480.0,0.1188122,12400.0
0.8517041,0.05,0.01,0.1822966,0.08672884,-7.3061686,124,2500.0,0.118772395,12500.0
0.85168654,0.1,0.04,0.18230611,0.08677615,-7.728404,125,2520.0,0.11883193,12600.0
0.8516727,0.0,0.02,0.18231474,0.086718835,-8.57818,126,2540.0,0.11888084,12700.0
0.8517151,0.1,0.05,0.18237926,0.08669589,-7.825588,127,2560.0,0.11889052,12800.0
0.8516729,0.1,0.02,0.1824105,0.08666509,-7.2928743,128,2580.0,0.11886102,12900.0
0.8516131,0.05,0.04,0.18245623,0.08664136,-6.575489,129,2600.0,0.11885769,13000.0
0.85162646,0.0,0.04,0.18249682,0.08657815,-7.8942604,130,2620.0,0.118870646,13100.0
0.8515962,0.05,0.02,0.18254419,0.08651097,-7.388386,131,2640.0,0.11892351,13200.0
0.85163087,0.05,0.03,0.18258525,0.08652734,-7.774793,132,2660.0,0.11891826,13300.0
0.8516374,0.0,0.07,0.18262865,0.08652282,-6.464799,133,2680.0,0.11890193,13400.0
0.85155296,0.1,0.0,0.18264124,0.086517766,-7.503456,134,2700.0,0.1188997,13500.0
0.8516138,0.0,0.05,0.18269162,0.08647016,-7.404222,135,2720.0,0.118887804,13600.0
0.85160476,0.1,0.03,0.1827171,0.086432695,-6.3057284,136,2740.0,0.11890008,13700.0
0.85156435,0.05,0.06,0.18273315,0.08650277,-7.564447,137,2760.0,0.11889263,13800.0
0.8516312,0.0,0.04,0.18277964,0.08650821,-6.465453,138,2780.0,0.11886563,13900.0
0.8515813,0.0,0.06,0.18282646,0.08645616,-6.3721037,139,2800.0,0.11882337,14000.0
0.8516834,0.0,0.04,0.18286282,0.086487874,-6.1180177,140,2820.0,0.11881707,14100.0
0.8516281,0.1,0.04,0.18289287,0.08646281,-6.950643,141,2840.0,0.11880509,14200.0
0.8515424,0.0,0.03,0.18292063,0.08642388,-7.0541368,142,2860.0,0.11881789,14300.0
0.8515012,0.0,0.04,0.18294333,0.08644237,-8.069399,143,2880.0,0.11879071,14400.0
0.85149914,0.05,0.06,0.18296403,0.08640277,-9.139099,144,2900.0,0.11876742,14500.0
0.8514867,0.05,0.04,0.18295187,0.08633624,-9.819079,145,2920.0,0.11877453,14600.0
0.8514724,0.05,0.02,0.18296413,0.08636668,-7.2703657,146,2940.0,0.118785314,14700.0
0.8515031,0.15,0.06,0.18300247,0.08634469,-6.31137,147,2960.0,0.1187822,14800.0
0.8515256,0.1,0.02,0.18304941,0.08629756,-6.6778574,148,2980.0,0.11879548,14900.0
0.8515384,0.1,0.02,0.18310098,0.08622737,-5.7804666,149,3000.0,0.11875931,15000.0
0.851618,0.2,0.09,0.18313342,0.08617459,-6.702488,150,3020.0,0.118736625,15100.0
0.85158086,0.1,0.05,0.18316154,0.08621226,-6.377594,151,3040.0,0.118773185,15200.0
0.85154563,0.05,0.03,0.1831915,0.08612367,-7.08085,152,3060.0,0.11876106,15300.0
0.8515322,0.0,0.03,0.1832208,0.086113766,-6.597379,153,3080.0,0.11874453,15400.0
0.85155815,0.05,0.04,0.18326193,0.08606486,-6.6015306,154,3100.0,0.118758135,15500.0
0.8516235,0.0,0.05,0.18330188,0.08603773,-6.1456475,155,3120.0,0.118735224,15600.0
0.85161346,0.1,0.03,0.18334684,0.08597368,-7.308113,156,3140.0,0.11871562,15700.0
0.85151654,0.0,0.02,0.1833447,0.086007796,-6.9529295,157,3160.0,0.11869955,15800.0
0.85153127,0.0,0.04,0.1833591,0.08593049,-5.9929647,158,3180.0,0.11867701,15900.0
0.85164064,0.05,0.04,0.18337421,0.08583433,-7.3649263,159,3200.0,0.11866081,16000.0
0.85163826,0.05,0.04,0.183391,0.08585736,-6.846389,160,3220.0,0.11866731,16100.0
0.8516963,0.1,0.03,0.18340406,0.08579547,-6.416234,161,3240.0,0.11869817,16200.0
0.8517375,0.0,0.04,0.1834163,0.08575764,-6.978569,162,3260.0,0.11867776,16300.0
0.85173804,0.05,0.01,0.1834345,0.085843936,-5.9090815,163,3280.0,0.11865226,16400.0
0.85179067,0.1,0.02,0.18344015,0.0858365,-7.209255,164,3300.0,0.118675254,16500.0
0.85179377,0.1,0.05,0.18345828,0.085874535,-5.9929075,165,3320.0,0.11865399,16600.0
0.8517763,0.05,0.03,0.18346949,0.085850924,-6.9450216,166,3340.0,0.11866647,16700.0
0.8517885,0.05,0.02,0.18350783,0.085898295,-6.280625,167,3360.0,0.11864922,16800.0
0.8517618,0.0,0.01,0.18351775,0.08582661,-7.2199416,168,3380.0,0.1186335,16900.0
0.851789,0.0,0.02,0.18352415,0.08579928,-8.129176,169,3400.0,0.118650496,17000.0
0.8518135,0.05,0.04,0.18354714,0.08576043,-6.5066214,170,3420.0,0.1186476,17100.0
0.8518309,0.1,0.01,0.1835983,0.08571796,-6.5964494,171,3440.0,0.118682764,17200.0
0.85186595,0.05,0.03,0.18361492,0.08570365,-6.5191994,172,3460.0,0.11869957,17300.0
0.85193425,0.15,0.04,0.18364859,0.08565753,-5.3871603,173,3480.0,0.11867195,17400.0
0.85195714,0.05,0.03,0.18368448,0.08565406,-6.403155,174,3500.0,0.11866144,17500.0
0.8520525,0.05,0.05,0.18369587,0.08561273,-6.000979,175,3520.0,0.1186758,17600.0
0.85203934,0.1,0.06,0.18373607,0.08557879,-5.064005,176,3540.0,0.118656754,17700.0
0.8519931,0.0,0.04,0.18374966,0.08558127,-6.04772,177,3560.0,0.11863917,17800.0
0.8520069,0.05,0.05,0.18378563,0.085590035,-7.3935003,178,3580.0,0.118644476,17900.0
0.85200435,0.0,0.02,0.18381016,0.08554224,-6.8956766,179,3600.0,0.11860734,18000.0
0.8519879,0.0,0.05,0.1838353,0.08554796,-6.317617,180,3620.0,0.11860561,18100.0
0.8520744,0.05,0.06,0.18387824,0.08562864,-6.5273523,181,3640.0,0.11859623,18200.0
0.8520279,0.0,0.05,0.18391536,0.08560751,-5.8298473,182,3660.0,0.11859108,18300.0
0.85200804,0.0,0.05,0.1839502,0.08555886,-7.0647,183,3680.0,0.11858494,18400.0
0.8519561,0.05,0.08,0.18397947,0.08552735,-8.587611,184,3700.0,0.118605606,18500.0
0.8519414,0.15,0.08,0.18400198,0.08546482,-6.3792677,185,3720.0,0.11858818,18600.0
0.8519802,0.0,0.06,0.18404587,0.0854488,-7.041693,186,3740.0,0.11864076,18700.0
0.85193443,0.1,0.02,0.18409707,0.08542082,-7.6032205,187,3760.0,0.11864855,18800.0
0.8519996,0.05,0.08,0.18414775,0.085402496,-6.855771,188,3780.0,0.118609406,18900.0
0.85199565,0.05,0.06,0.18419172,0.08537242,-5.65158,189,3800.0,0.11860553,19000.0
0.852016,0.1,0.05,0.18420237,0.08533533,-5.2686677,190,3820.0,0.118593335,19100.0
0.8520482,0.1,0.05,0.18423063,0.0853135,-6.4846177,191,3840.0,0.118620604,19200.0
0.8520376,0.05,0.05,0.18425037,0.085246295,-5.8893337,192,3860.0,0.1186254,19300.0
0.8520122,0.15,0.04,0.18427515,0.08519782,-5.7836304,193,3880.0,0.1186199,19400.0
0.852007,0.05,0.04,0.18430874,0.08515426,-5.5673265,194,3900.0,0.11858628,19500.0
0.8519954,0.15,0.03,0.18433559,0.08514626,-5.5207086,195,3920.0,0.11859464,19600.0
0.8519585,0.0,0.03,0.18435292,0.08517572,-5.2203875,196,3940.0,0.11861769,19700.0
0.8519099,0.1,0.08,0.1843749,0.085166484,-5.662532,197,3960.0,0.118652545,19800.0
0.8518961,0.0,0.04,0.18439415,0.08517105,-4.7921066,198,3980.0,0.11861328,19900.0
0.8518438,0.1,0.02,0.18441744,0.085116856,-4.4508057,199,4000.0,0.11861169,20000.0
0.8518731,0.05,0.01,0.18443136,0.085116,-4.9454947,200,4020.0,0.118608385,20100.0
0.8518219,0.1,0.04,0.18443733,0.08507678,-5.4458923,201,4040.0,0.118573256,20200.0
0.851821,0.1,0.03,0.1844543,0.08506059,-5.258361,202,4060.0,0.11856043,20300.0
0.85174584,0.1,0.05,0.18447399,0.08499763,-5.7712827,203,4080.0,0.1185832,20400.0
0.85171086,0.15,0.02,0.1844935,0.08494192,-5.130675,204,4100.0,0.118597955,20500.0
0.85167766,0.1,0.07,0.18450627,0.08487567,-5.901513,205,4120.0,0.118595116,20600.0
0.8516317,0.0,0.07,0.18451853,0.08482159,-5.9556937,206,4140.0,0.1186117,20700.0
0.85161036,0.0,0.06,0.18453845,0.08488244,-6.263107,207,4160.0,0.11860148,20800.0
0.8515691,0.1,0.03,0.18456066,0.08479964,-5.5640283,208,4180.0,0.118596606,20900.0
0.8516223,0.05,0.05,0.18456489,0.084794216,-5.908539,209,4200.0,0.118584424,21000.0
0.851628,0.1,0.0,0.18457802,0.0847503,-5.678899,210,4220.0,0.118596934,21100.0
0.85162,0.0,0.04,0.18458651,0.084673904,-6.409587,211,4240.0,0.118592344,21200.0
0.85157865,0.05,0.09,0.18459168,0.08462758,-6.679516,212,4260.0,0.118592136,21300.0
0.8515718,0.05,0.07,0.18461725,0.08457456,-6.2435694,213,4280.0,0.11858945,21400.0
0.85160065,0.05,0.06,0.1846276,0.084561594,-7.645166,214,4300.0,0.118628055,21500.0
0.851605,0.05,0.05,0.18463512,0.08458064,-7.467244,215,4320.0,0.118628405,21600.0
0.85159534,0.05,0.06,0.18467064,0.08456445,-6.320659,216,4340.0,0.118624866,21700.0
0.85166854,0.0,0.02,0.18470508,0.0845123,-6.3089285,217,4360.0,0.118625976,21800.0
0.85165167,0.1,0.05,0.1847142,0.084485866,-8.113333,218,4380.0,0.11861048,21900.0
0.8516724,0.1,0.04,0.18472931,0.084473036,-6.5238237,219,4400.0,0.118621856,22000.0
0.8517131,0.05,0.03,0.18474415,0.08451267,-7.0588427,220,4420.0,0.11864245,22100.0
0.8516523,0.0,0.06,0.18475115,0.08447978,-6.108136,221,4440.0,0.11862416,22200.0
0.851644,0.0,0.07,0.18477502,0.084463626,-6.8806887,222,4460.0,0.118623696,22300.0
0.85168976,0.1,0.04,0.1848021,0.08443782,-6.5993166,223,4480.0,0.11867031,22400.0
0.85179496,0.05,0.06,0.1848324,0.084407955,-8.096987,224,4500.0,0.11865152,22500.0
0.8518148,0.05,0.04,0.1848378,0.08442815,-7.1516585,225,4520.0,0.11864332,22600.0
0.8518658,0.2,0.05,0.1848453,0.084430456,-5.980421,226,4540.0,0.118668325,22700.0
0.8519476,0.05,0.07,0.1848614,0.08440249,-6.530098,227,4560.0,0.11868926,22800.0
0.85194135,0.1,0.04,0.18488902,0.084392354,-6.5230865,228,4580.0,0.11871392,22900.0
0.8519339,0.05,0.05,0.18491308,0.08437068,-6.2625585,229,4600.0,0.11871835,23000.0
0.8519551,0.1,0.04,0.18492249,0.08435494,-6.851537,230,4620.0,0.11869055,23100.0
0.85199636,0.05,0.03,0.18494064,0.08434483,-6.2270484,231,4640.0,0.118679084,23200.0
0.85200685,0.1,0.08,0.18496284,0.08434455,-5.731802,232,4660.0,0.11869667,23300.0
0.8519586,0.0,0.06,0.18499969,0.08439025,-6.1156716,233,4680.0,0.11869212,23400.0
0.8519767,0.05,0.05,0.18503527,0.08442185,-5.9787846,234,4700.0,0.11869051,23500.0
0.85190344,0.05,0.05,0.18504225,0.08438561,-6.398984,235,4720.0,0.11867484,23600.0
0.85194,0.05,0.04,0.1850575,0.08442471,-6.91752,236,4740.0,0.118672825,23700.0
0.8519376,0.1,0.03,0.18507215,0.08442088,-5.755907,237,4760.0,0.1186664,23800.0
0.85194165,0.0,0.06,0.18507221,0.0844393,-4.024001,238,4780.0,0.11868771,23900.0
0.8519523,0.0,0.02,0.18506922,0.08443937,-5.9067698,239,4800.0,0.11870361,24000.0
0.8518727,0.0,0.02,0.1850616,0.084439754,-5.7969956,240,4820.0,0.11871871,24100.0
0.85185987,0.05,0.04,0.18506971,0.084417984,-5.721287,241,4840.0,0.118705936,24200.0
0.8518603,0.0,0.02,0.18506294,0.08438479,-6.049292,242,4860.0,0.1187085,24300.0
0.8518724,0.0,0.08,0.18503945,0.0843888,-6.2156897,243,4880.0,0.1186918,24400.0
0.85186154,0.0,0.05,0.18503524,0.08436084,-6.534234,244,4900.0,0.11866823,24500.0
0.85191494,0.05,0.06,0.18504545,0.08436124,-6.2398844,245,4920.0,0.11865091,24600.0
0.85193187,0.0,0.07,0.18506531,0.08431806,-7.055379,246,4940.0,0.118647374,24700.0
0.85189635,0.05,0.05,0.18506357,0.084294826,-5.813656,247,4960.0,0.118662,24800.0
0.8518534,0.05,0.05,0.18509106,0.08427913,-5.638188,248,4980.0,0.11866691,24900.0
0.8518732,0.1,0.05,0.18510363,0.08427453,-6.937377,249,5000.0,0.118674584,25000.0
0.85187316,0.1,0.04,0.18512462,0.08429732,-5.4538293,250,5020.0,0.11866137,25100.0
0.85188764,0.0,0.03,0.18514511,0.084276125,-6.0579553,251,5040.0,0.118650615,25200.0
0.8518768,0.15,0.02,0.18515103,0.08424843,-6.516385,252,5060.0,0.11864289,25300.0
0.85191107,0.1,0.03,0.1851646,0.08424023,-5.2254524,253,5080.0,0.11866035,25400.0
0.8519101,0.05,0.03,0.1851873,0.08422517,-5.2526436,254,5100.0,0.118651755,25500.0
0.85186887,0.0,0.09,0.18520442,0.084234625,-5.977378,255,5120.0,0.11862562,25600.0
0.8518618,0.05,0.05,0.18521321,0.08424704,-5.468122,256,5140.0,0.11860755,25700.0
0.8518711,0.1,0.06,0.18522169,0.084287904,-6.7908463,257,5160.0,0.11859905,25800.0
0.85184693,0.0,0.05,0.1852332,0.08429384,-4.601043,258,5180.0,0.11860482,25900.0
0.8518636,0.05,0.03,0.18525922,0.08428459,-5.7334743,259,5200.0,0.11860275,26000.0
0.8517904,0.0,0.08,0.18526173,0.0843194,-4.8964534,260,5220.0,0.1186166,26100.0
0.8518577,0.05,0.07,0.18528984,0.084367126,-4.8921604,261,5240.0,0.11862993,26200.0
0.85182,0.05,0.06,0.18531467,0.084329344,-4.8072267,262,5260.0,0.11860708,26300.0
0.8518214,0.0,0.08,0.18534252,0.084352225,-6.4246154,263,5280.0,0.11861544,26400.0
0.85186917,0.05,0.1,0.18534547,0.084352046,-6.77847,264,5300.0,0.11862842,26500.0
0.8518781,0.2,0.08,0.18536356,0.08432137,-5.2729197,265,5320.0,0.118606426,26600.0
0.8518502,0.2,0.09,0.18538357,0.084348686,-6.3733892,266,5340.0,0.11856973,26700.0
0.85182667,0.0,0.07,0.18540347,0.08435115,-5.1858854,267,5360.0,0.11856872,26800.0
0.85181826,0.0,0.1,0.18542574,0.084317215,-5.5523453,268,5380.0,0.118581444,26900.0
0.851783,0.2,0.08,0.18541655,0.084343046,-5.834301,269,5400.0,0.1185733,27000.0
0.85171103,0.05,0.07,0.18541561,0.08435042,-5.451864,270,5420.0,0.11858234,27100.0
0.85171646,0.15,0.03,0.18542922,0.084376514,-6.2424784,271,5440.0,0.11858491,27200.0
0.8517094,0.05,0.06,0.18544342,0.08437858,-5.256509,272,5460.0,0.11859272,27300.0
0.8517041,0.05,0.07,0.18546274,0.084381826,-4.46612,273,5480.0,0.11857629,27400.0
0.85171384,0.2,0.08,0.18547405,0.08439063,-4.4968843,274,5500.0,0.1185823,27500.0
0.8517501,0.1,0.1,0.18548797,0.084412195,-7.5811768,275,5520.0,0.118596494,27600.0
0.8517239,0.0,0.08,0.18549876,0.08443979,-5.4685464,276,5540.0,0.1185837,27700.0
0.85170704,0.1,0.06,0.18552203,0.08447833,-6.10073,277,5560.0,0.11859661,27800.0
0.85167557,0.1,0.07,0.18552428,0.0844529,-5.3869457,278,5580.0,0.11858239,27900.0
0.8516695,0.25,0.07,0.1855213,0.08444138,-5.064125,279,5600.0,0.11858515,28000.0
0.85165405,0.1,0.12,0.18554701,0.08444642,-5.886827,280,5620.0,0.11857077,28100.0
0.85160893,0.05,0.05,0.18556233,0.08441564,-5.6757975,281,5640.0,0.11857631,28200.0
0.85160667,0.1,0.04,0.18557757,0.0844201,-6.293134,282,5660.0,0.11857287,28300.0
0.8515752,0.2,0.06,0.18560152,0.08444177,-4.9193583,283,5680.0,0.11857182,28400.0
0.8515709,0.15,0.05,0.18562466,0.0844374,-4.5530825,284,5700.0,0.11857406,28500.0
0.851548,0.1,0.1,0.18564522,0.084428586,-5.4605913,285,5720.0,0.11857166,28600.0
0.8515423,0.1,0.01,0.18566063,0.08445907,-5.2687635,286,5740.0,0.11858282,28700.0
0.8515174,0.15,0.05,0.1856667,0.084456064,-6.3970947,287,5760.0,0.118590154,28800.0
0.851546,0.05,0.07,0.18568167,0.08447934,-6.0130715,288,5780.0,0.11859542,28900.0
0.851553,0.1,0.02,0.18569762,0.08449603,-6.2296042,289,5800.0,0.11862657,29000.0
0.851556,0.0,0.04,0.18572098,0.08450631,-5.8305244,290,5820.0,0.11862711,29100.0
0.85160136,0.1,0.08,0.18575329,0.08449167,-5.325946,291,5840.0,0.11861455,29200.0
0.8516342,0.1,0.1,0.18577203,0.08447589,-5.408023,292,5860.0,0.118606605,29300.0
0.85162634,0.15,0.03,0.18578538,0.08443706,-7.3736,293,5880.0,0.11861951,29400.0
0.85164213,0.0,0.05,0.18579906,0.084420316,-4.884665,294,5900.0,0.118598096,29500.0
0.85165596,0.15,0.07,0.18582277,0.0843931,-5.732993,295,5920.0,0.11858535,29600.0
0.8516578,0.05,0.04,0.1858417,0.084427975,-5.4931736,296,5940.0,0.11859398,29700.0
0.8516495,0.2,0.08,0.18586296,0.08442268,-4.5505934,297,5960.0,0.11861656,29800.0
0.85169244,0.15,0.11,0.18589032,0.08439225,-5.699741,298,5980.0,0.11862352,29900.0
0.8516672,0.15,0.05,0.18590292,0.084378764,-4.669383,299,6000.0,0.11860455,30000.0
0.8516303,0.15,0.06,0.18591212,0.0844136,-5.6416645,300,6020.0,0.118611,30100.0
0.85164505,0.15,0.07,0.18592195,0.08443212,-6.280398,301,6040.0,0.11863085,30200.0
0.8516589,0.1,0.05,0.18592937,0.08444333,-4.9928546,302,6060.0,0.11863654,30300.0
0.8516357,0.05,0.05,0.1859375,0.08444092,-5.616142,303,6080.0,0.118629016,30400.0
0.8516326,0.25,0.03,0.18594743,0.08443108,-5.5502853,304,6100.0,0.11861668,30500.0
0.8516671,0.1,0.04,0.18597533,0.08441977,-6.0144835,305,6120.0,0.11861396,30600.0
0.8516473,0.05,0.05,0.18597671,0.084416434,-6.0784035,306,6140.0,0.11863637,30700.0
0.8516559,0.05,0.03,0.1859881,0.08443496,-4.3241897,307,6160.0,0.11864523,30800.0
0.8516241,0.05,0.04,0.18599941,0.08443399,-5.621841,308,6180.0,0.118652225,30900.0
0.8516181,0.1,0.06,0.18601295,0.08440209,-5.2973943,309,6200.0,0.11864627,31000.0
0.8515981,0.0,0.05,0.18600863,0.084387735,-6.044538,310,6220.0,0.11866293,31100.0
0.8515975,0.15,0.02,0.18601301,0.08436652,-5.3290744,311,6240.0,0.118663274,31200.0
0.85157174,0.1,0.06,0.18602304,0.084389314,-5.3203564,312,6260.0,0.11865154,31300.0
0.8515648,0.0,0.04,0.18603483,0.08436136,-6.2179146,313,6280.0,0.118662715,31400.0
0.85157084,0.35,0.06,0.18605202,0.08436017,-4.637337,314,6300.0,0.11865294,31500.0
0.85158724,0.05,0.06,0.18606633,0.08433372,-5.1734333,315,6320.0,0.11865175,31600.0
0.8516085,0.15,0.06,0.1860756,0.08434745,-5.544712,316,6340.0,0.11866281,31700.0
0.85163456,0.15,0.06,0.18608688,0.08439249,-5.340582,317,6360.0,0.11867628,31800.0
0.851618,0.1,0.06,0.18609944,0.084366314,-5.729029,318,6380.0,0.11870118,31900.0
0.8516008,0.1,0.04,0.18610342,0.08437208,-5.6564565,319,6400.0,0.118676625,32000.0
0.85157305,0.15,0.05,0.186117,0.08438653,-5.4736466,320,6420.0,0.1186826,32100.0
0.8515617,0.1,0.07,0.18611528,0.0843853,-5.4405847,321,6440.0,0.11867469,32200.0
0.85152745,0.25,0.07,0.1861171,0.08437079,-5.41213,322,6460.0,0.11867275,32300.0
0.8515001,0.1,0.04,0.18611805,0.084355265,-5.059947,323,6480.0,0.11867976,32400.0
0.85151845,0.15,0.06,0.18611936,0.08434548,-4.7239547,324,6500.0,0.11868334,32500.0
0.8515343,0.05,0.07,0.18612862,0.08434854,-5.4606247,325,6520.0,0.11867251,32600.0
0.85149366,0.15,0.03,0.1861282,0.084351264,-5.5135417,326,6540.0,0.11866552,32700.0
0.85149217,0.3,0.05,0.18613671,0.084360726,-5.284919,327,6560.0,0.11866943,32800.0
0.85148793,0.15,0.07,0.18614504,0.084381685,-5.831979,328,6580.0,0.11866003,32900.0
0.8514913,0.15,0.1,0.18614894,0.084385745,-5.5963106,329,6600.0,0.118639804,33000.0
0.8514784,0.15,0.08,0.18615505,0.08439233,-5.28193,330,6620.0,0.11862052,33100.0
0.8515025,0.1,0.07,0.18616018,0.084366485,-5.9399514,331,6640.0,0.11863168,33200.0
0.8514962,0.05,0.03,0.18616222,0.08434443,-5.113165,332,6660.0,0.11864248,33300.0
0.85152894,0.15,0.05,0.18617485,0.08432294,-6.0593767,333,6680.0,0.1186462,33400.0
0.8515303,0.1,0.11,0.18617505,0.08431117,-6.070298,334,6700.0,0.11865061,33500.0
0.8515582,0.05,0.09,0.18618168,0.0843517,-6.468066,335,6720.0,0.118655555,33600.0
0.8515466,0.2,0.05,0.18619162,0.08433128,-5.4014597,336,6740.0,0.11866555,33700.0
0.85152555,0.15,0.05,0.18619846,0.08431572,-5.7204742,337,6760.0,0.118691765,33800.0
0.85152626,0.05,0.09,0.18621401,0.08433769,-6.2261286,338,6780.0,0.11870182,33900.0
0.8515584,0.1,0.03,0.18622498,0.08433679,-5.0919147,339,6800.0,0.118703574,34000.0
0.851522,0.15,0.06,0.18621655,0.084381364,-5.522782,340,6820.0,0.118718326,34100.0
0.85149264,0.2,0.07,0.18622178,0.084407784,-4.9762516,341,6840.0,0.11869546,34200.0
0.851518,0.0,0.07,0.18622595,0.08440924,-5.522737,342,6860.0,0.1187008,34300.0
0.85150623,0.3,0.05,0.18623945,0.084400035,-5.4527726,343,6880.0,0.11868953,34400.0
0.8514797,0.2,0.08,0.1862517,0.08443774,-5.3694553,344,6900.0,0.1186831,34500.0
0.85149026,0.2,0.07,0.18625313,0.08442323,-5.684939,345,6920.0,0.11866752,34600.0
0.8515454,0.25,0.07,0.18626045,0.08446103,-5.4594555,346,6940.0,0.11869013,34700.0
0.8515385,0.1,0.06,0.1862723,0.08445085,-6.018193,347,6960.0,0.118698396,34800.0
0.85150796,0.05,0.06,0.18627582,0.08443029,-4.2012773,348,6980.0,0.11869647,34900.0
0.8514969,0.2,0.08,0.18628329,0.084454015,-5.286308,349,7000.0,0.11869796,35000.0
0.8515272,0.15,0.09,0.18629713,0.084438704,-5.316978,350,7020.0,0.11869619,35100.0
0.85154194,0.0,0.05,0.18630601,0.08443387,-5.542598,351,7040.0,0.11868721,35200.0
0.85151196,0.1,0.1,0.1863022,0.08447333,-4.455606,352,7060.0,0.11870929,35300.0
0.8514989,0.1,0.07,0.18629625,0.08447426,-5.595984,353,7080.0,0.11871042,35400.0
0.85148174,0.05,0.08,0.18629767,0.084471844,-6.0383005,354,7100.0,0.11872693,35500.0
0.85149795,0.25,0.03,0.18630728,0.0844525,-4.819279,355,7120.0,0.118729234,35600.0
0.8514929,0.1,0.03,0.18631054,0.08440894,-5.356947,356,7140.0,0.11872196,35700.0
0.85148853,0.15,0.06,0.18630993,0.08440715,-6.251098,357,7160.0,0.118730985,35800.0
0.85149163,0.2,0.06,0.18631874,0.084395625,-5.316051,358,7180.0,0.1187309,35900.0
0.8514902,0.05,0.03,0.1863173,0.084398754,-5.7299776,359,7200.0,0.11873575,36000.0
0.8514488,0.15,0.05,0.18631208,0.084387675,-4.665671,360,7220.0,0.11872276,36100.0
0.85148096,0.15,0.09,0.18631518,0.08436345,-5.819388,361,7240.0,0.11872426,36200.0
0.8514507,0.0,0.06,0.18631025,0.084352404,-5.710307,362,7260.0,0.11871157,36300.0
0.8514912,0.0,0.05,0.18630111,0.08438193,-5.0973077,363,7280.0,0.118701994,36400.0
0.8514938,0.1,0.05,0.18628992,0.08435434,-6.0350986,364,7300.0,0.11869377,36500.0
0.85148716,0.2,0.05,0.18627435,0.08435437,-4.8566003,365,7320.0,0.11869866,36600.0
0.85148096,0.0,0.04,0.18627083,0.084344074,-7.0347266,366,7340.0,0.118696354,36700.0
0.8514635,0.0,0.03,0.18627012,0.08437616,-5.9200273,367,7360.0,0.1187009,36800.0
0.8514612,0.05,0.06,0.1862672,0.08436183,-5.4987955,368,7380.0,0.118696906,36900.0
0.8514752,0.1,0.06,0.18626368,0.08437018,-5.2637634,369,7400.0,0.11870426,37000.0
0.85149664,0.0,0.03,0.18627705,0.08436212,-6.405385,370,7420.0,0.11870185,37100.0
0.8514909,0.1,0.08,0.1862746,0.084353074,-4.74726,371,7440.0,0.118671335,37200.0
0.8514936,0.1,0.05,0.18626493,0.0843847,-4.934348,372,7460.0,0.11869216,37300.0
0.85151964,0.1,0.05,0.18626562,0.08436914,-6.148008,373,7480.0,0.118690215,37400.0
0.8515281,0.15,0.06,0.18626805,0.08434943,-5.4252048,374,7500.0,0.11869747,37500.0
0.8515127,0.1,0.04,0.1862635,0.084344015,-5.2146363,375,7520.0,0.11870382,37600.0
0.85149115,0.1,0.02,0.18625475,0.08435089,-5.1892614,376,7540.0,0.11870185,37700.0
0.85143775,0.1,0.06,0.18625043,0.08432174,-4.8628244,377,7560.0,0.11871338,37800.0
0.8514748,0.05,0.05,0.18626519,0.084300235,-4.5379,378,7580.0,0.118703395,37900.0
0.8514727,0.05,0.04,0.18626334,0.08432129,-5.6286335,379,7600.0,0.11871681,38000.0
0.85141563,0.2,0.08,0.18625936,0.08436311,-4.7750196,380,7620.0,0.11871654,38100.0
0.851391,0.05,0.07,0.18626007,0.084349945,-4.9373693,381,7640.0,0.11871966,38200.0
0.85135335,0.2,0.06,0.18626662,0.08434344,-5.2962384,382,7660.0,0.11868888,38300.0
0.8513577,0.1,0.06,0.18627949,0.08437211,-5.1155405,383,7680.0,0.118675806,38400.0
0.8513577,0.1,0.08,0.18628193,0.08438203,-5.621887,384,7700.0,0.11866739,38500.0
0.8513681,0.05,0.08,0.1862879,0.084369786,-4.2993345,385,7720.0,0.11867851,38600.0
0.85135525,0.2,0.11,0.18629032,0.0843657,-5.28917,386,7740.0,0.11867368,38700.0
0.85135454,0.15,0.06,0.18629764,0.084346876,-5.278481,387,7760.0,0.11869154,38800.0
0.85132366,0.2,0.08,0.18630567,0.084317274,-4.5899725,388,7780.0,0.11869007,38900.0
0.8512922,0.2,0.11,0.18631655,0.08433498,-4.888219,389,7800.0,0.118679166,39000.0
0.8513131,0.05,0.05,0.18632954,0.08432832,-6.079625,390,7820.0,0.11869222,39100.0
0.8513519,0.05,0.09,0.18634444,0.0843088,-5.967667,391,7840.0,0.1186811,39200.0
0.8513635,0.3,0.08,0.18636209,0.08431312,-4.6415195,392,7860.0,0.118681274,39300.0
0.85135746,0.2,0.11,0.1863724,0.084315084,-4.651497,393,7880.0,0.11866345,39400.0
0.8513751,0.15,0.06,0.18638724,0.0843221,-5.543617,394,7900.0,0.1186643,39500.0
0.8513954,0.15,0.11,0.1864168,0.084320925,-5.929389,395,7920.0,0.118659504,39600.0
0.8513889,0.25,0.11,0.18641905,0.08434901,-4.106086,396,7940.0,0.11865058,39700.0
0.8513577,0.25,0.05,0.18643105,0.08435112,-4.9263444,397,7960.0,0.118637405,39800.0
0.85135204,0.15,0.08,0.18644075,0.084338054,-5.0409355,398,7980.0,0.11863465,39900.0
0.8513405,0.3,0.04,0.18644917,0.08433932,-4.770173,399,8000.0,0.11863297,40000.0
0.8513346,0.2,0.04,0.18646713,0.084331945,-4.424086,400,8020.0,0.11863459,40100.0
0.8513424,0.2,0.08,0.18647051,0.084319465,-5.6674495,401,8040.0,0.11864036,40200.0
0.851325,0.2,0.11,0.18648742,0.08431548,-4.4389124,402,8060.0,0.11863055,40300.0
0.85130876,0.1,0.08,0.18649453,0.084331416,-4.9086776,403,8080.0,0.1186376,40400.0
0.8513508,0.15,0.01,0.1865004,0.08434507,-5.5402594,404,8100.0,0.118660845,40500.0
0.8513438,0.25,0.08,0.18651935,0.0843353,-5.9870462,405,8120.0,0.11868479,40600.0
0.8512834,0.2,0.03,0.18652046,0.084342785,-5.029033,406,8140.0,0.11870012,40700.0
0.85129666,0.3,0.1,0.18652597,0.08435897,-4.560256,407,8160.0,0.11870992,40800.0
0.8513058,0.2,0.08,0.18654184,0.08434668,-4.7447886,408,8180.0,0.11872334,40900.0
0.8513101,0.25,0.1,0.1865528,0.084356606,-4.454788,409,8200.0,0.11873311,41000.0
0.8513379,0.15,0.11,0.18655622,0.08435765,-4.058425,410,8220.0,0.1187528,41100.0
0.85134053,0.25,0.13,0.18656519,0.084384464,-4.0041556,411,8240.0,0.11877047,41200.0
0.85133415,0.15,0.13,0.18656157,0.08442038,-4.94909,412,8260.0,0.118785314,41300.0
0.85134834,0.15,0.05,0.18655907,0.08443101,-5.4964643,413,8280.0,0.11879808,41400.0
0.85134983,0.15,0.05,0.18656401,0.08443016,-4.9344788,414,8300.0,0.11880242,41500.0
0.85140294,0.15,0.06,0.18656875,0.08442231,-5.027545,415,8320.0,0.118824035,41600.0
0.851407,0.05,0.07,0.18656623,0.08441993,-5.0558195,416,8340.0,0.11883559,41700.0
0.8514119,0.15,0.06,0.1865693,0.08440013,-4.961857,417,8360.0,0.11884761,41800.0
0.8513935,0.15,0.08,0.1865814,0.08438114,-4.7650514,418,8380.0,0.11885399,41900.0
0.85140914,0.2,0.08,0.18659048,0.08437041,-4.7652173,419,8400.0,0.118875444,42000.0
0.85145,0.1,0.06,0.18659537,0.0843715,-4.6119566,420,8420.0,0.11889056,42100.0
0.8514421,0.2,0.08,0.18659483,0.08438123,-4.7292433,421,8440.0,0.11889624,42200.0
0.85142875,0.15,0.1,0.18660021,0.084375754,-5.4104695,422,8460.0,0.11889469,42300.0
0.8514313,0.05,0.06,0.18661633,0.08436649,-5.001924,423,8480.0,0.11888731,42400.0
0.8514261,0.2,0.09,0.18662396,0.0843596,-4.4909873,424,8500.0,0.11888325,42500.0
0.8514599,0.15,0.05,0.18663684,0.08435757,-4.56704,425,8520.0,0.11889148,42600.0
0.8514707,0.15,0.07,0.18664195,0.08437685,-4.601274,426,8540.0,0.11889096,42700.0
0.8514807,0.05,0.04,0.18665811,0.08441459,-4.5454817,427,8560.0,0.11890031,42800.0
0.8514803,0.15,0.13,0.18666705,0.084416114,-4.9874716,428,8580.0,0.11890939,42900.0
0.8514798,0.15,0.06,0.18667604,0.0844142,-3.721146,429,8600.0,0.118931144,43000.0
0.8514974,0.2,0.08,0.18668827,0.084429875,-4.1023726,430,8620.0,0.118950635,43100.0
0.85150975,0.2,0.09,0.18669273,0.08447783,-4.48205,431,8640.0,0.11896941,43200.0
0.8514836,0.1,0.1,0.18670225,0.08448462,-4.7037387,432,8660.0,0.11898222,43300.0
0.85149884,0.15,0.08,0.18671186,0.084504,-4.3073316,433,8680.0,0.11896459,43400.0
0.8514635,0.15,0.1,0.18671864,0.084483996,-4.56187,434,8700.0,0.11896849,43500.0
0.8514982,0.1,0.13,0.18672584,0.08448139,-4.525868,435,8720.0,0.11899454,43600.0
0.85147834,0.2,0.08,0.18673487,0.08448384,-4.3830976,436,8740.0,0.119001634,43700.0
0.85147476,0.1,0.06,0.18674403,0.08446229,-5.160882,437,8760.0,0.119024254,43800.0
0.85149413,0.2,0.1,0.18675452,0.084471084,-4.4464927,438,8780.0,0.11902389,43900.0
0.8515053,0.35,0.08,0.18676293,0.084493816,-4.135575,439,8800.0,0.11902294,44000.0
0.8515045,0.15,0.05,0.18677492,0.08450341,-4.8556423,440,8820.0,0.11904856,44100.0
0.8514853,0.15,0.1,0.18677534,0.08455558,-5.021765,441,8840.0,0.11907021,44200.0
0.8514852,0.45,0.06,0.18677922,0.08454685,-4.114547,442,8860.0,0.11907011,44300.0
0.8515022,0.1,0.06,0.1867852,0.08453588,-4.7748485,443,8880.0,0.1190638,44400.0
0.8514817,0.1,0.09,0.18679552,0.084525615,-4.522855,444,8900.0,0.11907577,44500.0
0.8514671,0.15,0.12,0.18681158,0.08451733,-4.818448,445,8920.0,0.11907888,44600.0
0.8514375,0.15,0.07,0.18681665,0.08452617,-4.4602594,446,8940.0,0.11908358,44700.0
0.85143495,0.1,0.1,0.18682581,0.08452555,-5.3482547,447,8960.0,0.119075924,44800.0
0.85143334,0.15,0.02,0.18682748,0.08451851,-3.8428197,448,8980.0,0.11908686,44900.0
0.8514069,0.15,0.08,0.18684536,0.08449417,-4.237852,449,9000.0,0.11909305,45000.0
0.8513885,0.2,0.07,0.18686071,0.084512144,-4.221898,450,9020.0,0.119088404,45100.0
0.85135704,0.2,0.09,0.18687902,0.08449218,-4.8815317,451,9040.0,0.11909882,45200.0
0.8513748,0.4,0.09,0.18689252,0.08451376,-4.281808,452,9060.0,0.119101524,45300.0
0.8513667,0.1,0.09,0.18690635,0.08450642,-5.212825,453,9080.0,0.119128294,45400.0
0.8513651,0.2,0.08,0.18692066,0.08449885,-4.532923,454,9100.0,0.119140714,45500.0
0.8513279,0.25,0.06,0.18692869,0.08452595,-5.4063745,455,9120.0,0.11914458,45600.0
0.8513252,0.05,0.09,0.1869436,0.08452174,-5.347438,456,9140.0,0.11914585,45700.0
0.8513463,0.2,0.15,0.1869721,0.08452084,-5.2321777,457,9160.0,0.11917142,45800.0
0.85133713,0.15,0.14,0.18698332,0.084518306,-4.408688,458,9180.0,0.11918088,45900.0
0.85135776,0.35,0.08,0.18699774,0.08454254,-4.8691287,459,9200.0,0.11919708,46000.0
0.8513685,0.15,0.12,0.18700656,0.08454133,-3.9907296,460,9220.0,0.119192384,46100.0
0.8513796,0.15,0.1,0.18701902,0.08454738,-4.3202124,461,9240.0,0.119195245,46200.0
0.8513462,0.1,0.09,0.18702424,0.08455848,-4.37971,462,9260.0,0.11920833,46300.0
0.8513427,0.1,0.13,0.18703766,0.08454247,-4.683387,463,9280.0,0.119206734,46400.0
0.8513367,0.2,0.04,0.18704511,0.08452886,-4.350225,464,9300.0,0.11921949,46500.0
0.851309,0.2,0.09,0.18705577,0.08452345,-4.3519735,465,9320.0,0.11921447,46600.0
0.8513089,0.1,0.05,0.18707126,0.08452225,-4.3907094,466,9340.0,0.119222045,46700.0
0.8512818,0.25,0.14,0.18708304,0.08450508,-4.9484496,467,9360.0,0.119232066,46800.0
0.8512762,0.3,0.09,0.18709093,0.08450948,-4.585173,468,9380.0,0.11923144,46900.0
0.8513033,0.15,0.1,0.18710802,0.084510826,-5.384411,469,9400.0,0.119239695,47000.0
0.85131997,0.1,0.15,0.1871168,0.08448396,-4.782131,470,9420.0,0.11924171,47100.0
0.8513225,0.35,0.09,0.18712066,0.08447322,-4.9294667,471,9440.0,0.11925441,47200.0
0.85135144,0.05,0.09,0.18713054,0.08449029,-5.0952864,472,9460.0,0.119250305,47300.0
0.8513601,0.25,0.08,0.1871519,0.08449039,-4.0387783,473,9480.0,0.119255126,47400.0
0.85137206,0.25,0.12,0.18715854,0.08450133,-4.4736857,474,9500.0,0.11925742,47500.0
0.8513537,0.35,0.09,0.18717523,0.084533826,-5.810582,475,9520.0,0.11927999,47600.0
0.8513312,0.3,0.06,0.18718912,0.084525645,-5.347131,476,9540.0,0.11928951,47700.0
0.85133076,0.15,0.06,0.18720935,0.084515974,-4.7401514,477,9560.0,0.11927842,47800.0
0.85131955,0.2,0.12,0.18722345,0.08451427,-4.5357547,478,9580.0,0.119270444,47900.0
0.8513413,0.25,0.14,0.18723598,0.08452597,-4.740181,479,9600.0,0.11928133,48000.0
0.85133386,0.1,0.06,0.18724723,0.08451642,-4.596129,480,9620.0,0.11928824,48100.0
0.8513519,0.2,0.09,0.18725239,0.08452323,-4.603644,481,9640.0,0.119291745,48200.0
0.85134244,0.15,0.09,0.18725833,0.08456456,-4.945345,482,9660.0,0.11930687,48300.0
0.8513596,0.1,0.13,0.1872605,0.084568836,-4.9885845,483,9680.0,0.119317226,48400.0
0.85136706,0.1,0.12,0.18726805,0.08456707,-5.270034,484,9700.0,0.119321674,48500.0
0.8513555,0.35,0.11,0.18727335,0.08462055,-4.020219,485,9720.0,0.11932885,48600.0
0.8513737,0.1,0.12,0.1872739,0.084618434,-4.107571,486,9740.0,0.119335115,48700.0
0.8513482,0.15,0.03,0.1872851,0.08459817,-4.642667,487,9760.0,0.11933953,48800.0
0.85134315,0.3,0.09,0.18728408,0.08460228,-4.3030767,488,9780.0,0.11936733,48900.0
0.85133433,0.15,0.09,0.1872869,0.08460733,-4.792287,489,9800.0,0.119370066,49000.0
0.8513312,0.15,0.09,0.18729687,0.084626704,-5.881414,490,9820.0,0.11938349,49100.0
0.8513658,0.2,0.1,0.18730451,0.0846156,-4.2742143,491,9840.0,0.11938142,49200.0
0.8513782,0.25,0.05,0.1873119,0.084600076,-4.5175395,492,9860.0,0.11938265,49300.0
0.851396,0.1,0.14,0.1873246,0.08462116,-4.829467,493,9880.0,0.11938875,49400.0
0.85138243,0.15,0.12,0.18733692,0.08463571,-5.8775973,494,9900.0,0.11939982,49500.0
0.85139036,0.05,0.08,0.18735348,0.08461683,-4.7417817,495,9920.0,0.119397946,49600.0
0.85137814,0.0,0.07,0.18736376,0.08459521,-4.5608354,496,9940.0,0.119391866,49700.0
0.8513883,0.15,0.08,0.187382,0.08459869,-5.4966927,497,9960.0,0.11940178,49800.0
0.8514006,0.25,0.12,0.18739627,0.08458322,-4.8024693,498,9980.0,0.11938719,49900.0
0.8514099,0.2,0.08,0.18740313,0.084574595,-4.8402696,499,10000.0,0.11940218,50000.0
0.8513872,0.2,0.08,0.18740442,0.08456924,-5.074406,500,10020.0,0.11940843,50100.0
0.8513716,0.2,0.1,0.1874117,0.08460407,-4.7676935,501,10040.0,0.119405575,50200.0
0.8513486,0.4,0.07,0.1874242,0.08460756,-3.9587467,502,10060.0,0.11941627,50300.0
0.85133886,0.25,0.11,0.18743604,0.0845985,-4.744688,503,10080.0,0.119422175,50400.0
0.8513306,0.2,0.11,0.18744439,0.08459843,-5.5701857,504,10100.0,0.11941845,50500.0
0.8513296,0.05,0.1,0.18745124,0.08459462,-5.5022225,505,10120.0,0.11941352,50600.0
0.8513076,0.2,0.08,0.18745771,0.08460125,-4.56589,506,10140.0,0.119413644,50700.0
0.85130024,0.15,0.08,0.1874641,0.084612906,-4.955902,507,10160.0,0.11942727,50800.0
0.8512935,0.2,0.11,0.18746984,0.08460532,-4.5667443,508,10180.0,0.119433485,50900.0
0.8512921,0.1,0.09,0.18748245,0.08459456,-5.6284165,509,10200.0,0.11942845,51000.0
0.8512586,0.1,0.07,0.1874874,0.08458326,-4.8739977,510,10220.0,0.11943119,51100.0
0.8512759,0.1,0.08,0.18750006,0.08457329,-5.149079,511,10240.0,0.11942998,51200.0
0.8512806,0.25,0.09,0.18750197,0.084590636,-5.566536,512,10260.0,0.119428016,51300.0
0.8512542,0.2,0.08,0.18751357,0.084595956,-5.2379947,513,10280.0,0.11944539,51400.0
0.8512559,0.2,0.06,0.18752757,0.084587246,-5.636466,514,10300.0,0.11943542,51500.0
0.851253,0.45,0.05,0.18753582,0.08459201,-4.4599047,515,10320.0,0.11943868,51600.0
0.8512605,0.1,0.11,0.1875461,0.08460723,-4.5722857,516,10340.0,0.119442455,51700.0
0.85128236,0.05,0.11,0.18755558,0.08460602,-5.042504,517,10360.0,0.11944843,51800.0
0.8513115,0.3,0.07,0.18756324,0.08460229,-4.5363436,518,10380.0,0.11945656,51900.0
0.8513152,0.25,0.14,0.18756698,0.08459861,-4.6021223,519,10400.0,0.11947104,52000.0
0.85132927,0.2,0.1,0.18757015,0.08459099,-5.0330963,520,10420.0,0.11948162,52100.0
0.8513236,0.3,0.09,0.18757331,0.08460719,-5.316037,521,10440.0,0.1194875,52200.0
0.85128933,0.35,0.06,0.18757382,0.084647626,-5.0693164,522,10460.0,0.11950698,52300.0
0.8513096,0.35,0.11,0.1875885,0.08464385,-4.2732363,523,10480.0,0.119514324,52400.0
0.85132736,0.1,0.07,0.18759523,0.08463703,-5.25169,524,10500.0,0.119533636,52500.0
0.8513167,0.15,0.1,0.18760237,0.08465096,-4.6486387,525,10520.0,0.1195366,52600.0
0.8513153,0.2,0.06,0.18761845,0.08465863,-4.7437797,526,10540.0,0.1195493,52700.0
0.85130125,0.1,0.14,0.18762589,0.084648885,-5.435481,527,10560.0,0.119560726,52800.0
0.8513429,0.3,0.13,0.18763441,0.084649466,-4.493922,528,10580.0,0.11956069,52900.0
0.85134774,0.15,0.08,0.18764092,0.08466315,-4.4555216,529,10600.0,0.11956414,53000.0
0.85134935,0.2,0.11,0.18765393,0.08465517,-5.056586,530,10620.0,0.11955934,53100.0
0.8513398,0.45,0.07,0.18765369,0.084670454,-4.967917,531,10640.0,0.11957497,53200.0
0.85133547,0.35,0.1,0.18766022,0.08467814,-4.5171547,532,10660.0,0.11957585,53300.0
0.8513233,0.3,0.12,0.18766668,0.08466594,-4.8789124,533,10680.0,0.119582444,53400.0
0.85129446,0.2,0.07,0.1876763,0.08466908,-4.9591193,534,10700.0,0.11959455,53500.0
0.85127646,0.15,0.11,0.1876876,0.084670775,-4.8998737,535,10720.0,0.11960561,53600.0
0.8512675,0.3,0.09,0.1876988,0.084673874,-4.972831,536,10740.0,0.11961358,53700.0
0.8512544,0.15,0.11,0.18770486,0.08465805,-6.5093775,537,10760.0,0.11961756,53800.0
0.851254,0.15,0.1,0.18770948,0.08464623,-5.304951,538,10780.0,0.11961508,53900.0
0.85124713,0.2,0.08,0.18772173,0.08464141,-4.84142,539,10800.0,0.119622976,54000.0
0.8512473,0.2,0.1,0.18773012,0.0846941,-4.6352034,540,10820.0,0.11962849,54100.0
0.85125566,0.1,0.11,0.18773925,0.08469878,-4.9779654,541,10840.0,0.11963636,54200.0
0.8512616,0.25,0.1,0.1877476,0.084687665,-4.3302984,542,10860.0,0.11964071,54300.0
0.85125667,0.15,0.09,0.18776575,0.08469527,-4.5288534,543,10880.0,0.11965609,54400.0
0.851238,0.3,0.09,0.18777514,0.08471417,-4.0884247,544,10900.0,0.11966763,54500.0
0.8512381,0.2,0.19,0.18778601,0.084730364,-4.804463,545,10920.0,0.11967572,54600.0
0.8512426,0.3,0.15,0.1877963,0.084736,-4.4717298,546,10940.0,0.11968184,54700.0
0.85122776,0.3,0.14,0.18780813,0.08472481,-4.3339405,547,10960.0,0.1196903,54800.0
0.85123426,0.2,0.07,0.18781626,0.08474044,-4.6590805,548,10980.0,0.11969739,54900.0
0.8512179,0.1,0.12,0.18781902,0.084739454,-4.7074714,549,11000.0,0.119704604,55000.0
0.8512313,0.35,0.12,0.1878285,0.084744066,-4.449711,550,11020.0,0.11970144,55100.0
0.8512351,0.3,0.05,0.18783738,0.084740534,-4.1500545,551,11040.0,0.11969745,55200.0
0.85120183,0.25,0.13,0.18784064,0.08474074,-5.5917044,552,11060.0,0.11968988,55300.0
0.851206,0.15,0.12,0.18785232,0.08471776,-4.428756,553,11080.0,0.1196872,55400.0
0.85121053,0.2,0.12,0.18785505,0.08473271,-4.4283915,554,11100.0,0.119706385,55500.0
0.8511936,0.15,0.14,0.18785414,0.08473205,-4.871531,555,11120.0,0.11970652,55600.0
0.8512015,0.25,0.13,0.1878588,0.084725864,-4.270456,556,11140.0,0.11971594,55700.0
0.85121745,0.35,0.1,0.18787132,0.08471766,-3.6363652,557,11160.0,0.119728126,55800.0
0.85121435,0.1,0.08,0.18787223,0.0847119,-4.5581546,558,11180.0,0.11973519,55900.0
0.8512311,0.15,0.13,0.18788595,0.08471034,-4.267081,559,11200.0,0.11973852,56000.0
0.851218,0.3,0.16,0.18789262,0.08472197,-3.9100769,560,11220.0,0.11975374,56100.0
0.85117364,0.25,0.1,0.18789338,0.08472174,-4.3006973,561,11240.0,0.119757704,56200.0
0.8511726,0.45,0.13,0.18790612,0.08471529,-4.517145,562,11260.0,0.11975568,56300.0
0.8511961,0.1,0.11,0.18791628,0.08472075,-4.105176,563,11280.0,0.11975629,56400.0
0.8512218,0.25,0.18,0.18792072,0.08472483,-4.130374,564,11300.0,0.11976858,56500.0
0.8512158,0.3,0.09,0.18792185,0.084709674,-4.288545,565,11320.0,0.119773984,56600.0
0.851221,0.2,0.12,0.1879339,0.08470814,-4.747494,566,11340.0,0.11977843,56700.0
0.8512189,0.15,0.11,0.18795009,0.084701374,-5.0558453,567,11360.0,0.119794786,56800.0
0.85122555,0.45,0.11,0.18795918,0.084690526,-3.7355351,568,11380.0,0.11980339,56900.0
0.8512147,0.3,0.1,0.18796782,0.08468768,-3.857748,569,11400.0,0.11980644,57000.0
0.85120964,0.15,0.13,0.18797739,0.08467536,-4.1836667,570,11420.0,0.119811356,57100.0
0.85120755,0.25,0.06,0.18798704,0.08467712,-5.309551,571,11440.0,0.11980843,57200.0
0.8512276,0.25,0.15,0.18799257,0.08466328,-4.6457663,572,11460.0,0.119820684,57300.0
0.85122776,0.35,0.08,0.18800178,0.08464799,-4.030653,573,11480.0,0.11981827,57400.0
0.85120124,0.2,0.11,0.18800509,0.08465635,-4.2738404,574,11500.0,0.11983242,57500.0
0.85120916,0.15,0.15,0.1880158,0.08465713,-3.577634,575,11520.0,0.119826846,57600.0
0.8512044,0.25,0.09,0.18802041,0.08466023,-3.6792839,576,11540.0,0.11983671,57700.0
0.8511877,0.2,0.11,0.18802628,0.08468219,-4.7085214,577,11560.0,0.119849704,57800.0
0.8511917,0.15,0.06,0.18803129,0.084689744,-3.907515,578,11580.0,0.11986711,57900.0
0.8512022,0.05,0.07,0.18803038,0.08470913,-3.6369889,579,11600.0,0.11987186,58000.0
0.8512001,0.05,0.05,0.18802798,0.08469337,-3.7209392,580,11620.0,0.119868904,58100.0
0.85117656,0.05,0.06,0.188021,0.084692605,-4.6931715,581,11640.0,0.119879045,58200.0
0.85119075,0.15,0.04,0.18801716,0.08469634,-3.3486924,582,11660.0,0.11989781,58300.0
0.85118246,0.15,0.04,0.18800873,0.08468915,-3.4265218,583,11680.0,0.119896114,58400.0
0.8512037,0.15,0.08,0.1880079,0.08470128,-4.3361,584,11700.0,0.119895756,58500.0
0.8512053,0.1,0.01,0.18799168,0.084689245,-3.1398604,585,11720.0,0.11989951,58600.0
0.851224,0.15,0.04,0.18798347,0.0847009,-4.3317785,586,11740.0,0.119908355,58700.0
0.85122466,0.05,0.05,0.18797988,0.08469157,-4.218669,587,11760.0,0.11991096,58800.0
0.8512165,0.15,0.04,0.18797375,0.08467995,-3.8459015,588,11780.0,0.119923055,58900.0
0.85121655,0.15,0.03,0.18796092,0.08468033,-4.381243,589,11800.0,0.11993393,59000.0
0.8512182,0.15,0.04,0.1879547,0.08468106,-4.376741,590,11820.0,0.1199295,59100.0
0.85120755,0.35,0.04,0.18794319,0.084697634,-4.0319166,591,11840.0,0.119922005,59200.0
0.8512071,0.15,0.01,0.18792416,0.08470532,-4.197559,592,11860.0,0.1199295,59300.0
0.8512173,0.05,0.05,0.1879229,0.08469915,-4.425475,593,11880.0,0.11993068,59400.0
0.85122615,0.3,0.06,0.18792157,0.08470187,-4.1687903,594,11900.0,0.11992761,59500.0
0.85121125,0.15,0.1,0.18792126,0.08469317,-4.9770465,595,11920.0,0.11993537,59600.0
0.8512098,0.15,0.08,0.18792035,0.08470288,-5.062011,596,11940.0,0.11994364,59700.0
0.8512056,0.15,0.09,0.18792684,0.08471534,-4.5286756,597,11960.0,0.11994636,59800.0
0.85118556,0.2,0.09,0.18793683,0.08471107,-3.519733,598,11980.0,0.11994066,59900.0
0.8511993,0.3,0.08,0.18794729,0.08471025,-3.6750627,599,12000.0,0.1199479,60000.0
0.85121936,0.1,0.1,0.18795145,0.084701195,-3.1206427,600,12020.0,0.11994966,60100.0
0.85124284,0.35,0.1,0.18795756,0.084696405,-3.5437877,601,12040.0,0.11994674,60200.0
0.85123706,0.25,0.1,0.1879624,0.084712066,-3.6232505,602,12060.0,0.11994491,60300.0
0.85124296,0.3,0.14,0.18797268,0.084714286,-4.114255,603,12080.0,0.11994966,60400.0
0.8512586,0.4,0.14,0.18798052,0.08472109,-3.7350736,604,12100.0,0.11996818,60500.0
0.8512656,0.3,0.12,0.18799712,0.084725246,-4.3231916,605,12120.0,0.11996764,60600.0
0.8512592,0.2,0.07,0.1880067,0.084753215,-3.9868896,606,12140.0,0.119964845,60700.0
0.85126525,0.2,0.12,0.1880126,0.08478189,-3.7314992,607,12160.0,0.119972885,60800.0
0.8512695,0.25,0.09,0.1880235,0.084778875,-3.761734,608,12180.0,0.11998119,60900.0
0.8512767,0.35,0.12,0.18803558,0.084775165,-3.4528203,609,12200.0,0.119994394,61000.0
0.8512716,0.2,0.11,0.18804759,0.08476912,-3.2310898,610,12220.0,0.119990416,61100.0
0.8512698,0.2,0.07,0.18805858,0.084773324,-3.7751846,611,12240.0,0.1199871,61200.0
0.8512807,0.25,0.06,0.18806776,0.084781535,-3.8501182,612,12260.0,0.11996821,61300.0
0.85128975,0.3,0.07,0.18808053,0.08477971,-3.2052891,613,12280.0,0.11996192,61400.0
0.8512617,0.15,0.1,0.18808404,0.084803075,-4.2281504,614,12300.0,0.11996564,61500.0
0.85128,0.15,0.1,0.18810213,0.08479834,-3.2517858,615,12320.0,0.11995884,61600.0
0.85129714,0.2,0.17,0.18810803,0.084813416,-4.3711286,616,12340.0,0.119962506,61700.0
0.85132056,0.15,0.1,0.18812017,0.084841624,-3.8023624,617,12360.0,0.11996201,61800.0
0.85130566,0.15,0.07,0.18813077,0.084842026,-3.7532737,618,12380.0,0.11996001,61900.0
0.85129267,0.1,0.13,0.18813692,0.0848375,-3.9670215,619,12400.0,0.11996134,62000.0
0.8512992,0.4,0.18,0.18814772,0.084851086,-3.8457398,620,12420.0,0.11995915,62100.0
0.8512902,0.2,0.09,0.18815485,0.08487102,-3.7197137,621,12440.0,0.11995759,62200.0
0.8512644,0.3,0.16,0.1881602,0.08490903,-3.1145322,622,12460.0,0.11995668,62300.0
0.85125566,0.25,0.11,0.18817084,0.08491803,-3.0988832,623,12480.0,0.11995995,62400.0
0.8512731,0.3,0.13,0.18818074,0.08492183,-3.7085214,624,12500.0,0.11995858,62500.0
0.8512557,0.15,0.13,0.18818231,0.08493807,-3.4795861,625,12520.0,0.119956255,62600.0
0.85122156,0.25,0.04,0.1881763,0.08495296,-3.4335945,626,12540.0,0.11995561,62700.0
0.8512356,0.15,0.04,0.18817219,0.08495264,-4.3996315,627,12560.0,0.11996314,62800.0
0.85122395,0.25,0.04,0.18816465,0.08496373,-3.3313575,628,12580.0,0.11996455,62900.0
0.85123104,0.3,0.08,0.1881678,0.08497819,-3.742234,629,12600.0,0.11996225,63000.0
0.8512192,0.3,0.1,0.18816926,0.08499241,-4.1025996,630,12620.0,0.11996075,63100.0
0.8512127,0.1,0.07,0.18816298,0.08500645,-4.3566527,631,12640.0,0.11996759,63200.0
0.8512089,0.2,0.09,0.18816051,0.085023224,-4.4431953,632,12660.0,0.119956456,63300.0
0.85120934,0.15,0.14,0.18815899,0.085024245,-3.8796325,633,12680.0,0.11996197,63400.0
0.8512077,0.2,0.15,0.1881554,0.08503515,-4.2703524,634,12700.0,0.11995945,63500.0
0.8511927,0.25,0.08,0.18815522,0.08503747,-4.1783915,635,12720.0,0.11994484,63600.0
0.8511701,0.4,0.13,0.18815556,0.08504754,-3.2567563,636,12740.0,0.11994944,63700.0
0.8511705,0.2,0.11,0.18816292,0.08504477,-3.215653,637,12760.0,0.1199357,63800.0
0.851165,0.25,0.15,0.18816736,0.085049115,-3.5968914,638,12780.0,0.11993592,63900.0
0.85119134,0.35,0.11,0.18816997,0.08504889,-3.775988,639,12800.0,0.11993489,64000.0
0.85118896,0.2,0.13,0.18817474,0.08506465,-2.9631507,640,12820.0,0.119927324,64100.0
0.85118955,0.3,0.14,0.18818189,0.0850565,-3.7033088,641,12840.0,0.11992527,64200.0
0.8511879,0.1,0.17,0.18818904,0.085050404,-3.4827647,642,12860.0,0.119922854,64300.0
0.8511827,0.25,0.1,0.1881936,0.08504969,-3.355451,643,12880.0,0.11991769,64400.0
0.85119104,0.35,0.07,0.18820034,0.08505288,-3.9450886,644,12900.0,0.11991302,64500.0
0.85119015,0.35,0.1,0.18820304,0.08505659,-3.3419845,645,12920.0,0.11991105,64600.0
0.8511932,0.25,0.12,0.18820423,0.08505954,-3.7919788,646,12940.0,0.1198953,64700.0
0.8511844,0.45,0.07,0.18820448,0.085086994,-3.2478576,647,12960.0,0.11989228,64800.0
0.8511705,0.3,0.11,0.18820749,0.08509728,-3.1121106,648,12980.0,0.11988118,64900.0
0.85115457,0.25,0.06,0.1882186,0.085107334,-4.032642,649,13000.0,0.11988362,65000.0
0.85116845,0.35,0.12,0.18822592,0.08510429,-3.6577072,650,13020.0,0.119880624,65100.0
0.8511787,0.2,0.06,0.18822947,0.085130356,-4.218576,651,13040.0,0.1198848,65200.0
0.8511765,0.3,0.1,0.18824337,0.08515256,-3.8015609,652,13060.0,0.11988773,65300.0
0.8511677,0.25,0.06,0.18825124,0.08515763,-3.6612906,653,13080.0,0.119885124,65400.0
0.85116845,0.4,0.11,0.18825176,0.0851704,-3.5186844,654,13100.0,0.11987403,65500.0
0.8511455,0.2,0.1,0.18825817,0.0851753,-3.8221962,655,13120.0,0.11987567,65600.0
0.8511197,0.2,0.13,0.18826833,0.08517225,-4.017377,656,13140.0,0.11986992,65700.0
0.8510935,0.25,0.12,0.18826641,0.08517699,-3.706456,657,13160.0,0.11986452,65800.0
0.85107726,0.25,0.13,0.18827276,0.0851836,-3.5261562,658,13180.0,0.11986335,65900.0
0.8510983,0.15,0.05,0.18827215,0.085210055,-3.0675504,659,13200.0,0.11986783,66000.0
0.8511076,0.35,0.09,0.18827464,0.085229725,-5.1829805,660,13220.0,0.11986504,66100.0
0.8511054,0.3,0.05,0.18827993,0.08524236,-3.406463,661,13240.0,0.119860314,66200.0
0.85109496,0.25,0.14,0.18828705,0.08525665,-3.6803887,662,13260.0,0.11986273,66300.0
0.8511277,0.3,0.06,0.18829559,0.08526005,-3.8890407,663,13280.0,0.11986307,66400.0
0.8511202,0.3,0.1,0.18830322,0.0852636,-4.1327057,664,13300.0,0.11986193,66500.0
0.851114,0.1,0.06,0.18830845,0.085259095,-3.6287856,665,13320.0,0.11985283,66600.0
0.85111886,0.1,0.11,0.18832138,0.08525725,-4.403614,666,13340.0,0.119852245,66700.0
0.8511161,0.25,0.13,0.18832672,0.08527687,-3.6644368,667,13360.0,0.119855195,66800.0
0.8511136,0.2,0.1,0.18834004,0.08526936,-4.2058063,668,13380.0,0.11986276,66900.0
0.85110503,0.15,0.11,0.18835156,0.08526748,-3.6376953,669,13400.0,0.11985657,67000.0
0.8510987,0.05,0.13,0.18835771,0.08526471,-4.157558,670,13420.0,0.119854234,67100.0
0.8510833,0.15,0.1,0.1883597,0.08525335,-3.9204884,671,13440.0,0.119854115,67200.0
0.85108954,0.15,0.1,0.18836384,0.08524598,-4.1222377,672,13460.0,0.11985213,67300.0
0.8511092,0.15,0.09,0.18836254,0.08526605,-3.5059333,673,13480.0,0.11985212,67400.0
0.8510978,0.35,0.05,0.18836248,0.0852748,-3.672687,674,13500.0,0.119857155,67500.0
0.85108227,0.25,0.05,0.18837248,0.08527257,-3.3330429,675,13520.0,0.11985911,67600.0
0.851057,0.1,0.07,0.18837029,0.08530074,-4.5666537,676,13540.0,0.11986437,67700.0
0.85104007,0.2,0.11,0.18836778,0.08529953,-4.6227474,677,13560.0,0.11986462,67800.0
0.85104626,0.3,0.1,0.1883737,0.08529343,-3.8264465,678,13580.0,0.1198658,67900.0
0.8510399,0.35,0.1,0.18838045,0.08528901,-4.07829,679,13600.0,0.119855285,68000.0
0.8510275,0.3,0.08,0.18838574,0.085287504,-4.007097,680,13620.0,0.1198496,68100.0
0.8510367,0.1,0.11,0.18839394,0.08528703,-5.385925,681,13640.0,0.11984708,68200.0
0.8510194,0.25,0.12,0.18839937,0.085288905,-3.5635974,682,13660.0,0.119844295,68300.0
0.8510135,0.25,0.09,0.18840769,0.08527963,-4.8086257,683,13680.0,0.11984249,68400.0
0.8510007,0.15,0.08,0.18841782,0.08529458,-4.308991,684,13700.0,0.11984535,68500.0
0.85100394,0.2,0.05,0.1884201,0.08530141,-3.6493542,685,13720.0,0.11984348,68600.0
0.85100156,0.25,0.04,0.1884331,0.085305244,-4.017331,686,13740.0,0.119838834,68700.0
0.85099214,0.3,0.1,0.18843837,0.08530923,-3.8250217,687,13760.0,0.11983704,68800.0
0.8510023,0.3,0.06,0.18845099,0.08532616,-4.0236073,688,13780.0,0.119841345,68900.0
0.8510005,0.3,0.1,0.18845692,0.085341275,-3.8965678,689,13800.0,0.1198361,69000.0
0.85098404,0.3,0.14,0.18846478,0.08535014,-4.0602126,690,13820.0,0.11983305,69100.0
0.8510068,0.35,0.11,0.18847437,0.08535909,-4.4191437,691,13840.0,0.11984023,69200.0
0.8509727,0.3,0.06,0.18847771,0.08535426,-3.7285733,692,13860.0,0.11984988,69300.0
0.85096955,0.3,0.15,0.1884852,0.08535364,-4.52427,693,13880.0,0.11984348,69400.0
0.85098267,0.2,0.07,0.1884946,0.08534282,-4.334292,694,13900.0,0.119838655,69500.0
0.85097796,0.0,0.12,0.18850474,0.08534179,-4.5524406,695,13920.0,0.11983651,69600.0
0.85096437,0.2,0.11,0.18851341,0.08533163,-4.235079,696,13940.0,0.119846225,69700.0
0.85096544,0.2,0.08,0.18852307,0.085332915,-4.452674,697,13960.0,0.119845755,69800.0
0.85097194,0.2,0.1,0.18852487,0.08534121,-4.665323,698,13980.0,0.11984656,69900.0
0.85096115,0.25,0.08,0.1885312,0.085347526,-3.7628796,699,14000.0,0.119843036,70000.0
0.8509579,0.1,0.1,0.18853801,0.085364506,-4.345508,700,14020.0,0.119844854,70100.0
0.8509548,0.2,0.13,0.18854477,0.085372135,-3.9971719,701,14040.0,0.11983907,70200.0
0.8509485,0.4,0.11,0.18855532,0.085371345,-4.2515826,702,14060.0,0.11982632,70300.0
0.8509693,0.15,0.07,0.18855733,0.085393,-4.8414927,703,14080.0,0.119820476,70400.0
0.8509524,0.15,0.13,0.18856037,0.08539599,-3.8438973,704,14100.0,0.11982289,70500.0
0.8509714,0.3,0.08,0.18857248,0.085411064,-4.243408,705,14120.0,0.11982588,70600.0
0.8509669,0.25,0.11,0.18858033,0.08541811,-4.2258053,706,14140.0,0.11982271,70700.0
0.85096747,0.3,0.1,0.18858993,0.08543031,-4.1903944,707,14160.0,0.11981856,70800.0
0.85095286,0.2,0.07,0.18859279,0.085435525,-4.09579,708,14180.0,0.11981397,70900.0
0.8509529,0.4,0.12,0.18859896,0.08543911,-4.0304747,709,14200.0,0.11981118,71000.0
0.8509523,0.2,0.09,0.18861094,0.08544178,-3.6472313,710,14220.0,0.11980679,71100.0
0.8509398,0.2,0.09,0.18861915,0.08544174,-4.522234,711,14240.0,0.11980093,71200.0
0.85095185,0.3,0.12,0.1886276,0.08542974,-3.7213798,712,14260.0,0.11979559,71300.0
0.8509539,0.2,0.12,0.18863621,0.08541665,-3.6929734,713,14280.0,0.11979244,71400.0
0.8509421,0.2,0.08,0.18864474,0.08541169,-3.875499,714,14300.0,0.11980051,71500.0
0.8509229,0.25,0.1,0.18865326,0.085425675,-4.172947,715,14320.0,0.11980221,71600.0
0.8509303,0.1,0.03,0.18865694,0.08542813,-4.087154,716,14340.0,0.119815774,71700.0
0.8509117,0.25,0.15,0.18866599,0.08545064,-4.291426,717,14360.0,0.119811945,71800.0
0.8508976,0.2,0.09,0.18866578,0.08545943,-4.802331,718,14380.0,0.11981189,71900.0
0.85089225,0.25,0.09,0.18867214,0.08546569,-3.997099,719,14400.0,0.11980834,72000.0
0.8508966,0.25,0.08,0.1886757,0.08548795,-4.7007713,720,14420.0,0.119804285,72100.0
0.85091066,0.2,0.07,0.18868555,0.08548884,-4.397224,721,14440.0,0.11979723,72200.0
0.85091496,0.5,0.12,0.18868761,0.08549101,-4.7543364,722,14460.0,0.119802095,72300.0
0.850914,0.2,0.12,0.1886949,0.08549291,-4.437118,723,14480.0,0.11979541,72400.0
0.85090286,0.2,0.1,0.18869999,0.08550351,-4.510085,724,14500.0,0.119794495,72500.0
0.8509113,0.2,0.09,0.18870328,0.08550166,-3.8422475,725,14520.0,0.11979432,72600.0
0.8509105,0.2,0.1,0.18870944,0.08549792,-4.689377,726,14540.0,0.119798124,72700.0
0.85090756,0.2,0.08,0.18871158,0.08549408,-4.109426,727,14560.0,0.11979448,72800.0
0.85089904,0.05,0.08,0.1887085,0.08551444,-4.4087214,728,14580.0,0.119790144,72900.0
0.8509194,0.25,0.07,0.18871598,0.085508995,-4.8335304,729,14600.0,0.119784094,73000.0
0.8509221,0.1,0.09,0.18872213,0.08550061,-4.2461967,730,14620.0,0.11977365,73100.0
0.85092634,0.15,0.12,0.18872814,0.08551857,-3.9187443,731,14640.0,0.11977464,73200.0
0.85093254,0.0,0.12,0.18873015,0.085511886,-4.5219088,732,14660.0,0.11976975,73300.0
0.8509364,0.2,0.12,0.18873012,0.085522965,-3.8517654,733,14680.0,0.11977461,73400.0
0.8509247,0.3,0.1,0.18873036,0.08553262,-4.200526,734,14700.0,0.11977347,73500.0
0.850918,0.05,0.12,0.18873024,0.085533574,-5.147054,735,14720.0,0.11976811,73600.0
0.8509192,0.1,0.06,0.18873301,0.08553152,-4.796378,736,14740.0,0.11977104,73700.0
0.8509217,0.1,0.06,0.18873855,0.08553468,-4.202455,737,14760.0,0.119766794,73800.0
0.85092956,0.2,0.07,0.18874204,0.08552658,-4.083298,738,14780.0,0.119759224,73900.0
0.8509206,0.35,0.13,0.18874829,0.08553437,-4.9450083,739,14800.0,0.119755395,74000.0
0.8509149,0.05,0.11,0.18875383,0.08552482,-4.8460207,740,14820.0,0.119747706,74100.0
0.8509118,0.15,0.07,0.18875937,0.08553373,-5.363236,741,14840.0,0.119745165,74200.0
0.85090977,0.3,0.08,0.18876404,0.085539535,-4.6556563,742,14860.0,0.119747944,74300.0
0.8508959,0.1,0.09,0.18876505,0.08556676,-3.4312801,743,14880.0,0.11974427,74400.0
0.8508949,0.1,0.03,0.1887545,0.085585125,-3.985932,744,14900.0,0.11974738,74500.0
0.8509044,0.05,0.06,0.18875708,0.085589975,-3.7980473,745,14920.0,0.119746864,74600.0
0.8509085,0.1,0.01,0.18874654,0.08558446,-4.925997,746,14940.0,0.11974278,74700.0
0.8509206,0.15,0.07,0.18874666,0.085577495,-4.9264536,747,14960.0,0.11973817,74800.0
0.85094184,0.2,0.03,0.18874681,0.08556353,-4.621994,748,14980.0,0.11973361,74900.0
0.8509391,0.1,0.03,0.18874411,0.08554744,-4.8212347,749,15000.0,0.11972209,75000.0
0.8509472,0.1,0.02,0.18873863,0.08554993,-3.9178855,750,15020.0,0.11973045,75100.0
0.8509458,0.1,0.08,0.18873782,0.08553761,-4.6458097,751,15040.0,0.11973009,75200.0
0.850939,0.05,0.06,0.18873364,0.08556318,-4.325612,752,15060.0,0.119733445,75300.0
0.8509242,0.15,0.07,0.18873423,0.08557511,-3.6840916,753,15080.0,0.119720764,75400.0
0.85092443,0.2,0.03,0.18873036,0.08558336,-4.050241,754,15100.0,0.119716786,75500.0
0.85095215,0.2,0.07,0.18872899,0.0855838,-5.3554087,755,15120.0,0.11971847,75600.0
0.85095143,0.35,0.11,0.18872923,0.085589625,-4.6930323,756,15140.0,0.11971494,75700.0
0.8509491,0.1,0.08,0.18872894,0.08560328,-4.157636,757,15160.0,0.11971099,75800.0
0.85094887,0.1,0.07,0.18872786,0.085617974,-4.8165445,758,15180.0,0.11971098,75900.0
0.8509543,0.05,0.09,0.18872528,0.08563337,-3.8678215,759,15200.0,0.119705856,76000.0
0.8509503,0.2,0.07,0.1887228,0.085637234,-3.6706436,760,15220.0,0.11969713,76100.0
0.8509534,0.15,0.06,0.1887266,0.08566175,-3.3194988,761,15240.0,0.11969031,76200.0
0.8509471,0.2,0.07,0.1887314,0.08568242,-3.6723506,762,15260.0,0.11968955,76300.0
0.8509631,0.35,0.06,0.18873663,0.085686214,-4.345525,763,15280.0,0.11968702,76400.0
0.8509601,0.15,0.14,0.18874003,0.08567443,-4.5346093,764,15300.0,0.119682916,76500.0
0.850961,0.45,0.09,0.18874054,0.08568686,-3.72306,765,15320.0,0.119676374,76600.0
0.85097927,0.2,0.08,0.1887363,0.08570657,-3.710532,766,15340.0,0.119670875,76700.0
0.8509612,0.1,0.03,0.18873315,0.085716814,-4.484973,767,15360.0,0.11967971,76800.0
0.8509438,0.15,0.05,0.18873012,0.08571942,-3.970718,768,15380.0,0.11968375,76900.0
0.850961,0.15,0.07,0.18873478,0.08571907,-4.5513906,769,15400.0,0.11967865,77000.0
0.8509349,0.4,0.07,0.18873316,0.0857387,-4.2375307,770,15420.0,0.119679354,77100.0
0.85093164,0.15,0.07,0.18873636,0.08573743,-4.026411,771,15440.0,0.11967484,77200.0
0.8509214,0.15,0.05,0.18873703,0.085735194,-4.117547,772,15460.0,0.11967651,77300.0
0.8508932,0.1,0.11,0.1887363,0.08574219,-3.5141957,773,15480.0,0.1196825,77400.0
0.8508825,0.2,0.1,0.18874422,0.08574244,-4.559904,774,15500.0,0.11968789,77500.0
0.8508901,0.15,0.09,0.18874554,0.085744485,-4.517613,775,15520.0,0.11968369,77600.0
0.85088825,0.3,0.11,0.18875171,0.08574146,-4.0489044,776,15540.0,0.11967856,77700.0
0.85090756,0.4,0.09,0.18875478,0.0857562,-3.82874,777,15560.0,0.11967539,77800.0
0.8508928,0.1,0.08,0.18875489,0.08575406,-4.9900584,778,15580.0,0.11967397,77900.0
0.85088724,0.2,0.05,0.18875879,0.085740365,-3.4375343,779,15600.0,0.11966982,78000.0
0.8508806,0.15,0.13,0.18876654,0.08574073,-4.414725,780,15620.0,0.11966551,78100.0
0.8508644,0.2,0.06,0.18876742,0.08573867,-3.8892345,781,15640.0,0.119662106,78200.0
0.85087496,0.35,0.1,0.18877144,0.085740656,-4.5168953,782,15660.0,0.11966458,78300.0
0.85087544,0.35,0.09,0.18877229,0.08574495,-3.942016,783,15680.0,0.119654864,78400.0
0.8508818,0.15,0.04,0.18877488,0.085736655,-4.5588517,784,15700.0,0.11964902,78500.0
0.85089207,0.1,0.1,0.1887852,0.08574207,-4.901005,785,15720.0,0.11964617,78600.0
0.8508897,0.4,0.11,0.1887916,0.08574479,-4.003978,786,15740.0,0.11964377,78700.0
0.8508932,0.2,0.1,0.18879494,0.08576188,-4.204131,787,15760.0,0.11963796,78800.0
0.85089207,0.05,0.07,0.18880843,0.08576484,-4.101083,788,15780.0,0.11963303,78900.0
0.8509026,0.3,0.09,0.18882062,0.085765325,-3.8060067,789,15800.0,0.11963078,79000.0
0.8509119,0.25,0.1,0.18882416,0.085772865,-3.7216938,790,15820.0,0.11962452,79100.0
0.85090894,0.05,0.05,0.18882431,0.08579757,-3.8210094,791,15840.0,0.11962002,79200.0
0.8509101,0.2,0.06,0.18882827,0.08580552,-3.906262,792,15860.0,0.11960996,79300.0
0.85092515,0.25,0.1,0.18883349,0.08580285,-4.3464985,793,15880.0,0.11961075,79400.0
0.8509169,0.2,0.11,0.18883581,0.08580476,-3.9354196,794,15900.0,0.119606644,79500.0
0.85092163,0.15,0.08,0.1888406,0.08580464,-4.107535,795,15920.0,0.11960185,79600.0
0.8509236,0.2,0.06,0.18884438,0.085815325,-4.363068,796,15940.0,0.119596444,79700.0
0.85091764,0.15,0.03,0.18883881,0.08582511,-2.8022337,797,15960.0,0.11959048,79800.0
0.85091144,0.1,0.02,0.18883869,0.08582583,-4.2266474,798,15980.0,0.1195895,79900.0
0.85091186,0.0,0.0,0.18882425,0.08581876,-3.856192,799,16000.0,0.119588174,80000.0
0.85090536,0.0,0.0,0.18881097,0.08580329,-4.3645344,800,16020.0,0.119587414,80100.0
0.8509295,0.0,0.01,0.18880306,0.085786164,-5.1593103,801,16040.0,0.11959064,80200.0
0.8509233,0.05,0.02,0.18879123,0.085799515,-4.9246044,802,16060.0,0.119593054,80300.0
0.8509269,0.1,0.05,0.18878594,0.08578885,-5.219558,803,16080.0,0.11958607,80400.0
0.85093355,0.1,0.05,0.1887814,0.08578492,-4.2610884,804,16100.0,0.11958862,80500.0
0.8509477,0.1,0.04,0.18877417,0.08577077,-5.4529443,805,16120.0,0.11958733,80600.0
0.85093737,0.15,0.03,0.18876871,0.08576982,-4.665599,806,16140.0,0.11959082,80700.0
0.85093945,0.1,0.05,0.18876146,0.08577565,-4.192933,807,16160.0,0.11959239,80800.0
0.85094047,0.15,0.02,0.1887591,0.085777216,-4.3113565,808,16180.0,0.11957865,80900.0
0.85094404,0.2,0.01,0.18875305,0.08576652,-3.7061107,809,16200.0,0.1195715,81000.0
0.85095096,0.25,0.04,0.18874803,0.08576897,-2.8988605,810,16220.0,0.119570844,81100.0
0.8509651,0.0,0.07,0.18874101,0.08578123,-3.9306145,811,16240.0,0.119571775,81200.0
0.85096496,0.1,0.08,0.18873458,0.08578025,-3.7873929,812,16260.0,0.11956946,81300.0
0.8509679,0.2,0.1,0.18872909,0.08577626,-3.4322116,813,16280.0,0.11956117,81400.0
0.8509658,0.25,0.09,0.188721,0.085791975,-4.2877455,814,16300.0,0.11956081,81500.0
0.8509705,0.15,0.08,0.18872058,0.08580194,-4.286746,815,16320.0,0.1195586,81600.0
0.8509584,0.2,0.06,0.18871254,0.08580459,-3.908814,816,16340.0,0.11956895,81700.0
0.8509538,0.2,0.07,0.1887071,0.085830234,-3.3637054,817,16360.0,0.119567215,81800.0
0.85093147,0.0,0.08,0.18869998,0.085854575,-4.168157,818,16380.0,0.11956888,81900.0
0.8509322,0.1,0.05,0.18869418,0.085853316,-4.2433577,819,16400.0,0.11956186,82000.0
0.8509328,0.0,0.04,0.1886875,0.08587389,-3.8798485,820,16420.0,0.119561605,82100.0
0.85092825,0.25,0.05,0.18867743,0.085893944,-4.7055407,821,16440.0,0.11956646,82200.0
0.8509321,0.0,0.13,0.18867515,0.08589585,-4.7190967,822,16460.0,0.119570315,82300.0
0.85093063,0.1,0.06,0.18867522,0.0859026,-5.2037854,823,16480.0,0.119566314,82400.0
0.8509393,0.1,0.04,0.18867174,0.08590696,-4.599279,824,16500.0,0.119567394,82500.0
0.85093457,0.25,0.07,0.18866551,0.08591319,-4.216134,825,16520.0,0.11957022,82600.0
0.8509314,0.25,0.11,0.18866095,0.085924365,-4.01719,826,16540.0,0.119567685,82700.0
0.8509564,0.15,0.11,0.18865986,0.08593926,-4.2659454,827,16560.0,0.11956636,82800.0
0.8509703,0.15,0.1,0.18865305,0.0859419,-4.305781,828,16580.0,0.1195676,82900.0
0.8509819,0.2,0.09,0.18865335,0.085946605,-3.3152912,829,16600.0,0.11956176,83000.0
0.85097367,0.2,0.03,0.18864757,0.08596418,-3.9352543,830,16620.0,0.11956182,83100.0
0.8509779,0.15,0.06,0.18864389,0.08597953,-4.208369,831,16640.0,0.11955174,83200.0
0.85097384,0.2,0.09,0.18864094,0.08598466,-4.525237,832,16660.0,0.119549565,83300.0
0.8509596,0.05,0.06,0.18863775,0.0859954,-4.3491116,833,16680.0,0.11954069,83400.0
0.85095316,0.05,0.07,0.18863428,0.08598986,-4.264961,834,16700.0,0.11954638,83500.0
0.850954,0.3,0.08,0.1886366,0.08599,-4.0733047,835,16720.0,0.119550936,83600.0
0.8509595,0.15,0.09,0.1886366,0.08598483,-3.8881507,836,16740.0,0.11954876,83700.0
0.8509585,0.15,0.09,0.18864143,0.085985124,-4.9913554,837,16760.0,0.119545184,83800.0
0.85096556,0.25,0.08,0.18864733,0.08597496,-4.797717,838,16780.0,0.11955107,83900.0
0.85096246,0.2,0.03,0.18865186,0.08597009,-4.7082973,839,16800.0,0.11954606,84000.0
0.85095054,0.1,0.03,0.18864924,0.08596731,-4.177125,840,16820.0,0.11954131,84100.0
0.8509527,0.1,0.09,0.18864925,0.08598621,-4.4509044,841,16840.0,0.119540475,84200.0
0.85096765,0.05,0.06,0.18864831,0.08598805,-2.960963,842,16860.0,0.11954328,84300.0
0.8509503,0.1,0.13,0.18864614,0.08600747,-4.3197765,843,16880.0,0.119541496,84400.0
0.8509547,0.2,0.02,0.18864952,0.08601079,-4.0332894,844,16900.0,0.11954389,84500.0
0.85094804,0.15,0.08,0.18864372,0.086015865,-3.626688,845,16920.0,0.11955014,84600.0
0.8509385,0.2,0.1,0.18864259,0.08602441,-4.9091353,846,16940.0,0.11955219,84700.0
0.85093164,0.1,0.12,0.18864903,0.08604041,-5.03876,847,16960.0,0.11954891,84800.0
0.8509218,0.15,0.05,0.18864611,0.08605038,-4.0252013,848,16980.0,0.1195439,84900.0
0.85091716,0.1,0.08,0.18864597,0.08605861,-3.4791703,849,17000.0,0.11954137,85000.0
0.8509292,0.0,0.04,0.188644,0.0860685,-5.451747,850,17020.0,0.119533546,85100.0
0.8509341,0.15,0.01,0.18864398,0.08607257,-4.8428497,851,17040.0,0.11953477,85200.0
0.85093236,0.15,0.06,0.18864508,0.086077474,-4.611144,852,17060.0,0.119535975,85300.0
0.850935,0.15,0.08,0.18864954,0.086079426,-4.4882326,853,17080.0,0.11953503,85400.0
0.85092616,0.25,0.08,0.18865608,0.08607501,-3.7139378,854,17100.0,0.11953124,85500.0
0.8509086,0.15,0.07,0.18865518,0.08610589,-3.4491775,855,17120.0,0.11952958,85600.0
0.8509181,0.3,0.05,0.18865654,0.086105675,-4.442598,856,17140.0,0.11952651,85700.0
0.85091156,0.2,0.05,0.18865873,0.0861131,-4.014796,857,17160.0,0.11952322,85800.0
0.8509217,0.15,0.08,0.18865988,0.08612451,-5.2358017,858,17180.0,0.11952731,85900.0
0.8509181,0.2,0.06,0.1886628,0.086157195,-3.6147377,859,17200.0,0.11952382,86000.0
0.85090894,0.15,0.08,0.18866993,0.08616601,-4.7206564,860,17220.0,0.1195175,86100.0
0.8509195,0.1,0.07,0.18867351,0.0861679,-6.283385,861,17240.0,0.11951846,86200.0
0.8509179,0.2,0.07,0.18867396,0.086184844,-4.4445696,862,17260.0,0.11951376,86300.0
0.85092235,0.2,0.1,0.18868087,0.08621476,-4.085877,863,17280.0,0.119509004,86400.0
0.85092646,0.15,0.08,0.18868728,0.08622419,-3.7880738,864,17300.0,0.11950508,86500.0
0.8509186,0.15,0.1,0.18869223,0.08623041,-4.7811136,865,17320.0,0.11949619,86600.0
0.8509109,0.35,0.06,0.18869509,0.08624742,-3.843249,866,17340.0,0.11949808,86700.0
0.85091835,0.2,0.13,0.18869312,0.086249396,-3.9983368,867,17360.0,0.11950401,86800.0
0.85093147,0.2,0.16,0.18869957,0.086246215,-4.600841,868,17380.0,0.11950705,86900.0
0.85092884,0.25,0.05,0.18869768,0.08625596,-3.9301472,869,17400.0,0.11950212,87000.0
0.8509371,0.3,0.06,0.18869647,0.08626407,-3.7430832,870,17420.0,0.11950865,87100.0
0.8509312,0.2,0.1,0.18869755,0.08627567,-4.75714,871,17440.0,0.119507134,87200.0
0.8509362,0.3,0.13,0.18869808,0.08629601,-4.239989,872,17460.0,0.11950847,87300.0
0.8509228,0.25,0.11,0.1886995,0.08631501,-3.899276,873,17480.0,0.11950188,87400.0
0.85091996,0.3,0.09,0.18870492,0.086329594,-4.0984282,874,17500.0,0.11949524,87500.0
0.8509281,0.2,0.12,0.18870822,0.08633657,-4.4682894,875,17520.0,0.1194914,87600.0
0.8509338,0.25,0.09,0.18870918,0.08634384,-3.7119591,876,17540.0,0.11949506,87700.0
0.8509198,0.05,0.08,0.18870808,0.086338736,-3.8604054,877,17560.0,0.11948558,87800.0
0.85093737,0.15,0.07,0.1887067,0.086344585,-4.7374134,878,17580.0,0.11948495,87900.0
0.8509334,0.1,0.08,0.18870792,0.08634099,-3.5240993,879,17600.0,0.11948503,88000.0
0.8509403,0.2,0.1,0.18870953,0.08633552,-3.4845207,880,17620.0,0.11948896,88100.0
0.85091925,0.35,0.05,0.18871054,0.08636809,-3.5200734,881,17640.0,0.1194911,88200.0
0.8509299,0.1,0.09,0.18870626,0.08636579,-4.8737288,882,17660.0,0.11949038,88300.0
0.85092235,0.15,0.07,0.18870348,0.08636992,-4.054026,883,17680.0,0.11949394,88400.0
0.8509283,0.0,0.11,0.18870369,0.08638116,-5.5012293,884,17700.0,0.11949038,88500.0
0.8509175,0.25,0.06,0.18869936,0.08637299,-4.190157,885,17720.0,0.11948202,88600.0
0.85090536,0.1,0.1,0.18869849,0.08639146,-4.5362463,886,17740.0,0.119475216,88700.0
0.8509032,0.1,0.06,0.18869631,0.086399786,-3.719995,887,17760.0,0.11946985,88800.0
0.8509019,0.2,0.04,0.18869776,0.086408764,-4.0591664,888,17780.0,0.11947044,88900.0
0.8509086,0.05,0.1,0.18869823,0.08640912,-4.5133224,889,17800.0,0.11947457,89000.0
0.850905,0.1,0.14,0.18869577,0.08641597,-4.692253,890,17820.0,0.11947734,89100.0
0.8509012,0.35,0.05,0.18869476,0.08643392,-4.0267687,891,17840.0,0.11947298,89200.0
0.85088795,0.35,0.08,0.18869221,0.08643464,-2.7947288,892,17860.0,0.11947298,89300.0
0.8509059,0.2,0.09,0.18869603,0.08645546,-4.2235136,893,17880.0,0.11947748,89400.0
0.8509019,0.3,0.05,0.18870103,0.08647006,-4.221557,894,17900.0,0.11947895,89500.0
0.8508776,0.2,0.07,0.1887031,0.08648338,-3.5011234,895,17920.0,0.11947233,89600.0
0.85087293,0.15,0.12,0.1887027,0.08649531,-4.379789,896,17940.0,0.119471945,89700.0
0.850873,0.15,0.04,0.18869872,0.086519726,-3.4585552,897,17960.0,0.11947248,89800.0
0.8508816,0.1,0.05,0.18869789,0.0865275,-5.0638113,898,17980.0,0.119470835,89900.0
0.8508864,0.15,0.07,0.18870294,0.08653167,-3.3542342,899,18000.0,0.11946819,90000.0
0.8508937,0.2,0.07,0.18870457,0.08656896,-4.1081834,900,18020.0,0.11946707,90100.0
0.8508988,0.05,0.09,0.18869868,0.08659435,-3.819828,901,18040.0,0.11946563,90200.0
0.85087824,0.15,0.11,0.1886948,0.08661352,-3.8671024,902,18060.0,0.11946771,90300.0
0.85087925,0.25,0.14,0.18869591,0.08661358,-4.022748,903,18080.0,0.11947388,90400.0
0.85088056,0.2,0.06,0.18869862,0.086613305,-3.2809005,904,18100.0,0.11946557,90500.0
0.850889,0.15,0.09,0.18869698,0.08661652,-3.7156093,905,18120.0,0.1194629,90600.0
0.85087866,0.25,0.09,0.18869539,0.086613424,-4.1934347,906,18140.0,0.11945674,90700.0
0.850878,0.35,0.08,0.18869774,0.0866252,-3.6157112,907,18160.0,0.119452775,90800.0
0.8508968,0.25,0.06,0.18869899,0.08663948,-5.503978,908,18180.0,0.11944882,90900.0
0.8509047,0.25,0.08,0.18869868,0.08666202,-3.7697864,909,18200.0,0.11943885,91000.0
0.8509074,0.3,0.07,0.18870196,0.08667292,-4.189,910,18220.0,0.11944685,91100.0
0.8509131,0.25,0.08,0.1887011,0.08669336,-3.3257625,911,18240.0,0.11944216,91200.0
0.85089225,0.15,0.1,0.18870483,0.08668544,-3.5829608,912,18260.0,0.1194413,91300.0
0.85090446,0.15,0.07,0.18870878,0.08668938,-3.764742,913,18280.0,0.11944181,91400.0
0.85090035,0.35,0.07,0.18870842,0.08670603,-3.6271179,914,18300.0,0.11944256,91500.0
0.8509013,0.15,0.08,0.18871109,0.08672107,-3.519479,915,18320.0,0.11944339,91600.0
0.8508909,0.1,0.05,0.18871674,0.08674533,-3.2388701,916,18340.0,0.119443305,91700.0
0.8508914,0.05,0.06,0.18871112,0.08676986,-4.3222184,917,18360.0,0.11943993,91800.0
0.8508912,0.05,0.1,0.18871307,0.086768195,-3.5364838,918,18380.0,0.11944451,91900.0
0.85088426,0.35,0.06,0.18871684,0.08677071,-3.569821,919,18400.0,0.11943715,92000.0
0.85090613,0.2,0.1,0.1887203,0.086769536,-3.131741,920,18420.0,0.11943337,92100.0
0.8508968,0.2,0.04,0.18872227,0.086779416,-4.0386577,921,18440.0,0.11943898,92200.0
0.85089016,0.15,0.1,0.18872161,0.086796016,-4.0816483,922,18460.0,0.11943405,92300.0
0.85089064,0.05,0.05,0.1887187,0.086813696,-3.0784588,923,18480.0,0.11943599,92400.0
0.8508878,0.1,0.08,0.18872201,0.086827345,-3.9480941,924,18500.0,0.119438976,92500.0
0.8508888,0.15,0.08,0.18872079,0.08682708,-2.527226,925,18520.0,0.119442455,92600.0
0.8508897,0.25,0.12,0.18871994,0.086839244,-3.252402,926,18540.0,0.11944436,92700.0
0.85090023,0.1,0.1,0.18872349,0.086865574,-2.9881847,927,18560.0,0.11944216,92800.0
0.8508995,0.25,0.08,0.18872418,0.08686729,-3.2071786,928,18580.0,0.1194379,92900.0
0.8508916,0.15,0.1,0.1887249,0.08687349,-3.6352096,929,18600.0,0.119439505,93000.0
0.8509006,0.25,0.08,0.18872574,0.086900264,-3.204824,930,18620.0,0.11944396,93100.0
0.85088104,0.2,0.08,0.18872873,0.08690088,-2.7516923,931,18640.0,0.119441085,93200.0
0.8508753,0.15,0.08,0.1887336,0.08692455,-2.8838217,932,18660.0,0.11944243,93300.0
0.8508752,0.15,0.06,0.1887335,0.08693603,-1.9255426,933,18680.0,0.11944013,93400.0
0.850887,0.1,0.09,0.18873587,0.08695333,-3.4416893,934,18700.0,0.11944351,93500.0
0.850882,0.15,0.02,0.1887373,0.08694969,-2.5873792,935,18720.0,0.11944909,93600.0
0.85088426,0.05,0.07,0.18874273,0.08696084,-3.035826,936,18740.0,0.119450055,93700.0
0.85086936,0.0,0.04,0.18874612,0.08698285,-2.730188,937,18760.0,0.11945077,93800.0
0.8508739,0.15,0.07,0.1887484,0.086992435,-2.4209952,938,18780.0,0.119448155,93900.0
0.85086983,0.0,0.07,0.18875226,0.08700091,-3.7920532,939,18800.0,0.11945427,94000.0
0.85086966,0.05,0.07,0.18875624,0.086999826,-3.0812554,940,18820.0,0.11945569,94100.0
0.85087365,0.05,0.07,0.18875982,0.08702575,-2.7984273,941,18840.0,0.119455546,94200.0
0.8508854,0.1,0.03,0.18876375,0.08702643,-5.9376273,942,18860.0,0.11945356,94300.0
0.8508833,0.1,0.05,0.18876743,0.08702586,-2.6595306,943,18880.0,0.119446486,94400.0
0.85089207,0.25,0.08,0.18877041,0.08703703,-3.0519075,944,18900.0,0.11944216,94500.0
0.8508997,0.05,0.04,0.18877444,0.0870411,-3.7611194,945,18920.0,0.11943508,94600.0
0.8508912,0.0,0.06,0.18878017,0.08705667,-3.6144276,946,18940.0,0.11943546,94700.0
0.850903,0.1,0.06,0.18877906,0.08707483,-2.6593127,947,18960.0,0.119428836,94800.0
0.8508916,0.0,0.1,0.18878004,0.08707458,-2.7208807,948,18980.0,0.1194218,94900.0
0.8508932,0.05,0.04,0.18878567,0.08709416,-4.010193,949,19000.0,0.11941948,95000.0
0.85089564,0.05,0.1,0.18878403,0.08709733,-3.014323,950,19020.0,0.1194156,95100.0
0.8509028,0.2,0.05,0.18878746,0.08709876,-2.899099,951,19040.0,0.11940989,95200.0
0.85089684,0.15,0.04,0.188787,0.08709574,-4.1770663,952,19060.0,0.11940574,95300.0
0.8508764,0.1,0.06,0.18879028,0.087119915,-4.862925,953,19080.0,0.11941094,95400.0
0.85087746,0.2,0.07,0.18879543,0.08714059,-3.8390174,954,19100.0,0.11940557,95500.0
0.8508647,0.05,0.01,0.18879613,0.087149814,-3.3230221,955,19120.0,0.119405024,95600.0
0.850859,0.1,0.08,0.18880165,0.08714947,-3.8920827,956,19140.0,0.11940059,95700.0
0.85086066,0.15,0.11,0.18880245,0.08716532,-2.7765825,957,19160.0,0.11939892,95800.0
0.85085565,0.0,0.07,0.18880606,0.08716598,-2.862118,958,19180.0,0.11940204,95900.0
0.8508417,0.0,0.06,0.1888031,0.08716464,-3.5931542,959,19200.0,0.11939954,96000.0
0.8508501,0.05,0.04,0.18880302,0.08716449,-3.5098782,960,19220.0,0.119398974,96100.0
0.8508578,0.2,0.03,0.1888002,0.08717231,-3.7280178,961,19240.0,0.119392574,96200.0
0.85087204,0.2,0.08,0.18880549,0.08717999,-2.9207797,962,19260.0,0.11939316,96300.0
0.8508659,0.1,0.03,0.18880184,0.08720681,-3.583653,963,19280.0,0.1193853,96400.0
0.8508622,0.05,0.07,0.18879865,0.08720288,-3.611864,964,19300.0,0.119377226,96500.0
0.8508601,0.3,0.09,0.1887979,0.087201506,-2.7530031,965,19320.0,0.11937458,96600.0
0.8508598,0.15,0.11,0.188794,0.087207496,-3.478691,966,19340.0,0.11937805,96700.0
0.8508598,0.25,0.08,0.18879633,0.08722114,-3.7761414,967,19360.0,0.119375706,96800.0
0.8508597,0.0,0.07,0.1887991,0.08723134,-3.9088178,968,19380.0,0.11937044,96900.0
0.8508479,0.1,0.08,0.18880287,0.0872363,-4.242112,969,19400.0,0.11936327,97000.0
0.8508482,0.05,0.02,0.18880606,0.08724382,-3.1551242,970,19420.0,0.11936245,97100.0
0.8508711,0.2,0.07,0.18880978,0.087257005,-3.550901,971,19440.0,0.11935479,97200.0
0.85086614,0.05,0.06,0.18880986,0.08725358,-3.735534,972,19460.0,0.11935616,97300.0
0.8508646,0.15,0.07,0.18881087,0.08725817,-3.3567328,973,19480.0,0.11935329,97400.0
0.8508596,0.05,0.09,0.18881537,0.087267786,-3.9224281,974,19500.0,0.11934694,97500.0
0.8508486,0.2,0.12,0.18881291,0.08726913,-3.3561053,975,19520.0,0.119345605,97600.0
0.8508629,0.15,0.06,0.18881655,0.08728268,-3.2710843,976,19540.0,0.11934781,97700.0
0.85086566,0.2,0.08,0.18881714,0.08730462,-3.780156,977,19560.0,0.119351655,97800.0
0.85087496,0.1,0.1,0.18881854,0.0873321,-3.1141477,978,19580.0,0.11934995,97900.0
0.85087997,0.05,0.07,0.18881632,0.08732946,-3.7225552,979,19600.0,0.11935007,98000.0
0.85087985,0.05,0.09,0.18881796,0.08733018,-3.8262124,980,19620.0,0.11934713,98100.0
0.85088307,0.05,0.04,0.18882,0.087326914,-3.4410965,981,19640.0,0.11934617,98200.0
0.8508746,0.1,0.03,0.1888205,0.08733055,-4.6967063,982,19660.0,0.11934478,98300.0
0.8508771,0.3,0.08,0.18882422,0.08733862,-3.6011214,983,19680.0,0.11934931,98400.0
0.85087734,0.05,0.07,0.18882431,0.08734976,-5.0272517,984,19700.0,0.11934507,98500.0
0.85085845,0.3,0.05,0.18882056,0.08734767,-3.1488957,985,19720.0,0.11934792,98600.0
0.8508553,0.15,0.04,0.18881463,0.08736187,-5.008546,986,19740.0,0.11935096,98700.0
0.8508498,0.25,0.12,0.18881589,0.0873739,-3.8307533,987,19760.0,0.119347215,98800.0
0.85084623,0.2,0.09,0.18881878,0.08736975,-3.640054,988,19780.0,0.11934388,98900.0
0.8508528,0.05,0.1,0.1888192,0.087367326,-4.7846074,989,19800.0,0.11934752,99000.0
0.8508404,0.05,0.05,0.1888155,0.08740186,-4.179033,990,19820.0,0.11934149,99100.0
0.8508432,0.2,0.14,0.18881278,0.08741542,-3.3723342,991,19840.0,0.11933651,99200.0
0.85085267,0.1,0.09,0.18881163,0.087429136,-5.167521,992,19860.0,0.119339295,99300.0
0.8508527,0.3,0.08,0.18881221,0.08743102,-3.7575212,993,19880.0,0.11933902,99400.0
0.85084695,0.15,0.1,0.18880787,0.08745426,-4.4786954,994,19900.0,0.11934022,99500.0
0.85084313,0.0,0.06,0.188807,0.087450854,-3.8116817,995,19920.0,0.11933837,99600.0
0.850848,0.05,0.04,0.1888081,0.08745402,-3.7387607,996,19940.0,0.119336575,99700.0
0.8508551,0.15,0.08,0.18880981,0.08746583,-3.1380706,997,19960.0,0.11933434,99800.0
0.8508556,0.1,0.04,0.18881616,0.0874656,-4.530139,998,19980.0,0.11933157,99900.0
0.8508621,0.15,0.04,0.18882029,0.0874686,-3.7025406,999,20000.0,0.11933533,100000.0
