stats_o/std,stats_g/mean,stats_g/std,train/episode,test/success_rate,epoch,test/mean_Q,train/success_rate,stats_o/mean,test/episode
0.030620167,0.86005706,0.09383445,20.0,0.4,0,-1.1708858,0.2,0.2578695,20.0
0.029208815,0.8640032,0.08903105,40.0,0.55,1,-1.0939867,0.6,0.25877133,40.0
0.028803999,0.8646722,0.085834146,60.0,0.95,2,-0.5049024,0.8,0.25921333,60.0
0.029059688,0.8693487,0.085727274,80.0,1.0,3,-0.55713546,0.8,0.2607881,80.0
0.029283512,0.8692921,0.085898586,100.0,0.95,4,-0.4881792,0.8,0.2608711,100.0
0.02947491,0.870548,0.08578778,120.0,1.0,5,-0.32779884,0.75,0.26116925,120.0
0.029639643,0.86952585,0.08562875,140.0,1.0,6,-0.25038683,0.85,0.26089445,140.0
0.02963849,0.871861,0.085041225,160.0,1.0,7,-0.24172416,0.8,0.26159948,160.0
0.029747337,0.8714524,0.08478571,180.0,1.0,8,-0.19445397,0.95,0.26144883,180.0
0.029926669,0.872026,0.08498926,200.0,1.0,9,-0.2319363,0.75,0.26160213,200.0
0.030007178,0.872521,0.08504631,220.0,1.0,10,-0.1318215,0.95,0.26172417,220.0
0.030101884,0.87219024,0.08507969,240.0,1.0,11,-0.12834558,0.85,0.26163724,240.0
0.030233383,0.87303805,0.08538526,260.0,1.0,12,-0.16441384,0.8,0.26185757,260.0
0.03024163,0.8734804,0.08529792,280.0,1.0,13,-0.1328449,0.85,0.2619816,280.0
0.03031252,0.87441206,0.08525577,300.0,1.0,14,-0.18030994,0.8,0.26227587,300.0
0.030385619,0.8755471,0.08540899,320.0,1.0,15,-0.19245142,0.85,0.26257297,320.0
0.030455297,0.87547463,0.08547977,340.0,1.0,16,-0.08902716,0.65,0.26257935,340.0
0.03042375,0.8749072,0.08528092,360.0,1.0,17,-0.08009377,0.85,0.2624294,360.0
0.030413244,0.87444633,0.08522307,380.0,1.0,18,-0.14391473,0.75,0.2622859,380.0
0.03053464,0.8749857,0.08565531,400.0,1.0,19,-0.16695614,0.75,0.26244962,400.0
0.030562613,0.8751593,0.0856772,420.0,1.0,20,-0.116159536,0.9,0.26252973,420.0
0.030629614,0.8753156,0.08587525,440.0,1.0,21,-0.113448344,0.9,0.262589,440.0
0.030577078,0.8759733,0.0856601,460.0,1.0,22,-0.09287585,0.75,0.2627758,460.0
0.03056207,0.87636185,0.08555477,480.0,1.0,23,-0.058887243,0.85,0.26286742,480.0
0.03051794,0.87624425,0.085381724,500.0,1.0,24,-0.054840036,0.85,0.2628402,500.0
0.030530443,0.8760376,0.085362665,520.0,1.0,25,-0.06832678,0.9,0.26278493,520.0
0.030446166,0.8757913,0.08501378,540.0,1.0,26,-0.0856832,0.8,0.26271716,540.0
0.030426066,0.8764653,0.08490074,560.0,1.0,27,-0.07412611,0.6,0.26289207,560.0
0.030377647,0.876092,0.0847053,580.0,1.0,28,-0.022968303,0.7,0.2628,580.0
0.030356556,0.8757712,0.08467463,600.0,1.0,29,-0.06986503,0.5,0.262694,600.0
0.030288244,0.87581295,0.08441887,620.0,1.0,30,-0.08795953,0.85,0.26271808,620.0
0.030354073,0.87613565,0.08462914,640.0,1.0,31,-0.069275685,0.55,0.262801,640.0
0.030386452,0.87635213,0.08471656,660.0,1.0,32,-0.09940667,0.85,0.2628684,660.0
0.030443933,0.8762775,0.084903456,680.0,1.0,33,-0.094577365,0.8,0.26285475,680.0
0.03043409,0.8763074,0.0848544,700.0,1.0,34,-0.055340122,0.75,0.26286098,700.0
0.030393636,0.876458,0.08474008,720.0,1.0,35,-0.05418859,0.6,0.26290888,720.0
0.030377895,0.8764846,0.08463509,740.0,1.0,36,-0.012486674,0.8,0.2629124,740.0
0.03042664,0.8758295,0.084756315,760.0,1.0,37,-0.07841851,0.8,0.262731,760.0
0.030440535,0.8755618,0.08480289,780.0,1.0,38,-0.031392198,0.7,0.26265696,780.0
0.0304624,0.87595063,0.08484142,800.0,1.0,39,-0.06987866,0.75,0.26276582,800.0
0.030470332,0.87591857,0.08485538,820.0,1.0,40,-0.04926069,0.8,0.26275492,820.0
0.030473,0.87602633,0.08484045,840.0,1.0,41,-0.078193836,0.65,0.2627859,840.0
0.030467007,0.87584716,0.08484286,860.0,1.0,42,-0.06421791,0.75,0.2627384,860.0
0.03048091,0.87618166,0.0848572,880.0,1.0,43,-0.056503415,0.75,0.2628377,880.0
0.030491848,0.8766213,0.08487165,900.0,1.0,44,-0.074524485,0.75,0.26295757,900.0
0.030455973,0.8765807,0.084713094,920.0,1.0,45,-0.046905372,0.8,0.26294518,920.0
0.030497646,0.87680787,0.084822215,940.0,1.0,46,-0.08093175,0.75,0.262997,940.0
0.030536821,0.87716556,0.08494558,960.0,1.0,47,-0.054543406,0.9,0.26310042,960.0
0.030569393,0.87738615,0.085027985,980.0,1.0,48,-0.08256434,0.85,0.2631543,980.0
0.03054772,0.87754965,0.08494306,1000.0,1.0,49,-0.041141137,0.6,0.2632,1000.0
0.03052398,0.87736684,0.08486191,1020.0,1.0,50,-0.042524848,0.85,0.26315925,1020.0
0.03051948,0.8770078,0.08481032,1040.0,1.0,51,-0.050985955,0.85,0.2630568,1040.0
0.030508231,0.87692934,0.084754586,1060.0,1.0,52,-0.06526419,0.75,0.26303333,1060.0
0.030456414,0.87694407,0.08457819,1080.0,1.0,53,-0.07770252,0.8,0.2630458,1080.0
0.030491356,0.8770335,0.08469031,1100.0,1.0,54,-0.062276203,0.8,0.2630766,1100.0
0.030494094,0.87704825,0.08468258,1120.0,1.0,55,-0.05830441,0.6,0.26307794,1120.0
0.030467877,0.87715214,0.084565766,1140.0,1.0,56,-0.031930216,0.85,0.26310295,1140.0
0.030440312,0.8769862,0.08446354,1160.0,1.0,57,-0.0580705,0.8,0.26305276,1160.0
0.030430734,0.8769513,0.08444008,1180.0,1.0,58,-0.074041985,0.85,0.26304296,1180.0
0.030437034,0.87715626,0.08447695,1200.0,1.0,59,-0.040661767,0.9,0.2630927,1200.0
0.030424729,0.87748855,0.08440632,1220.0,1.0,60,-0.04357092,0.9,0.26317745,1220.0
0.03046355,0.8772667,0.08457016,1240.0,1.0,61,-0.060692877,0.8,0.26312193,1240.0
0.030470585,0.87735265,0.08459454,1260.0,1.0,62,-0.053122353,0.65,0.26313525,1260.0
0.030478168,0.87759495,0.08463374,1280.0,1.0,63,-0.061049752,0.9,0.26320484,1280.0
0.030501354,0.87749904,0.08472064,1300.0,1.0,64,-0.08602811,0.8,0.2631876,1300.0
0.030494248,0.8773945,0.084695846,1320.0,1.0,65,-0.0065553985,0.8,0.26314792,1320.0
0.030479115,0.87728786,0.08464267,1340.0,1.0,66,-0.036204062,0.7,0.26312226,1340.0
0.030498004,0.8770346,0.08475634,1360.0,1.0,67,-0.043341305,0.65,0.26306477,1360.0
0.030474093,0.87670183,0.08466198,1380.0,1.0,68,-0.03063266,0.75,0.26298225,1380.0
0.030477142,0.8766465,0.08464179,1400.0,1.0,69,-0.056449305,0.85,0.2629683,1400.0
0.03049821,0.876486,0.08473008,1420.0,1.0,70,-0.057750292,0.75,0.26293224,1420.0
0.030515173,0.8765807,0.084772766,1440.0,1.0,71,-0.06299943,0.8,0.26295966,1440.0
0.03050761,0.8765994,0.08475185,1460.0,1.0,72,-0.068518505,0.7,0.26296863,1460.0
0.030519139,0.87655514,0.08477653,1480.0,1.0,73,-0.046144277,0.75,0.26296058,1480.0
0.030492771,0.876576,0.084691435,1500.0,1.0,74,-0.05868311,0.8,0.26296464,1500.0
0.03050604,0.8769167,0.08474579,1520.0,1.0,75,-0.028040227,0.7,0.26305324,1520.0
0.03052492,0.8768125,0.08480773,1540.0,1.0,76,-0.06430094,0.7,0.2630259,1540.0
0.030542051,0.8768831,0.08485965,1560.0,1.0,77,-0.05997952,0.85,0.26304138,1560.0
0.03058202,0.8768787,0.084984094,1580.0,1.0,78,-0.050349187,0.7,0.26304272,1580.0
0.030568164,0.8769669,0.08493609,1600.0,1.0,79,-0.06603465,0.75,0.26306337,1600.0
0.030553872,0.87688327,0.08488951,1620.0,1.0,80,-0.027962252,0.7,0.26304302,1620.0
0.030559987,0.876718,0.084917895,1640.0,1.0,81,-0.04901299,0.75,0.26299715,1640.0
0.030546492,0.87653226,0.08488492,1660.0,1.0,82,-0.044032387,0.85,0.2629484,1660.0
0.030552763,0.87653655,0.0849064,1680.0,1.0,83,-0.07280797,0.75,0.26295453,1680.0
0.030531788,0.8763307,0.08481691,1700.0,1.0,84,-0.015398431,0.85,0.26289356,1700.0
0.030540392,0.8763451,0.08484403,1720.0,1.0,85,-0.09010061,0.7,0.26289874,1720.0
0.030563314,0.8762617,0.0849377,1740.0,1.0,86,-0.065666065,0.8,0.2628773,1740.0
0.030586785,0.8763996,0.085021175,1760.0,1.0,87,-0.08464023,0.75,0.26291806,1760.0
0.030573502,0.87641114,0.084987104,1780.0,1.0,88,-0.019069621,0.9,0.2629194,1780.0
0.030585285,0.87634206,0.08502699,1800.0,1.0,89,-0.06027197,0.75,0.26289886,1800.0
0.030585807,0.87632656,0.08503282,1820.0,1.0,90,-0.0560354,0.85,0.262898,1820.0
0.030591477,0.8763346,0.08505819,1840.0,1.0,91,-0.05817607,0.8,0.2629021,1840.0
0.030604195,0.87623054,0.08512781,1860.0,1.0,92,-0.05842942,0.8,0.26287222,1860.0
0.030600045,0.87604207,0.08511561,1880.0,1.0,93,-0.05237949,0.8,0.26282236,1880.0
0.030615872,0.87609917,0.08516679,1900.0,1.0,94,-0.055280782,0.85,0.26283878,1900.0
0.030609418,0.8759598,0.0851402,1920.0,1.0,95,-0.024348732,0.6,0.26280266,1920.0
0.030618858,0.876116,0.08517671,1940.0,1.0,96,-0.043903727,0.6,0.26284054,1940.0
0.030614566,0.87616867,0.08516687,1960.0,1.0,97,-0.045484748,0.75,0.26286197,1960.0
0.030619135,0.8758902,0.08516928,1980.0,1.0,98,-0.08237397,0.9,0.26278648,1980.0
0.030658895,0.8760577,0.085312165,2000.0,1.0,99,-0.07080363,0.75,0.2628302,2000.0
0.030641735,0.8760163,0.08524699,2020.0,1.0,100,-0.029268425,0.6,0.2628172,2020.0
0.03063713,0.876018,0.08521714,2040.0,1.0,101,-0.061616004,0.9,0.26281586,2040.0
0.030643126,0.87610656,0.08525138,2060.0,1.0,102,-0.061935883,0.7,0.26284033,2060.0
0.030631762,0.8762381,0.085207045,2080.0,1.0,103,-0.04928099,0.75,0.26287872,2080.0
0.030628944,0.876061,0.08518698,2100.0,1.0,104,-0.056875825,0.8,0.2628338,2100.0
0.030613024,0.8761341,0.085115284,2120.0,1.0,105,-0.04573106,0.75,0.2628532,2120.0
0.030597975,0.87607026,0.08504947,2140.0,1.0,106,-0.06034995,0.7,0.26283756,2140.0
0.030585533,0.87590545,0.08501566,2160.0,1.0,107,-0.046636425,0.9,0.26279086,2160.0
0.030575976,0.87589806,0.084990986,2180.0,1.0,108,-0.09093302,0.8,0.26279157,2180.0
0.03058255,0.87582606,0.08502688,2200.0,1.0,109,-0.034827862,0.7,0.26277345,2200.0
0.030573538,0.87593746,0.085005105,2220.0,1.0,110,-0.04743406,0.75,0.26280487,2220.0
0.030565064,0.8759477,0.08499328,2240.0,1.0,111,-0.043363977,0.55,0.262806,2240.0
0.030568983,0.87589294,0.085004896,2260.0,1.0,112,-0.066469856,0.65,0.26278785,2260.0
0.03056339,0.875876,0.08497894,2280.0,1.0,113,-0.048271716,0.8,0.26278502,2280.0
0.030535948,0.8757748,0.08489171,2300.0,1.0,114,-0.049377788,0.8,0.26275766,2300.0
0.030537825,0.87578803,0.08488835,2320.0,1.0,115,-0.04720451,0.85,0.26276428,2320.0
0.030527081,0.87578887,0.08484908,2340.0,1.0,116,-0.055276208,0.6,0.26276964,2340.0
0.030518431,0.8758364,0.08482391,2360.0,1.0,117,-0.08240043,0.8,0.26278394,2360.0
0.030522877,0.8757164,0.08483815,2380.0,1.0,118,-0.034826864,0.55,0.26275,2380.0
0.030530874,0.8757184,0.08486102,2400.0,1.0,119,-0.06427868,0.75,0.26275355,2400.0
0.03054468,0.87580425,0.08489176,2420.0,1.0,120,-0.08209787,0.75,0.26277977,2420.0
0.030569602,0.8760498,0.084993325,2440.0,1.0,121,-0.086160235,0.65,0.26284772,2440.0
0.030563777,0.87600064,0.084974654,2460.0,1.0,122,-0.038123615,0.55,0.26283035,2460.0
0.03055204,0.8760042,0.084927656,2480.0,1.0,123,-0.037584774,0.75,0.2628294,2480.0
0.03053627,0.8759189,0.084863655,2500.0,1.0,124,-0.031494815,0.9,0.2628068,2500.0
0.03053033,0.87588817,0.084844775,2520.0,1.0,125,-0.03483058,0.65,0.26279753,2520.0
0.030521238,0.8758514,0.08480369,2540.0,1.0,126,-0.05777519,0.65,0.26278597,2540.0
0.030520728,0.8757658,0.084807046,2560.0,1.0,127,-0.057049684,0.8,0.26276082,2560.0
0.030515453,0.87569857,0.08479027,2580.0,1.0,128,-0.051285814,0.6,0.26274198,2580.0
0.030500317,0.8757774,0.08473248,2600.0,1.0,129,-0.048077233,0.75,0.26276106,2600.0
0.030497229,0.87564105,0.084729575,2620.0,1.0,130,-0.052555494,0.75,0.26272374,2620.0
0.030485582,0.875624,0.08468751,2640.0,1.0,131,-0.05313363,0.75,0.26272607,2640.0
0.030479286,0.8756673,0.08466362,2660.0,1.0,132,-0.029563803,0.7,0.26273558,2660.0
0.030482668,0.8756706,0.084676884,2680.0,1.0,133,-0.06003656,0.75,0.26273328,2680.0
0.030487508,0.87572414,0.08469933,2700.0,1.0,134,-0.08164295,0.7,0.26274064,2700.0
0.03049416,0.8757202,0.08472624,2720.0,1.0,135,-0.05807203,0.75,0.26274043,2720.0
0.030486878,0.87575597,0.08469903,2740.0,1.0,136,-0.05618782,0.45,0.26274988,2740.0
0.030489895,0.87575465,0.08470253,2760.0,1.0,137,-0.07107538,0.6,0.26274502,2760.0
0.03049221,0.8758103,0.08471823,2780.0,1.0,138,-0.06414156,0.95,0.26275915,2780.0
0.030488366,0.8757096,0.08469062,2800.0,1.0,139,-0.05749585,0.65,0.26272824,2800.0
0.030503845,0.8755331,0.08474357,2820.0,1.0,140,-0.083009794,0.9,0.26268253,2820.0
0.030510515,0.8755258,0.08479118,2840.0,1.0,141,-0.08715324,0.8,0.26268402,2840.0
0.030510595,0.87556076,0.08480061,2860.0,1.0,142,-0.061222572,0.85,0.2626915,2860.0
0.030514967,0.87556595,0.084816314,2880.0,1.0,143,-0.0756314,0.65,0.26269573,2880.0
0.030516967,0.875593,0.084809415,2900.0,1.0,144,-0.048069492,0.65,0.2627023,2900.0
0.03051795,0.8755489,0.084808744,2920.0,1.0,145,-0.057981085,0.8,0.2626932,2920.0
0.030530637,0.8754924,0.08486452,2940.0,1.0,146,-0.09807468,0.8,0.2626786,2940.0
0.030525422,0.8754573,0.084851064,2960.0,1.0,147,-0.065804,0.75,0.26266843,2960.0
0.030530844,0.8755813,0.08487043,2980.0,1.0,148,-0.089861974,0.75,0.26270217,2980.0
0.030522268,0.87553424,0.084838234,3000.0,1.0,149,-0.054797005,0.8,0.26269346,3000.0
0.03054389,0.8755579,0.08491703,3020.0,1.0,150,-0.099086076,0.75,0.26269972,3020.0
0.030530447,0.87556857,0.08486984,3040.0,1.0,151,-0.036406294,0.75,0.2627009,3040.0
0.030541584,0.8756786,0.08492897,3060.0,1.0,152,-0.07283494,0.75,0.26272807,3060.0
0.030540109,0.87567854,0.08492151,3080.0,1.0,153,-0.026735675,0.8,0.2627303,3080.0
0.03055041,0.8756864,0.08494132,3100.0,1.0,154,-0.06255634,0.8,0.26273337,3100.0
0.030565444,0.87577695,0.08499694,3120.0,1.0,155,-0.07246468,0.7,0.26275852,3120.0
0.03057898,0.8757715,0.08505116,3140.0,1.0,156,-0.052386202,0.9,0.26276192,3140.0
0.030581707,0.8758106,0.0850553,3160.0,1.0,157,-0.038958453,0.75,0.26277512,3160.0
0.03058289,0.87584734,0.08506456,3180.0,1.0,158,-0.07196455,0.9,0.26278493,3180.0
0.030598193,0.875834,0.08511112,3200.0,1.0,159,-0.09888466,0.65,0.26278076,3200.0
0.03058295,0.87582964,0.08505744,3220.0,1.0,160,-0.051828265,0.75,0.2627803,3220.0
0.030581722,0.87591267,0.0850665,3240.0,1.0,161,-0.051192928,0.75,0.2628026,3240.0
0.03058371,0.8759045,0.085077226,3260.0,1.0,162,-0.07097664,0.75,0.26280138,3260.0
0.030588765,0.87604135,0.08509312,3280.0,1.0,163,-0.07576912,0.9,0.2628388,3280.0
0.030593846,0.87607163,0.08509656,3300.0,1.0,164,-0.07809176,0.65,0.26284823,3300.0
0.030582864,0.8761609,0.085057296,3320.0,1.0,165,-0.07340192,0.75,0.26287404,3320.0
0.03059407,0.87624663,0.085093476,3340.0,1.0,166,-0.08425741,0.75,0.26289973,3340.0
0.030588904,0.876162,0.08508565,3360.0,1.0,167,-0.05766804,0.7,0.2628723,3360.0
0.03057819,0.87614375,0.08506354,3380.0,1.0,168,-0.06364984,0.75,0.26287076,3380.0
0.030586496,0.87616473,0.08509458,3400.0,1.0,169,-0.07157965,0.75,0.26287144,3400.0
0.030596817,0.87620157,0.08512498,3420.0,1.0,170,-0.074169464,0.75,0.26287964,3420.0
0.03059918,0.8762421,0.085134804,3440.0,1.0,171,-0.07933736,0.7,0.26289025,3440.0
0.030593563,0.8762776,0.08510435,3460.0,1.0,172,-0.053461682,0.8,0.26289794,3460.0
0.03060261,0.8761099,0.08515061,3480.0,1.0,173,-0.063378446,0.9,0.2628529,3480.0
0.030601436,0.87616515,0.08514602,3500.0,1.0,174,-0.06553644,0.8,0.2628665,3500.0
0.030596193,0.87620807,0.08512202,3520.0,1.0,175,-0.04223632,0.65,0.26288033,3520.0
0.030607436,0.876204,0.08516738,3540.0,1.0,176,-0.07670434,0.7,0.26288205,3540.0
0.03061474,0.87629944,0.085206576,3560.0,1.0,177,-0.0742747,0.6,0.26290724,3560.0
0.030610088,0.87633365,0.0852016,3580.0,1.0,178,-0.07786381,0.7,0.26291597,3580.0
0.030617014,0.87635595,0.085237056,3600.0,1.0,179,-0.0772898,0.85,0.26292318,3600.0
0.030624658,0.8764513,0.08527297,3620.0,1.0,180,-0.071302816,0.9,0.26294693,3620.0
0.030625168,0.8764774,0.08528128,3640.0,1.0,181,-0.05637715,0.65,0.2629532,3640.0
0.030639803,0.8763898,0.08533432,3660.0,1.0,182,-0.07715458,0.8,0.26292878,3660.0
0.03063243,0.87628347,0.08530104,3680.0,1.0,183,-0.08054473,0.85,0.26290256,3680.0
0.030617138,0.8763048,0.085242726,3700.0,1.0,184,-0.055175312,0.75,0.26290867,3700.0
0.030611565,0.876319,0.085233934,3720.0,1.0,185,-0.038754698,0.8,0.2629144,3720.0
0.0306092,0.876229,0.08522389,3740.0,1.0,186,-0.07452558,0.75,0.26289013,3740.0
0.030610004,0.87623024,0.085226975,3760.0,1.0,187,-0.05662941,0.8,0.26288897,3760.0
0.030592527,0.87624115,0.08516708,3780.0,1.0,188,-0.048671044,0.75,0.26289102,3780.0
0.030609736,0.87637234,0.08521723,3800.0,1.0,189,-0.07999207,0.75,0.2629277,3800.0
0.03060936,0.8763213,0.08521852,3820.0,1.0,190,-0.054815907,0.8,0.26291722,3820.0
0.030597916,0.8763163,0.08517331,3840.0,1.0,191,-0.034465037,0.7,0.26291594,3840.0
0.030584127,0.876318,0.08512946,3860.0,1.0,192,-0.06780099,0.85,0.26291972,3860.0
0.030593852,0.8762605,0.08514685,3880.0,1.0,193,-0.06524779,0.85,0.262904,3880.0
0.03058461,0.87623435,0.0851189,3900.0,1.0,194,-0.06406016,0.7,0.26289868,3900.0
0.030589044,0.87611324,0.085136205,3920.0,1.0,195,-0.07879242,0.85,0.2628612,3920.0
0.030585786,0.8760729,0.08513594,3940.0,1.0,196,-0.053025268,0.8,0.26284578,3940.0
0.030587804,0.876103,0.08514958,3960.0,1.0,197,-0.04559991,0.75,0.26285574,3960.0
0.030581858,0.8760511,0.08511599,3980.0,1.0,198,-0.039508604,0.8,0.26283985,3980.0
0.030584399,0.87608385,0.085120626,4000.0,1.0,199,-0.06337345,0.85,0.26284927,4000.0
0.030587494,0.87597936,0.0851394,4020.0,1.0,200,-0.06981419,0.8,0.26282272,4020.0
0.03059414,0.87607044,0.08515822,4040.0,1.0,201,-0.05874387,0.8,0.26284793,4040.0
0.030591851,0.8759983,0.08514449,4060.0,1.0,202,-0.028502062,0.7,0.26282856,4060.0
0.030588131,0.8760681,0.085127264,4080.0,1.0,203,-0.04332039,0.85,0.26284873,4080.0
0.030597795,0.8760562,0.08516002,4100.0,1.0,204,-0.07486679,0.75,0.26284587,4100.0
0.030590704,0.87608385,0.08514384,4120.0,1.0,205,-0.033372115,0.8,0.26285365,4120.0
0.030587459,0.87615055,0.08513427,4140.0,1.0,206,-0.047037553,0.7,0.26286912,4140.0
0.030587072,0.8761483,0.08513367,4160.0,1.0,207,-0.046883702,0.75,0.26287162,4160.0
0.030578595,0.876162,0.085113056,4180.0,1.0,208,-0.040652722,0.7,0.2628731,4180.0
0.030584186,0.87615067,0.085132,4200.0,1.0,209,-0.068369776,0.9,0.2628706,4200.0
0.030592889,0.8761394,0.08516908,4220.0,1.0,210,-0.07818102,0.85,0.26287004,4220.0
0.03060613,0.8761275,0.08521941,4240.0,1.0,211,-0.06819381,0.75,0.2628663,4240.0
0.030610824,0.87616414,0.08522991,4260.0,1.0,212,-0.07694033,0.6,0.26287624,4260.0
0.030600548,0.8762262,0.08519095,4280.0,1.0,213,-0.021986028,0.9,0.2628952,4280.0
0.030603101,0.87623763,0.085201114,4300.0,1.0,214,-0.054319136,0.85,0.2628972,4300.0
0.030607443,0.8761821,0.08521193,4320.0,1.0,215,-0.06385185,0.8,0.26288283,4320.0
0.030605573,0.8761434,0.0852034,4340.0,1.0,216,-0.05955922,0.85,0.2628718,4340.0
0.030605007,0.87616515,0.0852097,4360.0,1.0,217,-0.07206107,0.75,0.2628769,4360.0
0.030604148,0.87621397,0.08521216,4380.0,1.0,218,-0.08681844,0.8,0.26289052,4380.0
0.03060008,0.87624407,0.08519081,4400.0,1.0,219,-0.06729001,0.85,0.26289952,4400.0
0.0306093,0.8761712,0.08522555,4420.0,1.0,220,-0.07613207,0.85,0.26288205,4420.0
0.03061158,0.87613744,0.08522531,4440.0,1.0,221,-0.07721664,0.75,0.2628731,4440.0
0.030610004,0.8761384,0.08522296,4460.0,1.0,222,-0.059667677,0.7,0.26287353,4460.0
0.030619318,0.87606525,0.085264854,4480.0,1.0,223,-0.10797582,0.65,0.26285267,4480.0
0.030613858,0.8760361,0.085249126,4500.0,1.0,224,-0.06622306,0.75,0.2628451,4500.0
0.030610424,0.87602216,0.08523854,4520.0,1.0,225,-0.06949718,0.7,0.262842,4520.0
0.030615237,0.8759902,0.0852452,4540.0,1.0,226,-0.075241804,0.7,0.26283497,4540.0
0.030617613,0.876039,0.08524973,4560.0,1.0,227,-0.077160746,0.8,0.26284754,4560.0
0.030615434,0.8760598,0.085225664,4580.0,1.0,228,-0.06891661,0.75,0.2628548,4580.0
0.030607736,0.87604266,0.08520133,4600.0,1.0,229,-0.04787106,0.65,0.26285002,4600.0
0.030610304,0.87595826,0.0852155,4620.0,1.0,230,-0.07695397,0.95,0.26282927,4620.0
0.030607436,0.8759015,0.08520613,4640.0,1.0,231,-0.03811688,0.75,0.26281434,4640.0
0.030598056,0.8758548,0.085171245,4660.0,1.0,232,-0.04356085,0.7,0.26280195,4660.0
0.030599568,0.8758363,0.08518077,4680.0,1.0,233,-0.071518,0.75,0.26279643,4680.0
0.030606389,0.8758753,0.08520192,4700.0,1.0,234,-0.068281256,0.65,0.26280564,4700.0
0.030603135,0.87589043,0.085195184,4720.0,1.0,235,-0.06649314,0.85,0.2628108,4720.0
0.030594673,0.8758783,0.08516214,4740.0,1.0,236,-0.034216918,0.75,0.26280713,4740.0
0.03060487,0.87583727,0.08519044,4760.0,1.0,237,-0.067595534,0.8,0.26279613,4760.0
0.03059889,0.8758116,0.08517728,4780.0,1.0,238,-0.052888483,0.65,0.26278913,4780.0
0.03059643,0.875792,0.08516937,4800.0,1.0,239,-0.051467784,0.8,0.26278242,4800.0
0.030597333,0.87569094,0.08517403,4820.0,1.0,240,-0.062438987,0.7,0.2627558,4820.0
0.030603688,0.8757701,0.08519309,4840.0,1.0,241,-0.0838936,0.7,0.26277798,4840.0
0.030599201,0.87575144,0.08518347,4860.0,1.0,242,-0.050275974,0.95,0.26277423,4860.0
0.030593619,0.875701,0.085162796,4880.0,1.0,243,-0.035113256,0.7,0.26276168,4880.0
0.030585319,0.8757016,0.08513626,4900.0,1.0,244,-0.0423683,0.8,0.26276225,4900.0
0.030576557,0.8756835,0.08511116,4920.0,1.0,245,-0.05188809,0.75,0.26275843,4920.0
0.030583996,0.8756938,0.085153006,4940.0,1.0,246,-0.08740489,0.8,0.26276073,4940.0
0.030582821,0.8756898,0.085148714,4960.0,1.0,247,-0.052686144,0.7,0.2627577,4960.0
0.030589078,0.8756644,0.085175194,4980.0,1.0,248,-0.056687426,0.8,0.26275092,4980.0
0.030582499,0.8756323,0.08515034,5000.0,1.0,249,-0.05183337,0.75,0.26274258,5000.0
0.030589193,0.8756666,0.08517713,5020.0,1.0,250,-0.0814489,0.9,0.26275104,5020.0
0.030586984,0.87563294,0.08516786,5040.0,1.0,251,-0.063744836,0.75,0.2627412,5040.0
0.03058138,0.8756869,0.08514432,5060.0,1.0,252,-0.056759395,0.85,0.26275554,5060.0
0.030576488,0.87569714,0.08512872,5080.0,1.0,253,-0.07634487,0.65,0.26275608,5080.0
0.030578172,0.87565845,0.08513918,5100.0,1.0,254,-0.0800821,0.85,0.26274565,5100.0
0.03058127,0.8755941,0.0851519,5120.0,1.0,255,-0.06732264,0.7,0.2627308,5120.0
0.030573588,0.8756156,0.08512793,5140.0,1.0,256,-0.05211035,0.9,0.2627371,5140.0
0.030566867,0.8756764,0.08511051,5160.0,1.0,257,-0.051660318,0.9,0.2627525,5160.0
0.030575002,0.875719,0.085141905,5180.0,1.0,258,-0.07909092,0.65,0.2627643,5180.0
0.030572593,0.8756602,0.08512727,5200.0,1.0,259,-0.050475456,0.9,0.26274785,5200.0
0.030566048,0.8756943,0.08510688,5220.0,1.0,260,-0.033690426,0.8,0.26275682,5220.0
0.030565996,0.87566775,0.08510367,5240.0,1.0,261,-0.06558934,0.55,0.26274997,5240.0
0.03056939,0.87569493,0.085115075,5260.0,1.0,262,-0.069476426,0.75,0.2627572,5260.0
0.030565355,0.8756538,0.085104816,5280.0,1.0,263,-0.0825206,0.65,0.26274624,5280.0
0.030564228,0.8756414,0.08509427,5300.0,1.0,264,-0.06512475,0.75,0.26274195,5300.0
0.030564964,0.8757107,0.08509401,5320.0,1.0,265,-0.065690905,1.0,0.26276234,5320.0
0.030561158,0.87568957,0.08508401,5340.0,1.0,266,-0.03901457,0.75,0.26275545,5340.0
0.03055884,0.8756818,0.0850875,5360.0,1.0,267,-0.07817498,0.95,0.26275128,5360.0
0.030567044,0.87568164,0.0851082,5380.0,1.0,268,-0.049404092,0.8,0.26275077,5380.0
0.030561775,0.8756849,0.085098706,5400.0,1.0,269,-0.09126965,0.75,0.26275277,5400.0
0.030565506,0.8757713,0.08511271,5420.0,1.0,270,-0.059041746,0.65,0.26277795,5420.0
0.030573558,0.87573576,0.08515295,5440.0,1.0,271,-0.11191877,0.85,0.2627695,5440.0
0.030579438,0.875712,0.08517704,5460.0,1.0,272,-0.075690046,0.6,0.26276395,5460.0
0.030581852,0.87571496,0.085178964,5480.0,1.0,273,-0.05656288,0.65,0.26276433,5480.0
0.030586278,0.87572813,0.08519083,5500.0,1.0,274,-0.09667922,0.85,0.26277,5500.0
0.030584777,0.8757136,0.08518819,5520.0,1.0,275,-0.062862664,0.8,0.26276538,5520.0
0.030577902,0.8757945,0.085160315,5540.0,1.0,276,-0.030673405,0.75,0.2627851,5540.0
0.03057473,0.87578374,0.08515004,5560.0,1.0,277,-0.06195823,0.75,0.2627822,5560.0
0.030576915,0.8757562,0.08515709,5580.0,1.0,278,-0.06185046,0.8,0.2627737,5580.0
0.030582678,0.8757348,0.085183136,5600.0,1.0,279,-0.076511934,0.7,0.26276726,5600.0
0.0305884,0.875784,0.085195504,5620.0,1.0,280,-0.06488643,0.75,0.2627809,5620.0
0.03058504,0.8757517,0.08517897,5640.0,1.0,281,-0.033648107,0.85,0.26277092,5640.0
0.030593878,0.87575984,0.085222684,5660.0,1.0,282,-0.07938065,0.8,0.26277274,5660.0
0.030597499,0.8757337,0.08523846,5680.0,1.0,283,-0.08415281,0.85,0.262765,5680.0
0.030595565,0.87574714,0.08523023,5700.0,1.0,284,-0.052688234,0.7,0.2627687,5700.0
0.030601257,0.875766,0.08525765,5720.0,1.0,285,-0.104422174,0.65,0.26277313,5720.0
0.030593136,0.87576675,0.08523057,5740.0,1.0,286,-0.038677346,0.85,0.26277274,5740.0
0.030590946,0.87575465,0.085217975,5760.0,1.0,287,-0.049975432,0.65,0.2627704,5760.0
0.030589515,0.87580395,0.08521227,5780.0,1.0,288,-0.07936771,0.65,0.26278368,5780.0
0.030588264,0.8757572,0.08520803,5800.0,1.0,289,-0.069599226,0.8,0.26277274,5800.0
0.030589977,0.8756661,0.08522358,5820.0,1.0,290,-0.065877244,0.75,0.2627505,5820.0
0.030589616,0.8756812,0.08522756,5840.0,1.0,291,-0.042558372,0.7,0.26275358,5840.0
0.030582529,0.87570053,0.08520159,5860.0,1.0,292,-0.050887395,0.75,0.26275748,5860.0
0.03057527,0.8756936,0.08517063,5880.0,1.0,293,-0.043962725,0.75,0.26275587,5880.0
0.030580606,0.8757023,0.0851929,5900.0,1.0,294,-0.06569682,0.7,0.26275936,5900.0
0.030578837,0.8757148,0.0851855,5920.0,1.0,295,-0.04652094,0.7,0.2627644,5920.0
0.030585092,0.8757085,0.085207455,5940.0,1.0,296,-0.075928584,0.7,0.26276535,5940.0
0.030585399,0.8757244,0.08520905,5960.0,1.0,297,-0.08184852,0.8,0.2627684,5960.0
0.03058784,0.87567836,0.08521847,5980.0,1.0,298,-0.0530214,0.65,0.26275486,5980.0
0.030594518,0.8756879,0.085232615,6000.0,1.0,299,-0.06508924,0.75,0.26275843,6000.0
0.03059184,0.87569904,0.0852224,6020.0,1.0,300,-0.06143217,0.6,0.26275915,6020.0
0.03060158,0.8756682,0.08526196,6040.0,1.0,301,-0.08261156,0.85,0.26275057,6040.0
0.030606145,0.87568206,0.08527216,6060.0,1.0,302,-0.07156642,0.65,0.2627525,6060.0
0.030606538,0.8756313,0.08527252,6080.0,1.0,303,-0.06252833,0.8,0.26273826,6080.0
0.030600872,0.87563795,0.08525302,6100.0,1.0,304,-0.06449855,0.75,0.26273918,6100.0
0.030600082,0.87556386,0.085244656,6120.0,1.0,305,-0.07246947,0.6,0.262718,6120.0
0.030598516,0.8755633,0.08524413,6140.0,1.0,306,-0.065999106,0.75,0.2627183,6140.0
0.030597558,0.87553525,0.085241355,6160.0,1.0,307,-0.04334446,0.75,0.2627102,6160.0
0.030599618,0.87547255,0.08525578,6180.0,1.0,308,-0.07981817,0.75,0.26269376,6180.0
0.030601293,0.87554556,0.08526242,6200.0,1.0,309,-0.081209004,0.85,0.26271302,6200.0
0.0305995,0.8755711,0.08526071,6220.0,1.0,310,-0.056285836,0.8,0.2627206,6220.0
0.030597359,0.87556285,0.08525709,6240.0,1.0,311,-0.05785326,0.7,0.2627177,6240.0
0.030607712,0.87559056,0.0852904,6260.0,1.0,312,-0.10450628,0.85,0.2627245,6260.0
0.030611804,0.8755651,0.08529776,6280.0,1.0,313,-0.071993954,0.65,0.26271567,6280.0
0.030614603,0.8755838,0.085306324,6300.0,1.0,314,-0.06273515,0.85,0.2627209,6300.0
0.030616516,0.87560993,0.085319586,6320.0,1.0,315,-0.07009866,0.8,0.26272827,6320.0
0.03062198,0.87568146,0.08533355,6340.0,1.0,316,-0.07077394,0.75,0.2627474,6340.0
0.030617397,0.87566143,0.08531395,6360.0,1.0,317,-0.054803025,0.65,0.26274315,6360.0
0.030614724,0.875685,0.08530245,6380.0,1.0,318,-0.06305207,0.75,0.26274914,6380.0
0.030620703,0.8756743,0.08531908,6400.0,1.0,319,-0.054113287,0.75,0.26274398,6400.0
0.03063145,0.8757064,0.085361294,6420.0,1.0,320,-0.095432006,0.8,0.2627511,6420.0
0.030634457,0.8756664,0.08537244,6440.0,1.0,321,-0.06517099,0.75,0.26274088,6440.0
0.03063812,0.87569404,0.08537952,6460.0,1.0,322,-0.06148246,0.75,0.26274955,6460.0
0.030636791,0.875691,0.08537621,6480.0,1.0,323,-0.053364597,0.75,0.26274797,6480.0
0.030633206,0.8756898,0.08537159,6500.0,1.0,324,-0.07776926,0.8,0.2627474,6500.0
0.030639017,0.8756688,0.08539075,6520.0,1.0,325,-0.07515808,0.85,0.26274118,6520.0
0.030648842,0.8756048,0.08542632,6540.0,1.0,326,-0.10008283,0.95,0.26272506,6540.0
0.030653903,0.8756334,0.085442506,6560.0,1.0,327,-0.07737663,0.75,0.26273268,6560.0
0.030646965,0.87560946,0.085419685,6580.0,1.0,328,-0.04092688,0.65,0.26272562,6580.0
0.03064408,0.87563056,0.08540439,6600.0,1.0,329,-0.07087461,0.8,0.26273227,6600.0
0.030651098,0.8756508,0.08543416,6620.0,1.0,330,-0.083971746,0.8,0.26273713,6620.0
0.030651242,0.87569934,0.08543128,6640.0,1.0,331,-0.06466375,0.85,0.26275057,6640.0
0.030648822,0.8757438,0.08542351,6660.0,1.0,332,-0.092182174,0.8,0.26276287,6660.0
0.030648062,0.87579846,0.085419156,6680.0,1.0,333,-0.052077495,0.8,0.26277822,6680.0
0.030650392,0.875838,0.08542649,6700.0,1.0,334,-0.060230374,0.75,0.2627904,6700.0
0.030650338,0.8758847,0.08542804,6720.0,1.0,335,-0.052963816,0.55,0.26280242,6720.0
0.030643627,0.8758796,0.08540767,6740.0,1.0,336,-0.05015244,0.95,0.26280248,6740.0
0.030640896,0.87585,0.08539676,6760.0,1.0,337,-0.058987968,0.7,0.2627948,6760.0
0.030636746,0.87582606,0.085385285,6780.0,1.0,338,-0.081728384,0.7,0.26278844,6780.0
0.030641977,0.8757947,0.085408546,6800.0,1.0,339,-0.07553143,0.9,0.26278186,6800.0
0.030651405,0.8758188,0.085437715,6820.0,1.0,340,-0.085801795,0.8,0.26278675,6820.0
0.030651897,0.87579435,0.08543915,6840.0,1.0,341,-0.056573667,0.7,0.26278132,6840.0
0.030645236,0.875827,0.085414805,6860.0,1.0,342,-0.056008928,0.8,0.26278824,6860.0
0.030646581,0.8758197,0.08541622,6880.0,1.0,343,-0.05668243,0.7,0.26278657,6880.0
0.030648345,0.8758509,0.08542633,6900.0,1.0,344,-0.039535962,0.65,0.26279414,6900.0
0.03065156,0.87589675,0.08543703,6920.0,1.0,345,-0.08177232,0.65,0.26280907,6920.0
0.030647716,0.8759172,0.08543042,6940.0,1.0,346,-0.07461499,0.7,0.2628142,6940.0
0.030647796,0.8759096,0.08543116,6960.0,1.0,347,-0.07351234,0.65,0.2628122,6960.0
0.030649155,0.8759107,0.08544231,6980.0,1.0,348,-0.07758179,0.85,0.2628136,6980.0
0.030650279,0.875879,0.085451774,7000.0,1.0,349,-0.06254797,0.85,0.26280445,7000.0
0.030651838,0.87583774,0.085454226,7020.0,1.0,350,-0.056964733,0.7,0.2627928,7020.0
0.030645087,0.875822,0.08543226,7040.0,1.0,351,-0.045492772,0.75,0.2627886,7040.0
0.030646633,0.87582445,0.08543336,7060.0,1.0,352,-0.07996036,0.75,0.2627903,7060.0
0.030648476,0.8757801,0.08543843,7080.0,1.0,353,-0.08790964,0.7,0.26277757,7080.0
0.030649781,0.87579966,0.08544036,7100.0,1.0,354,-0.077459484,0.75,0.26278335,7100.0
0.030645872,0.8757729,0.08543011,7120.0,1.0,355,-0.07080348,0.75,0.2627757,7120.0
0.030636672,0.87576514,0.08539587,7140.0,1.0,356,-0.015737968,0.7,0.26277196,7140.0
0.030637477,0.87581325,0.08539438,7160.0,1.0,357,-0.07230006,0.65,0.262786,7160.0
0.030642316,0.8758552,0.08540672,7180.0,1.0,358,-0.099868156,0.65,0.26279962,7180.0
0.030631492,0.8758872,0.085367434,7200.0,1.0,359,-0.03734576,0.75,0.26280862,7200.0
0.030630823,0.87586266,0.085370444,7220.0,1.0,360,-0.0611854,0.75,0.26280218,7220.0
0.030622423,0.8758952,0.0853373,7240.0,1.0,361,-0.039704572,0.8,0.26281023,7240.0
0.030622121,0.8758957,0.08533543,7260.0,1.0,362,-0.059446745,0.7,0.26281017,7260.0
0.030623455,0.87592053,0.08534082,7280.0,1.0,363,-0.051969193,0.85,0.26281682,7280.0
0.03063109,0.8759472,0.08536228,7300.0,1.0,364,-0.08366482,0.8,0.26282296,7300.0
0.03062898,0.87596035,0.08535766,7320.0,1.0,365,-0.049148545,0.35,0.2628258,7320.0
0.030631473,0.87595206,0.085363664,7340.0,1.0,366,-0.037143055,1.0,0.26282373,7340.0
0.030630708,0.8759756,0.085357904,7360.0,1.0,367,-0.044015415,0.75,0.26283103,7360.0
0.030637044,0.875984,0.0853784,7380.0,1.0,368,-0.091337785,0.75,0.26283425,7380.0
0.030644303,0.87599045,0.08540934,7400.0,1.0,369,-0.081011355,0.7,0.26283497,7400.0
0.030649096,0.8759904,0.08542749,7420.0,1.0,370,-0.05403935,0.7,0.2628356,7420.0
0.030649964,0.87599754,0.08542338,7440.0,1.0,371,-0.063339174,0.7,0.2628373,7440.0
0.03065432,0.876013,0.08544292,7460.0,1.0,372,-0.061963975,0.75,0.26284108,7460.0
0.030647513,0.8760076,0.08542194,7480.0,1.0,373,-0.058011353,0.7,0.26283973,7480.0
0.030647695,0.8759741,0.08541938,7500.0,1.0,374,-0.044421352,0.85,0.2628316,7500.0
0.030652255,0.8759602,0.085436314,7520.0,1.0,375,-0.071482785,0.85,0.26282847,7520.0
0.030654233,0.87595373,0.08544388,7540.0,1.0,376,-0.06274869,0.65,0.26282674,7540.0
0.030654619,0.87595034,0.08544924,7560.0,1.0,377,-0.0711024,0.8,0.26282647,7560.0
0.030657485,0.8759217,0.085461535,7580.0,1.0,378,-0.077140234,0.7,0.26281974,7580.0
0.030654171,0.87591,0.0854535,7600.0,1.0,379,-0.0787624,0.65,0.26281634,7600.0
0.03066184,0.87593323,0.08547721,7620.0,1.0,380,-0.07516487,0.85,0.2628236,7620.0
0.030659938,0.87596005,0.08547783,7640.0,1.0,381,-0.07184933,0.8,0.26283178,7640.0
0.030665537,0.87594175,0.08549691,7660.0,1.0,382,-0.07853908,0.75,0.2628261,7660.0
0.03066228,0.8759218,0.08548846,7680.0,1.0,383,-0.04963566,0.85,0.26282158,7680.0
0.030656496,0.87594175,0.085469015,7700.0,1.0,384,-0.039604325,0.85,0.26282603,7700.0
0.030650169,0.87596846,0.08544573,7720.0,1.0,385,-0.05580172,0.75,0.2628337,7720.0
0.030647676,0.87597704,0.085439265,7740.0,1.0,386,-0.059074968,0.85,0.2628364,7740.0
0.03064381,0.8759532,0.08542486,7760.0,1.0,387,-0.019812506,0.75,0.2628314,7760.0
0.030640308,0.87596244,0.08541826,7780.0,1.0,388,-0.051267505,0.8,0.26283225,7780.0
0.030646408,0.87598944,0.08544004,7800.0,1.0,389,-0.078300044,0.7,0.26283687,7800.0
0.030649345,0.8759909,0.08545885,7820.0,1.0,390,-0.06980431,0.8,0.26283616,7820.0
0.030651446,0.8760126,0.08546283,7840.0,1.0,391,-0.06040156,0.7,0.26284257,7840.0
0.030652205,0.8760064,0.0854688,7860.0,1.0,392,-0.07859124,0.7,0.26284105,7860.0
0.030648481,0.87598944,0.08545461,7880.0,1.0,393,-0.04269226,0.65,0.26283732,7880.0
0.030645698,0.87598705,0.08544593,7900.0,1.0,394,-0.08248492,0.9,0.2628356,7900.0
0.030642936,0.87597346,0.085438706,7920.0,1.0,395,-0.06371314,0.7,0.26283118,7920.0
0.030646283,0.8760095,0.0854524,7940.0,1.0,396,-0.09246743,0.7,0.26284003,7940.0
0.03064927,0.87600845,0.0854607,7960.0,1.0,397,-0.088401705,0.85,0.2628414,7960.0
0.030647805,0.8759756,0.085460365,7980.0,1.0,398,-0.066150606,0.7,0.26283216,7980.0
0.03064539,0.8759842,0.08545014,8000.0,1.0,399,-0.050037302,0.75,0.26283413,8000.0
0.030645752,0.8759575,0.08544933,8020.0,1.0,400,-0.044359237,0.65,0.2628271,8020.0
0.030647436,0.8759374,0.08545341,8040.0,1.0,401,-0.056972295,0.75,0.26282027,8040.0
0.030653784,0.8759139,0.08547733,8060.0,1.0,402,-0.084514536,0.8,0.26281485,8060.0
0.030651623,0.8759308,0.085467994,8080.0,1.0,403,-0.04100769,0.7,0.26282182,8080.0
0.030652454,0.8759284,0.085477956,8100.0,1.0,404,-0.06431873,0.7,0.2628202,8100.0
0.0306545,0.8759152,0.08548576,8120.0,1.0,405,-0.065516315,0.5,0.26281774,8120.0
0.030661738,0.8758876,0.08551162,8140.0,1.0,406,-0.07413026,0.7,0.26280987,8140.0
0.030653736,0.8759095,0.08548353,8160.0,1.0,407,-0.041099556,0.95,0.26281628,8160.0
0.030659843,0.8758631,0.08550266,8180.0,1.0,408,-0.0723727,0.85,0.2628046,8180.0
0.030655738,0.8758838,0.085485816,8200.0,1.0,409,-0.059328623,0.8,0.26281062,8200.0
0.030654514,0.8758486,0.085485846,8220.0,1.0,410,-0.07484332,0.6,0.26280257,8220.0
0.030652354,0.8758424,0.08547666,8240.0,1.0,411,-0.07610608,0.8,0.26280132,8240.0
0.030657444,0.87579364,0.085496366,8260.0,1.0,412,-0.06560625,0.8,0.2627901,8260.0
0.030654525,0.87577075,0.08548796,8280.0,1.0,413,-0.05313151,0.45,0.26278454,8280.0
0.030656457,0.8758251,0.08549597,8300.0,1.0,414,-0.08075897,0.65,0.2627999,8300.0
0.030655468,0.8758474,0.08549074,8320.0,1.0,415,-0.06112351,0.75,0.26280522,8320.0
0.030651683,0.8758524,0.08548101,8340.0,1.0,416,-0.0730526,0.7,0.26280543,8340.0
0.030651951,0.8758157,0.08548349,8360.0,1.0,417,-0.060967684,0.75,0.26279667,8360.0
0.03065143,0.87587094,0.08548192,8380.0,1.0,418,-0.061803617,0.8,0.2628097,8380.0
0.030646842,0.8758409,0.08546585,8400.0,1.0,419,-0.054313265,0.7,0.26280314,8400.0
0.030647391,0.87581044,0.08546841,8420.0,1.0,420,-0.06450972,0.75,0.2627967,8420.0
0.030649126,0.87580556,0.08547318,8440.0,1.0,421,-0.045037143,0.6,0.26279733,8440.0
0.030650243,0.8757842,0.08547028,8460.0,1.0,422,-0.07942501,0.6,0.26279053,8460.0
0.030649954,0.8757372,0.085468955,8480.0,1.0,423,-0.05539038,0.8,0.2627775,8480.0
0.030650329,0.8757582,0.08546863,8500.0,1.0,424,-0.06002385,0.75,0.26278284,8500.0
0.030650854,0.8757909,0.08547488,8520.0,1.0,425,-0.07809981,0.75,0.26279122,8520.0
0.030651456,0.8757808,0.08547396,8540.0,1.0,426,-0.063872136,0.7,0.26278895,8540.0
0.030647904,0.8758032,0.085461766,8560.0,1.0,427,-0.030619953,0.65,0.26279348,8560.0
0.030653331,0.87581116,0.08547757,8580.0,1.0,428,-0.061015386,0.7,0.26279628,8580.0
0.030649757,0.8757997,0.0854657,8600.0,1.0,429,-0.034529112,0.8,0.2627939,8600.0
0.030651713,0.87578315,0.08547666,8620.0,1.0,430,-0.07157068,0.75,0.26278922,8620.0
0.030652365,0.87574095,0.08548393,8640.0,1.0,431,-0.07518009,0.65,0.26277786,8640.0
0.030653328,0.8757625,0.08548692,8660.0,1.0,432,-0.05956449,0.75,0.26278377,8660.0
0.030651767,0.8757572,0.085481286,8680.0,1.0,433,-0.047154076,0.85,0.26278436,8680.0
0.030651104,0.8757737,0.08548334,8700.0,1.0,434,-0.06741933,0.7,0.26278928,8700.0
0.03065077,0.87574774,0.08548164,8720.0,1.0,435,-0.08225569,0.6,0.2627816,8720.0
0.03064848,0.8757861,0.08548162,8740.0,1.0,436,-0.060446035,0.9,0.26279095,8740.0
0.030647287,0.8757832,0.0854749,8760.0,1.0,437,-0.08669536,0.75,0.2627891,8760.0
0.030651579,0.8758009,0.08549175,8780.0,1.0,438,-0.078347646,0.85,0.2627918,8780.0
0.03064996,0.8757748,0.08548796,8800.0,1.0,439,-0.06484467,0.7,0.26278433,8800.0
0.0306499,0.8757623,0.08548883,8820.0,1.0,440,-0.058059566,0.8,0.26278234,8820.0
0.030646285,0.87576026,0.085477985,8840.0,1.0,441,-0.057726823,0.8,0.26278207,8840.0
0.03064855,0.875779,0.085487925,8860.0,1.0,442,-0.075831525,0.8,0.26278728,8860.0
0.030646551,0.8757841,0.08548292,8880.0,1.0,443,-0.04992506,0.7,0.2627887,8880.0
0.030644357,0.8758109,0.08547511,8900.0,1.0,444,-0.05554665,0.9,0.26279598,8900.0
0.03064758,0.875813,0.08548833,8920.0,1.0,445,-0.06222366,0.75,0.26279804,8920.0
0.030647105,0.8758176,0.085487545,8940.0,1.0,446,-0.047401357,0.75,0.2627994,8940.0
0.030647274,0.8758624,0.085491605,8960.0,1.0,447,-0.049072057,0.8,0.26281193,8960.0
0.030645093,0.8758433,0.08548375,8980.0,1.0,448,-0.045884784,0.8,0.2628068,8980.0
0.030642325,0.87583774,0.085474946,9000.0,1.0,449,-0.05082169,0.85,0.2628058,9000.0
0.030644074,0.8758182,0.08548099,9020.0,1.0,450,-0.0688512,0.65,0.26280218,9020.0
0.030646082,0.8758057,0.085488446,9040.0,1.0,451,-0.055781126,0.7,0.26279843,9040.0
0.030648595,0.87579626,0.08549874,9060.0,1.0,452,-0.07166656,0.9,0.26279598,9060.0
0.030638492,0.875804,0.08545941,9080.0,1.0,453,-0.015368457,0.6,0.26279753,9080.0
0.030637989,0.8758418,0.08546138,9100.0,1.0,454,-0.05693394,0.9,0.26280838,9100.0
0.03063642,0.8758712,0.0854565,9120.0,1.0,455,-0.06273718,0.75,0.2628157,9120.0
0.03063727,0.8758754,0.08545684,9140.0,1.0,456,-0.051793866,0.75,0.26281643,9140.0
0.030636508,0.8758859,0.0854592,9160.0,1.0,457,-0.045276426,0.75,0.26281768,9160.0
0.030638829,0.87588805,0.08547016,9180.0,1.0,458,-0.0823255,0.5,0.26281855,9180.0
0.030636275,0.87589663,0.08546224,9200.0,1.0,459,-0.06782948,0.8,0.26282007,9200.0
0.030636901,0.87587404,0.08546397,9220.0,1.0,460,-0.055339117,0.7,0.26281375,9220.0
0.030637482,0.87593,0.08546383,9240.0,1.0,461,-0.07718982,0.75,0.26282835,9240.0
0.03063949,0.875916,0.08547491,9260.0,1.0,462,-0.06465649,0.7,0.26282543,9260.0
0.030639675,0.8759201,0.085478395,9280.0,1.0,463,-0.068416946,0.75,0.26282734,9280.0
0.030634265,0.87591004,0.08545866,9300.0,1.0,464,-0.06270586,0.5,0.2628254,9300.0
0.030638997,0.87591106,0.08548001,9320.0,1.0,465,-0.08487929,0.65,0.2628253,9320.0
0.030636758,0.8759136,0.08547156,9340.0,1.0,466,-0.061430417,0.75,0.26282495,9340.0
0.03063206,0.875937,0.08545953,9360.0,1.0,467,-0.045889042,0.8,0.2628308,9360.0
0.03063291,0.8759401,0.08546513,9380.0,1.0,468,-0.06874168,0.7,0.26283205,9380.0
0.030635912,0.8759208,0.08547308,9400.0,1.0,469,-0.08384037,0.9,0.26282865,9400.0
0.030637879,0.875912,0.08548384,9420.0,1.0,470,-0.08996847,0.75,0.26282796,9420.0
0.030636221,0.8759351,0.08547912,9440.0,1.0,471,-0.06727318,0.85,0.26283428,9440.0
0.030640448,0.87593144,0.08549112,9460.0,1.0,472,-0.07510717,0.85,0.26283294,9460.0
0.030644685,0.8759656,0.08550027,9480.0,1.0,473,-0.082158946,0.85,0.2628439,9480.0
0.030651117,0.8759627,0.08552318,9500.0,1.0,474,-0.089248955,0.85,0.26284283,9500.0
0.030657168,0.87597126,0.08554369,9520.0,1.0,475,-0.073486544,0.85,0.26284754,9520.0
0.030660128,0.8759214,0.08555236,9540.0,1.0,476,-0.06357779,0.8,0.2628342,9540.0
0.030657852,0.8759208,0.08554273,9560.0,1.0,477,-0.059032477,0.7,0.2628335,9560.0
0.030656666,0.8759296,0.08553538,9580.0,1.0,478,-0.0549211,0.75,0.26283604,9580.0
0.030655855,0.8759214,0.085533924,9600.0,1.0,479,-0.07182683,0.7,0.26283434,9600.0
0.030653348,0.87592536,0.08552658,9620.0,1.0,480,-0.07337688,0.8,0.26283503,9620.0
0.030655038,0.8759368,0.085533954,9640.0,1.0,481,-0.10444579,0.8,0.26283774,9640.0
0.03065453,0.87590367,0.085535765,9660.0,1.0,482,-0.06594109,0.75,0.2628292,9660.0
0.030649131,0.8758642,0.08551899,9680.0,1.0,483,-0.06878696,0.8,0.2628193,9680.0
0.030650472,0.87587005,0.08552709,9700.0,1.0,484,-0.08275602,0.7,0.26282102,9700.0
0.030651953,0.8758321,0.08553635,9720.0,1.0,485,-0.07066931,0.75,0.2628116,9720.0
0.030651879,0.8758194,0.08553577,9740.0,1.0,486,-0.053121664,0.8,0.26280728,9740.0
0.030649086,0.8758383,0.08552647,9760.0,1.0,487,-0.05023079,0.5,0.2628123,9760.0
0.030643469,0.87584347,0.08550665,9780.0,1.0,488,-0.06353305,0.8,0.26281327,9780.0
0.030639466,0.8758456,0.08549363,9800.0,1.0,489,-0.0634163,0.7,0.26281244,9800.0
0.030637514,0.8758978,0.08548314,9820.0,1.0,490,-0.06469147,0.75,0.26282698,9820.0
0.03063712,0.87590784,0.08548414,9840.0,1.0,491,-0.056646775,0.55,0.26282883,9840.0
0.030632373,0.875923,0.08546468,9860.0,1.0,492,-0.045867927,0.8,0.2628319,9860.0
0.03063182,0.8759313,0.08546304,9880.0,1.0,493,-0.06451309,0.8,0.2628345,9880.0
0.03063336,0.87587947,0.085471295,9900.0,1.0,494,-0.10070318,0.7,0.2628221,9900.0
0.0306317,0.87586766,0.085463144,9920.0,1.0,495,-0.06438682,0.85,0.26281935,9920.0
0.030636016,0.8758683,0.08547499,9940.0,1.0,496,-0.06708716,0.95,0.2628197,9940.0
0.030631438,0.8758073,0.08546186,9960.0,1.0,497,-0.046895094,0.9,0.26280394,9960.0
0.030632943,0.8757908,0.085472316,9980.0,1.0,498,-0.070997,0.85,0.26280016,9980.0
0.030631822,0.87580544,0.085466854,10000.0,1.0,499,-0.05929464,0.75,0.26280385,10000.0
0.030630777,0.8758168,0.08546304,10020.0,1.0,500,-0.074334316,0.85,0.2628073,10020.0
0.030628812,0.8757883,0.08545622,10040.0,1.0,501,-0.025495907,0.65,0.26279923,10040.0
0.030626327,0.8757956,0.085450925,10060.0,1.0,502,-0.062608816,0.85,0.2628002,10060.0
0.030625215,0.87580997,0.085449696,10080.0,1.0,503,-0.0633031,0.75,0.26280323,10080.0
0.0306238,0.8757987,0.085446715,10100.0,1.0,504,-0.04082579,0.85,0.26279956,10100.0
0.030626584,0.8758094,0.08545921,10120.0,1.0,505,-0.062725894,0.85,0.2628035,10120.0
0.03062426,0.87583256,0.085454226,10140.0,1.0,506,-0.06706343,0.5,0.26280963,10140.0
0.030620921,0.87584114,0.085439004,10160.0,1.0,507,-0.029176334,0.8,0.26281172,10160.0
0.030620143,0.8757965,0.08543744,10180.0,1.0,508,-0.05355833,0.9,0.26280102,10180.0
0.030618582,0.87583035,0.08543076,10200.0,1.0,509,-0.06028363,0.5,0.26280865,10200.0
0.030621946,0.8758464,0.08544135,10220.0,1.0,510,-0.06797507,0.65,0.26281148,10220.0
0.030625746,0.8758505,0.08545712,10240.0,1.0,511,-0.10851552,0.85,0.26281244,10240.0
0.030623268,0.8758761,0.085445456,10260.0,1.0,512,-0.056881957,0.65,0.26281837,10260.0
0.030625438,0.8758729,0.0854539,10280.0,1.0,513,-0.056637924,0.8,0.26281857,10280.0
0.030624907,0.8758604,0.08544285,10300.0,1.0,514,-0.04734274,0.9,0.26281476,10300.0
0.030625245,0.87586665,0.08544627,10320.0,1.0,515,-0.068460666,0.65,0.2628172,10320.0
0.030624032,0.87584543,0.0854396,10340.0,1.0,516,-0.058567386,0.85,0.26281172,10340.0
0.03062357,0.8758499,0.08543819,10360.0,1.0,517,-0.08787811,0.8,0.26281375,10360.0
0.030621458,0.87585574,0.085429944,10380.0,1.0,518,-0.056291886,0.75,0.26281506,10380.0
0.03062219,0.8758817,0.08543256,10400.0,1.0,519,-0.078972064,0.7,0.26282263,10400.0
0.03062141,0.87587994,0.08543259,10420.0,1.0,520,-0.08324872,0.75,0.26282167,10420.0
0.030626696,0.8758912,0.08545359,10440.0,1.0,521,-0.07327245,0.65,0.2628252,10440.0
0.030626416,0.875907,0.08545361,10460.0,1.0,522,-0.060515035,0.6,0.2628289,10460.0
0.030626675,0.87592286,0.08545387,10480.0,1.0,523,-0.070823446,0.55,0.26283255,10480.0
0.03062236,0.8759172,0.08543945,10500.0,1.0,524,-0.06191811,0.85,0.26283163,10500.0
0.030618835,0.8759129,0.08542609,10520.0,1.0,525,-0.04824259,0.8,0.26282993,10520.0
0.030617287,0.8759002,0.08541895,10540.0,1.0,526,-0.041733857,0.8,0.2628271,10540.0
0.03061371,0.8758819,0.08540859,10560.0,1.0,527,-0.06954671,0.65,0.26282182,10560.0
0.0306138,0.8758516,0.085407935,10580.0,1.0,528,-0.107483104,0.6,0.26281393,10580.0
0.030610299,0.8758497,0.085400976,10600.0,1.0,529,-0.06149041,0.7,0.26281345,10600.0
0.030610722,0.8758735,0.08540084,10620.0,1.0,530,-0.0651602,0.7,0.2628203,10620.0
0.030612057,0.8758808,0.08540759,10640.0,1.0,531,-0.06270377,0.75,0.26282284,10640.0
0.030613566,0.8758705,0.085411526,10660.0,1.0,532,-0.05856179,0.85,0.26281998,10660.0
0.030611526,0.8758707,0.08540738,10680.0,1.0,533,-0.0766945,0.8,0.26282057,10680.0
0.0306099,0.8759051,0.08540472,10700.0,1.0,534,-0.05310881,0.85,0.2628292,10700.0
0.030609448,0.87591046,0.08540519,10720.0,1.0,535,-0.10737231,0.8,0.26283106,10720.0
0.030611863,0.8759348,0.08541224,10740.0,1.0,536,-0.080949806,0.75,0.26283756,10740.0
0.030612176,0.87592554,0.08541355,10760.0,1.0,537,-0.08545456,0.8,0.2628346,10760.0
0.030612271,0.87590045,0.08541203,10780.0,1.0,538,-0.09339012,0.55,0.2628273,10780.0
0.030608064,0.87588674,0.08539462,10800.0,1.0,539,-0.054369837,0.8,0.26282355,10800.0
0.030606803,0.87586325,0.08539059,10820.0,1.0,540,-0.06179773,0.65,0.26281747,10820.0
0.030603152,0.8758793,0.08537629,10840.0,1.0,541,-0.06144157,0.85,0.26282182,10840.0
0.03060187,0.8758692,0.08536756,10860.0,1.0,542,-0.04026437,0.55,0.26281956,10860.0
0.030603403,0.87587357,0.08537341,10880.0,1.0,543,-0.06745603,0.85,0.2628216,10880.0
0.030604398,0.8758667,0.08537666,10900.0,1.0,544,-0.055008255,0.75,0.26282018,10900.0
0.030599628,0.8758788,0.08535919,10920.0,1.0,545,-0.053103983,0.65,0.26282284,10920.0
0.030597404,0.875863,0.0853557,10940.0,1.0,546,-0.068687215,0.75,0.2628191,10940.0
0.03059727,0.8758607,0.08535861,10960.0,1.0,547,-0.07768512,0.65,0.2628189,10960.0
0.030598018,0.87588483,0.08536253,10980.0,1.0,548,-0.075433895,0.65,0.2628247,10980.0
0.030602137,0.8758728,0.085374825,11000.0,1.0,549,-0.088732384,0.7,0.2628215,11000.0
0.030604174,0.8758743,0.08538672,11020.0,1.0,550,-0.10385897,0.7,0.26282135,11020.0
0.030602697,0.875905,0.08538429,11040.0,1.0,551,-0.07562241,0.6,0.26282936,11040.0
0.030601654,0.8758834,0.08538279,11060.0,1.0,552,-0.08294942,0.5,0.2628236,11060.0
0.030603057,0.87587994,0.08538868,11080.0,1.0,553,-0.09786023,0.7,0.26282203,11080.0
0.030604953,0.8758752,0.08539588,11100.0,1.0,554,-0.07474085,0.7,0.26282036,11100.0
0.030605758,0.87585354,0.08539911,11120.0,1.0,555,-0.072011076,0.8,0.2628153,11120.0
0.030607406,0.87586063,0.08540571,11140.0,1.0,556,-0.08421837,0.7,0.2628166,11140.0
0.030606072,0.8758308,0.0854002,11160.0,1.0,557,-0.08096561,0.7,0.26280904,11160.0
0.030605659,0.87583876,0.08539983,11180.0,1.0,558,-0.08932535,0.95,0.26281133,11180.0
0.030608749,0.8758332,0.085410394,11200.0,1.0,559,-0.10035966,0.7,0.2628093,11200.0
0.03060914,0.8758138,0.08541206,11220.0,1.0,560,-0.08867749,0.8,0.26280418,11220.0
0.030609632,0.8758183,0.08540971,11240.0,1.0,561,-0.087833926,0.8,0.26280454,11240.0
0.030615453,0.87583065,0.08542357,11260.0,1.0,562,-0.087645665,0.7,0.26280755,11260.0
0.030617734,0.8758621,0.08543142,11280.0,1.0,563,-0.07198329,0.85,0.26281598,11280.0
0.03061993,0.8758634,0.08543999,11300.0,1.0,564,-0.08219931,0.7,0.26281694,11300.0
0.030622294,0.87585276,0.08544711,11320.0,1.0,565,-0.09388348,0.6,0.26281372,11320.0
0.030621642,0.87585926,0.08544301,11340.0,1.0,566,-0.064845525,0.75,0.2628154,11340.0
0.030623764,0.8758685,0.08545279,11360.0,1.0,567,-0.08831881,0.75,0.2628179,11360.0
0.030624336,0.8758821,0.08545374,11380.0,1.0,568,-0.08701048,0.75,0.26282182,11380.0
0.030626783,0.8759243,0.08546249,11400.0,1.0,569,-0.08556046,0.45,0.2628333,11400.0
0.030625533,0.87593746,0.08546128,11420.0,1.0,570,-0.05460915,0.75,0.26283696,11420.0
0.030624116,0.8759217,0.08546106,11440.0,1.0,571,-0.055412304,0.75,0.26283354,11440.0
0.030627187,0.87592745,0.08546937,11460.0,1.0,572,-0.071881905,0.65,0.26283455,11460.0
0.030627957,0.8759501,0.08547095,11480.0,1.0,573,-0.055218004,0.75,0.26284054,11480.0
0.030632606,0.87597233,0.085485615,11500.0,1.0,574,-0.07301078,0.65,0.26284546,11500.0
0.030631905,0.8759629,0.08548192,11520.0,1.0,575,-0.10174811,0.8,0.26284248,11520.0
0.030631531,0.875953,0.085481435,11540.0,1.0,576,-0.07148405,0.6,0.26284057,11540.0
0.03063066,0.8759451,0.08548209,11560.0,1.0,577,-0.0717784,0.8,0.26283982,11560.0
0.030630957,0.87595075,0.08548063,11580.0,1.0,578,-0.041817125,0.65,0.2628412,11580.0
0.030630771,0.87594944,0.085478015,11600.0,1.0,579,-0.07177985,0.7,0.26284066,11600.0
0.030631345,0.8759529,0.085480005,11620.0,1.0,580,-0.07970471,0.75,0.26284146,11620.0
0.030632138,0.8759744,0.0854814,11640.0,1.0,581,-0.073846295,0.6,0.26284733,11640.0
0.03063252,0.8759555,0.08548256,11660.0,1.0,582,-0.060428996,0.85,0.26284254,11660.0
0.030630637,0.8759513,0.08547523,11680.0,1.0,583,-0.06535516,0.9,0.26284134,11680.0
0.03063489,0.8759477,0.08549154,11700.0,1.0,584,-0.08785118,0.7,0.2628406,11700.0
0.03063194,0.87595797,0.08547964,11720.0,1.0,585,-0.084540345,0.95,0.26284307,11720.0
0.03063139,0.8759511,0.08547916,11740.0,1.0,586,-0.0653217,0.55,0.26284224,11740.0
0.030629445,0.87596893,0.085472405,11760.0,1.0,587,-0.049857754,0.65,0.26284662,11760.0
0.030628297,0.8759665,0.08547137,11780.0,1.0,588,-0.07505875,0.85,0.26284575,11780.0
0.03062581,0.8759672,0.08546712,11800.0,1.0,589,-0.06597572,0.9,0.26284593,11800.0
0.030631507,0.87596136,0.08548713,11820.0,1.0,590,-0.07248601,0.75,0.2628439,11820.0
0.030628148,0.875984,0.085475124,11840.0,1.0,591,-0.050521154,0.8,0.26284996,11840.0
0.030628163,0.87597424,0.085474335,11860.0,1.0,592,-0.059045743,0.75,0.26284692,11860.0
0.030629024,0.8759858,0.08547726,11880.0,1.0,593,-0.060650658,0.7,0.26285025,11880.0
0.030629957,0.8759637,0.085479386,11900.0,1.0,594,-0.05330897,0.75,0.2628446,11900.0
0.030624982,0.87596124,0.08546496,11920.0,1.0,595,-0.046624035,0.8,0.2628449,11920.0
0.030623127,0.8759312,0.08545955,11940.0,1.0,596,-0.07176152,0.75,0.2628371,11940.0
0.030621875,0.87593085,0.08545808,11960.0,1.0,597,-0.057882477,0.55,0.26283672,11960.0
0.030622963,0.87593955,0.0854592,11980.0,1.0,598,-0.05699868,0.65,0.2628405,11980.0
0.030623209,0.8759058,0.08545935,12000.0,1.0,599,-0.05318413,0.75,0.26283103,12000.0
0.030625585,0.87589455,0.08546725,12020.0,1.0,600,-0.063744694,0.55,0.26282722,12020.0
0.030626137,0.87587136,0.085470736,12040.0,1.0,601,-0.070284784,0.7,0.2628215,12040.0
0.030624699,0.8758766,0.085463166,12060.0,1.0,602,-0.058149587,0.8,0.2628232,12060.0
0.030628558,0.8758858,0.08547748,12080.0,1.0,603,-0.0921077,0.75,0.2628263,12080.0
0.030626506,0.8758908,0.08547086,12100.0,1.0,604,-0.05539701,0.7,0.2628269,12100.0
0.030626273,0.8758915,0.08546821,12120.0,1.0,605,-0.071492635,0.65,0.26282704,12120.0
0.0306266,0.8758977,0.085466385,12140.0,1.0,606,-0.065198794,0.8,0.26282865,12140.0
0.03062648,0.875868,0.08546428,12160.0,1.0,607,-0.07390086,0.65,0.26281974,12160.0
0.030624902,0.8758618,0.08546105,12180.0,1.0,608,-0.08263705,0.8,0.262819,12180.0
0.030624753,0.87587136,0.08545954,12200.0,1.0,609,-0.06977956,0.85,0.26282135,12200.0
0.030627612,0.8758761,0.085470796,12220.0,1.0,610,-0.088118576,0.75,0.2628222,12220.0
0.03062672,0.8758883,0.08546854,12240.0,1.0,611,-0.062324364,0.65,0.26282477,12240.0
0.030623892,0.87589234,0.08545968,12260.0,1.0,612,-0.07557955,0.8,0.2628252,12260.0
0.030622467,0.8759036,0.085455686,12280.0,1.0,613,-0.058786638,0.65,0.26282725,12280.0
0.030623782,0.87592393,0.085456185,12300.0,1.0,614,-0.07057007,0.8,0.26283285,12300.0
0.03062377,0.8759319,0.08545649,12320.0,1.0,615,-0.09013007,0.75,0.26283473,12320.0
0.030625949,0.8759338,0.08546811,12340.0,1.0,616,-0.089652784,0.65,0.2628358,12340.0
0.030628622,0.8759403,0.08547768,12360.0,1.0,617,-0.08653719,0.85,0.2628378,12360.0
0.030629938,0.87594205,0.085482,12380.0,1.0,618,-0.06540897,0.8,0.26283717,12380.0
0.030631978,0.87592477,0.08548751,12400.0,1.0,619,-0.10075221,0.7,0.26283213,12400.0
0.030633643,0.87593174,0.085496284,12420.0,1.0,620,-0.09675808,0.6,0.26283282,12420.0
0.030635286,0.8759525,0.0855026,12440.0,1.0,621,-0.08578776,0.75,0.2628389,12440.0
0.030638266,0.87594444,0.08551257,12460.0,1.0,622,-0.08149694,0.8,0.2628365,12460.0
0.030639295,0.8759468,0.08551567,12480.0,1.0,623,-0.062183805,0.9,0.2628377,12480.0
0.030639848,0.8759322,0.08551826,12500.0,1.0,624,-0.052776672,0.75,0.26283422,12500.0
0.030637626,0.8759742,0.08551488,12520.0,1.0,625,-0.080389224,0.65,0.2628451,12520.0
0.030634904,0.8759916,0.08550632,12540.0,1.0,626,-0.073546536,0.65,0.2628483,12540.0
0.030633038,0.8760061,0.08550086,12560.0,1.0,627,-0.06477275,0.85,0.262852,12560.0
0.030629704,0.87599796,0.085490085,12580.0,1.0,628,-0.09028093,0.85,0.2628495,12580.0
0.030627724,0.87601036,0.08548268,12600.0,1.0,629,-0.067619905,0.65,0.26285267,12600.0
0.030625757,0.8760317,0.0854784,12620.0,1.0,630,-0.073577724,0.8,0.2628583,12620.0
0.030626934,0.87598056,0.08548563,12640.0,1.0,631,-0.07420517,0.6,0.2628445,12640.0
0.03062663,0.8759802,0.08548852,12660.0,1.0,632,-0.09453063,0.8,0.26284438,12660.0
0.030626943,0.8759456,0.085491456,12680.0,1.0,633,-0.082977906,0.75,0.26283535,12680.0
0.030630583,0.8759143,0.08550507,12700.0,1.0,634,-0.094671205,0.95,0.2628272,12700.0
0.030632377,0.8759136,0.08551127,12720.0,1.0,635,-0.08083746,0.65,0.26282713,12720.0
0.030630782,0.8759118,0.085505724,12740.0,1.0,636,-0.07016424,0.85,0.2628277,12740.0
0.030632365,0.8759299,0.08551081,12760.0,1.0,637,-0.10492058,0.75,0.26283258,12760.0
0.03063134,0.8759291,0.08550783,12780.0,1.0,638,-0.09297637,0.7,0.26283267,12780.0
0.030632963,0.87591857,0.085515775,12800.0,1.0,639,-0.079458125,0.8,0.26282907,12800.0
0.03063484,0.8759508,0.085524105,12820.0,1.0,640,-0.07010354,0.8,0.26283696,12820.0
0.03063294,0.8759194,0.08551878,12840.0,1.0,641,-0.08508687,0.8,0.26282853,12840.0
0.03063274,0.875901,0.08551658,12860.0,1.0,642,-0.0799679,0.75,0.26282337,12860.0
0.0306333,0.8759149,0.08551937,12880.0,1.0,643,-0.08587933,0.7,0.26282635,12880.0
0.030633667,0.8759074,0.08551738,12900.0,1.0,644,-0.094129175,0.6,0.26282418,12900.0
0.030627847,0.87590665,0.08549625,12920.0,1.0,645,-0.072548926,0.75,0.26282474,12920.0
0.03062616,0.8759144,0.085490376,12940.0,1.0,646,-0.06458903,0.7,0.2628274,12940.0
0.030625775,0.875912,0.08548847,12960.0,1.0,647,-0.08041413,0.8,0.26282525,12960.0
0.03062768,0.87591225,0.08549423,12980.0,1.0,648,-0.080618516,0.9,0.26282543,12980.0
0.03062914,0.8759003,0.085500985,13000.0,1.0,649,-0.08086109,0.8,0.26282123,13000.0
0.030631417,0.87589264,0.08550989,13020.0,1.0,650,-0.088649996,0.8,0.26282004,13020.0
0.030632868,0.8758959,0.08551571,13040.0,1.0,651,-0.09469274,0.8,0.2628208,13040.0
0.030633206,0.8758727,0.08551993,13060.0,1.0,652,-0.07784224,0.9,0.2628157,13060.0
0.030629829,0.8758867,0.085509956,13080.0,1.0,653,-0.06807087,0.75,0.2628195,13080.0
0.030627633,0.8758523,0.08550078,13100.0,1.0,654,-0.08612108,0.75,0.26280993,13100.0
0.03062515,0.87586886,0.08549243,13120.0,1.0,655,-0.06380975,0.75,0.2628142,13120.0
0.030628502,0.8758874,0.08550451,13140.0,1.0,656,-0.10049868,0.6,0.26281905,13140.0
0.030630965,0.87590426,0.08551264,13160.0,1.0,657,-0.08041775,0.6,0.2628232,13160.0
0.030631464,0.8758971,0.08551308,13180.0,1.0,658,-0.10962808,0.75,0.26282164,13180.0
0.030635247,0.8759206,0.085529625,13200.0,1.0,659,-0.09456518,0.55,0.26282734,13200.0
0.030631814,0.87591124,0.08551452,13220.0,1.0,660,-0.06239288,0.7,0.2628241,13220.0
0.030630108,0.875946,0.08550888,13240.0,1.0,661,-0.06134086,0.65,0.26283294,13240.0
0.030635009,0.87595063,0.08552755,13260.0,1.0,662,-0.08736084,0.8,0.26283416,13260.0
0.030633822,0.8759702,0.085522294,13280.0,1.0,663,-0.0673254,0.6,0.2628395,13280.0
0.030631503,0.8759505,0.08551539,13300.0,1.0,664,-0.07167866,0.7,0.2628344,13300.0
0.030631583,0.8759308,0.08551667,13320.0,1.0,665,-0.08023945,0.7,0.26282907,13320.0
0.030630594,0.8759411,0.085513204,13340.0,1.0,666,-0.078456365,0.65,0.262832,13340.0
0.03063027,0.8759474,0.08551178,13360.0,1.0,667,-0.08979724,0.6,0.26283357,13360.0
0.030631635,0.8759478,0.08551832,13380.0,1.0,668,-0.077101,0.75,0.26283357,13380.0
0.030628553,0.8759327,0.085509144,13400.0,1.0,669,-0.0833649,0.8,0.26283,13400.0
0.03062446,0.8759168,0.08549445,13420.0,1.0,670,-0.051007837,0.6,0.26282638,13420.0
0.030628199,0.8758869,0.085509665,13440.0,1.0,671,-0.112478174,0.65,0.26281863,13440.0
0.030628389,0.8759131,0.08550507,13460.0,1.0,672,-0.091806315,0.65,0.26282576,13460.0
0.030627554,0.87589103,0.085506,13480.0,1.0,673,-0.10610603,0.75,0.26281902,13480.0
0.030627742,0.8758929,0.08550934,13500.0,1.0,674,-0.0787517,0.55,0.26281953,13500.0
0.030630087,0.8759245,0.08552138,13520.0,1.0,675,-0.11589722,0.9,0.26282862,13520.0
0.030635199,0.8759063,0.08553598,13540.0,1.0,676,-0.11319176,0.9,0.26282367,13540.0
0.030636687,0.8759063,0.08554181,13560.0,1.0,677,-0.108620785,0.6,0.2628237,13560.0
0.030633831,0.87590164,0.0855309,13580.0,1.0,678,-0.08764668,0.75,0.26282266,13580.0
0.030635571,0.8759334,0.08553677,13600.0,0.95,679,-0.11716423,0.85,0.2628309,13600.0
0.030634532,0.8759497,0.08553254,13620.0,1.0,680,-0.08594201,0.7,0.26283604,13620.0
0.030633163,0.87596303,0.085526265,13640.0,1.0,681,-0.07972606,0.65,0.26283935,13640.0
0.0306346,0.8759508,0.085533164,13660.0,1.0,682,-0.100863434,0.8,0.26283523,13660.0
0.030635437,0.8759443,0.08553627,13680.0,1.0,683,-0.11014576,0.85,0.26283425,13680.0
0.030632835,0.8759406,0.08552885,13700.0,1.0,684,-0.061832618,0.7,0.26283312,13700.0
0.0306333,0.8759503,0.08552729,13720.0,1.0,685,-0.07887271,0.85,0.26283592,13720.0
0.030630153,0.87594867,0.08551399,13740.0,1.0,686,-0.029818648,0.8,0.26283583,13740.0
0.030627823,0.87596196,0.08550789,13760.0,1.0,687,-0.05763001,0.8,0.2628387,13760.0
0.030629784,0.8759694,0.08551354,13780.0,1.0,688,-0.101999685,0.65,0.26284105,13780.0
0.030632537,0.87598395,0.085525036,13800.0,1.0,689,-0.08761771,0.85,0.2628457,13800.0
0.030631239,0.8759713,0.08552127,13820.0,1.0,690,-0.064869575,0.6,0.26284188,13820.0
0.030631533,0.87596774,0.08551981,13840.0,1.0,691,-0.078419775,0.75,0.26284093,13840.0
0.030632287,0.87594754,0.08552227,13860.0,1.0,692,-0.075602606,0.7,0.2628351,13860.0
0.030632546,0.8759307,0.08552253,13880.0,1.0,693,-0.08014759,0.95,0.26283008,13880.0
0.030635143,0.8759144,0.085534245,13900.0,1.0,694,-0.0812867,0.8,0.26282516,13900.0
0.030636385,0.8758862,0.0855422,13920.0,1.0,695,-0.08355795,0.7,0.2628177,13920.0
0.030638378,0.8758857,0.08555036,13940.0,1.0,696,-0.09570217,0.8,0.26281852,13940.0
0.030636346,0.87588996,0.08554236,13960.0,1.0,697,-0.06605062,0.65,0.26281944,13960.0
0.030634087,0.8758931,0.08553675,13980.0,1.0,698,-0.058731068,0.65,0.26282033,13980.0
0.030633803,0.8759072,0.08553728,14000.0,1.0,699,-0.07599815,0.75,0.26282373,14000.0
0.030633917,0.87590677,0.08553835,14020.0,1.0,700,-0.080691025,0.6,0.26282352,14020.0
0.030632058,0.875926,0.08553321,14040.0,1.0,701,-0.06633429,0.75,0.2628277,14040.0
0.030633043,0.87592393,0.08553386,14060.0,1.0,702,-0.075221635,0.85,0.26282746,14060.0
0.030633654,0.8759346,0.08553345,14080.0,1.0,703,-0.09730966,0.85,0.26283053,14080.0
0.030631851,0.8759434,0.08552861,14100.0,1.0,704,-0.041761152,0.6,0.26283377,14100.0
0.030632723,0.8759442,0.08552951,14120.0,1.0,705,-0.092474535,0.65,0.26283315,14120.0
0.030632436,0.87594205,0.08552887,14140.0,1.0,706,-0.07090666,0.75,0.26283315,14140.0
0.030632209,0.8759823,0.085528396,14160.0,1.0,707,-0.08865398,0.85,0.2628439,14160.0
0.030632261,0.875999,0.08552846,14180.0,1.0,708,-0.04913174,0.6,0.2628476,14180.0
0.030633649,0.87598544,0.08553141,14200.0,1.0,709,-0.064555936,0.65,0.2628438,14200.0
0.0306357,0.87599707,0.085535966,14220.0,1.0,710,-0.079353414,0.8,0.26284683,14220.0
0.030637119,0.8759653,0.08553735,14240.0,1.0,711,-0.064852215,0.55,0.26283744,14240.0
0.030635472,0.875951,0.08553063,14260.0,1.0,712,-0.063703224,0.8,0.26283398,14260.0
0.030633625,0.8759546,0.08552426,14280.0,1.0,713,-0.0866683,0.65,0.26283506,14280.0
0.030631814,0.87596685,0.085517876,14300.0,1.0,714,-0.07987968,0.9,0.26283783,14300.0
0.030630935,0.8759473,0.08551362,14320.0,1.0,715,-0.06601665,0.8,0.26283318,14320.0
0.030633211,0.8759143,0.085523844,14340.0,1.0,716,-0.09086801,0.7,0.26282528,14340.0
0.030634552,0.87590456,0.085525155,14360.0,1.0,717,-0.088861786,0.8,0.26282316,14360.0
0.03063555,0.8759041,0.08553106,14380.0,1.0,718,-0.08524448,0.65,0.26282328,14380.0
0.030631464,0.8759239,0.08551714,14400.0,1.0,719,-0.052645974,0.9,0.2628282,14400.0
0.030632371,0.87592715,0.08552236,14420.0,1.0,720,-0.09159682,0.8,0.26282975,14420.0
0.030632088,0.8759219,0.08552001,14440.0,1.0,721,-0.07491629,0.8,0.26282892,14440.0
0.030631382,0.8759505,0.08551542,14460.0,1.0,722,-0.075097755,0.75,0.2628363,14460.0
0.030634645,0.8759448,0.085526764,14480.0,1.0,723,-0.092457324,0.85,0.2628356,14480.0
0.030637568,0.8759431,0.0855396,14500.0,1.0,724,-0.08507435,0.9,0.26283497,14500.0
0.030640524,0.8759584,0.08554852,14520.0,1.0,725,-0.09784561,0.7,0.2628386,14520.0
0.030641992,0.8759454,0.08555467,14540.0,1.0,726,-0.082168,0.65,0.26283512,14540.0
0.030642608,0.87593174,0.08555416,14560.0,1.0,727,-0.06667193,0.5,0.26283124,14560.0
0.030642193,0.87594867,0.08555166,14580.0,1.0,728,-0.06361984,0.65,0.26283565,14580.0
0.0306423,0.8759351,0.08555172,14600.0,1.0,729,-0.08286959,0.6,0.26283264,14600.0
0.030642848,0.87593275,0.08555481,14620.0,1.0,730,-0.08689534,0.7,0.2628319,14620.0
0.030641843,0.87593967,0.085552536,14640.0,1.0,731,-0.06587457,0.7,0.2628338,14640.0
0.030639935,0.87593746,0.08554847,14660.0,1.0,732,-0.07405263,0.65,0.26283365,14660.0
0.030639121,0.8759212,0.085543655,14680.0,1.0,733,-0.070319995,0.8,0.26282892,14680.0
0.030642444,0.8759423,0.08555323,14700.0,1.0,734,-0.090784684,0.7,0.262835,14700.0
0.030644253,0.87594223,0.085562654,14720.0,1.0,735,-0.06676395,0.85,0.26283443,14720.0
0.030644,0.8759344,0.085562825,14740.0,1.0,736,-0.077581905,0.95,0.26283243,14740.0
0.030643726,0.875936,0.08556408,14760.0,1.0,737,-0.06134618,0.5,0.26283306,14760.0
0.03064254,0.8759391,0.085560106,14780.0,1.0,738,-0.054380845,0.65,0.26283377,14780.0
0.030643508,0.87593985,0.085561685,14800.0,1.0,739,-0.06879654,0.85,0.26283383,14800.0
0.03064091,0.87593937,0.08554891,14820.0,1.0,740,-0.060090892,0.35,0.26283452,14820.0
0.03064398,0.8759523,0.08556207,14840.0,1.0,741,-0.08671486,0.6,0.26283807,14840.0
0.030643946,0.87597203,0.08556029,14860.0,1.0,742,-0.049093887,0.85,0.26284316,14860.0
0.030641029,0.8759815,0.08554853,14880.0,1.0,743,-0.03151275,0.6,0.26284546,14880.0
0.03064081,0.8759816,0.08555031,14900.0,1.0,744,-0.063866556,0.8,0.26284623,14900.0
0.030641716,0.87598556,0.08555353,14920.0,1.0,745,-0.077298336,0.8,0.2628477,14920.0
0.03064246,0.875993,0.08555574,14940.0,1.0,746,-0.07219897,0.8,0.26284975,14940.0
0.030642232,0.8760095,0.08555457,14960.0,1.0,747,-0.06361487,0.8,0.26285437,14960.0
0.030641172,0.87599975,0.0855521,14980.0,1.0,748,-0.073714614,0.85,0.2628514,14980.0
0.03064124,0.8759884,0.08555157,15000.0,1.0,749,-0.07192211,0.75,0.2628486,15000.0
0.030639833,0.8759839,0.0855472,15020.0,1.0,750,-0.07706751,0.85,0.26284757,15020.0
0.030638415,0.8759895,0.08554313,15040.0,1.0,751,-0.05404799,0.65,0.26284957,15040.0
0.030642504,0.8759915,0.08555526,15060.0,1.0,752,-0.10254915,0.65,0.26284972,15060.0
0.030642768,0.875987,0.085554264,15080.0,1.0,753,-0.0835963,0.8,0.26284856,15080.0
0.030641371,0.87600714,0.08555064,15100.0,1.0,754,-0.063822664,0.75,0.2628546,15100.0
0.03064316,0.87599087,0.0855569,15120.0,1.0,755,-0.07019661,0.8,0.26285082,15120.0
0.030645082,0.8759698,0.08556628,15140.0,1.0,756,-0.08762048,0.75,0.26284486,15140.0
0.030646836,0.8759754,0.08557055,15160.0,1.0,757,-0.08164035,0.85,0.26284564,15160.0
0.030646812,0.87595755,0.08557099,15180.0,1.0,758,-0.07450368,0.65,0.262842,15180.0
0.030645523,0.8759684,0.08556849,15200.0,1.0,759,-0.07176206,0.6,0.26284486,15200.0
0.030645275,0.8759747,0.08556997,15220.0,1.0,760,-0.08813515,0.65,0.26284623,15220.0
0.030643348,0.8759461,0.08556465,15240.0,1.0,761,-0.052421056,0.8,0.26283932,15240.0
0.03064331,0.875961,0.08556261,15260.0,1.0,762,-0.0798741,0.9,0.26284295,15260.0
0.030640375,0.8759791,0.0855541,15280.0,1.0,763,-0.05924026,0.8,0.26284695,15280.0
0.030638874,0.8759706,0.085547715,15300.0,1.0,764,-0.059835386,0.85,0.26284438,15300.0
0.030637532,0.8759663,0.08554366,15320.0,1.0,765,-0.07401366,0.55,0.2628424,15320.0
0.030637765,0.87595123,0.08554836,15340.0,1.0,766,-0.10493151,0.8,0.2628387,15340.0
0.03064045,0.8759473,0.08555884,15360.0,1.0,767,-0.110709906,0.75,0.26283762,15360.0
0.030640144,0.8759567,0.08555894,15380.0,1.0,768,-0.085601814,0.8,0.26284003,15380.0
0.030636987,0.8759649,0.08554696,15400.0,1.0,769,-0.051087726,0.8,0.2628418,15400.0
0.030638894,0.87595797,0.08555194,15420.0,1.0,770,-0.067969576,0.6,0.26284033,15420.0
0.030637542,0.87596303,0.08554716,15440.0,1.0,771,-0.06683589,0.65,0.26284182,15440.0
0.030639043,0.87595445,0.085552506,15460.0,1.0,772,-0.08752393,0.85,0.26284006,15460.0
0.030640375,0.87597054,0.08555716,15480.0,1.0,773,-0.07970018,0.8,0.26284438,15480.0
0.030642677,0.87595433,0.08556518,15500.0,1.0,774,-0.09050239,0.85,0.2628398,15500.0
0.03064451,0.87596494,0.08557335,15520.0,1.0,775,-0.07269571,0.8,0.2628419,15520.0
0.030641755,0.8759534,0.0855622,15540.0,1.0,776,-0.054834746,0.65,0.26283917,15540.0
0.030642146,0.8759553,0.08556435,15560.0,1.0,777,-0.074483074,0.75,0.2628396,15560.0
0.030643886,0.87594956,0.08556986,15580.0,1.0,778,-0.06493277,0.7,0.26283827,15580.0
0.030644607,0.87594295,0.085571915,15600.0,1.0,779,-0.08716814,0.6,0.26283613,15600.0
0.03064391,0.8759351,0.08556852,15620.0,1.0,780,-0.071025744,0.75,0.26283458,15620.0
0.030639892,0.8759186,0.08555474,15640.0,1.0,781,-0.061833967,0.85,0.26283002,15640.0
0.030640537,0.87591344,0.085555874,15660.0,1.0,782,-0.07405715,0.75,0.26282912,15660.0
0.030640308,0.8759232,0.08555619,15680.0,1.0,783,-0.077283815,0.7,0.26283166,15680.0
0.030639404,0.8759523,0.08554996,15700.0,1.0,784,-0.07737571,0.7,0.2628393,15700.0
0.030638432,0.8759761,0.0855499,15720.0,1.0,785,-0.083710566,0.75,0.262845,15720.0
0.03063837,0.87595916,0.0855481,15740.0,1.0,786,-0.0733755,0.75,0.26284054,15740.0
0.030640114,0.8759361,0.08555331,15760.0,1.0,787,-0.07414766,0.8,0.26283437,15760.0
0.030640215,0.87592673,0.08555316,15780.0,1.0,788,-0.060733628,0.7,0.26283166,15780.0
0.030638715,0.8759337,0.08554602,15800.0,1.0,789,-0.078475386,0.9,0.26283246,15800.0
0.030640056,0.87592584,0.085553825,15820.0,1.0,790,-0.07258852,0.7,0.26283103,15820.0
0.0306401,0.87592906,0.08555474,15840.0,1.0,791,-0.07559532,0.65,0.26283228,15840.0
0.030639673,0.8759516,0.08555454,15860.0,1.0,792,-0.08110067,0.65,0.2628383,15860.0
0.030637857,0.875974,0.085550375,15880.0,1.0,793,-0.07986252,0.6,0.26284406,15880.0
0.030635294,0.87599415,0.085538805,15900.0,1.0,794,-0.050738018,0.9,0.26284942,15900.0
0.030635204,0.87600285,0.08553946,15920.0,1.0,795,-0.07039921,0.85,0.26285163,15920.0
0.030633587,0.8760187,0.08553168,15940.0,1.0,796,-0.05584659,0.7,0.26285595,15940.0
0.030632582,0.876015,0.08552915,15960.0,1.0,797,-0.039561924,0.6,0.26285464,15960.0
0.030632356,0.8760305,0.08552706,15980.0,1.0,798,-0.06819319,0.7,0.2628594,15980.0
0.030632133,0.8760285,0.085527696,16000.0,1.0,799,-0.07630506,0.65,0.2628589,16000.0
0.030632097,0.8760268,0.08552959,16020.0,1.0,800,-0.06216066,0.8,0.2628583,16020.0
0.030634169,0.8760188,0.085536666,16040.0,1.0,801,-0.10193714,0.75,0.26285604,16040.0
0.030636381,0.87604207,0.08554434,16060.0,1.0,802,-0.087263264,0.9,0.26286238,16060.0
0.030637976,0.8760669,0.08554933,16080.0,1.0,803,-0.08610015,0.75,0.26286927,16080.0
0.030638,0.8760597,0.085549496,16100.0,1.0,804,-0.06042673,0.7,0.262867,16100.0
0.03063817,0.8760727,0.08554996,16120.0,1.0,805,-0.06010245,0.75,0.2628703,16120.0
0.030638685,0.87607795,0.0855512,16140.0,1.0,806,-0.062646806,0.7,0.26287118,16140.0
0.030639127,0.87609196,0.08555316,16160.0,1.0,807,-0.06462459,0.7,0.26287463,16160.0
0.03063791,0.87607485,0.08555144,16180.0,1.0,808,-0.063650765,0.85,0.26286998,16180.0
0.030638462,0.87606746,0.08555224,16200.0,1.0,809,-0.068527915,0.9,0.26286817,16200.0
0.030639699,0.8760577,0.085558735,16220.0,1.0,810,-0.07794976,0.75,0.26286572,16220.0
0.030637478,0.87604886,0.08555012,16240.0,1.0,811,-0.06693584,0.55,0.26286355,16240.0
0.030637259,0.8760341,0.08554787,16260.0,1.0,812,-0.06710432,0.75,0.26285955,16260.0
0.030635063,0.8760168,0.08553743,16280.0,1.0,813,-0.059320875,0.7,0.26285478,16280.0
0.030634016,0.87602013,0.08553395,16300.0,1.0,814,-0.06298869,0.75,0.26285595,16300.0
0.030635487,0.8760031,0.08553904,16320.0,1.0,815,-0.07000305,0.65,0.26285115,16320.0
0.030636553,0.8760001,0.08554513,16340.0,1.0,816,-0.08304249,0.85,0.2628503,16340.0
0.030638251,0.87598276,0.08555153,16360.0,1.0,817,-0.08775009,0.6,0.26284593,16360.0
0.030638363,0.8759908,0.08555751,16380.0,1.0,818,-0.06983989,0.6,0.26284856,16380.0
0.030637655,0.87600726,0.08555401,16400.0,1.0,819,-0.07022769,0.8,0.2628532,16400.0
0.030638527,0.8760087,0.08555897,16420.0,1.0,820,-0.064394444,0.65,0.2628538,16420.0
0.03063699,0.87601256,0.08555368,16440.0,1.0,821,-0.06511158,0.85,0.2628544,16440.0
0.030637464,0.8760217,0.08555534,16460.0,1.0,822,-0.080245,0.8,0.26285574,16460.0
0.030636802,0.8760012,0.08555189,16480.0,1.0,823,-0.050265778,0.75,0.26284975,16480.0
0.03063733,0.8760074,0.08555263,16500.0,1.0,824,-0.08261423,0.6,0.26285186,16500.0
0.030637506,0.8760123,0.08555403,16520.0,1.0,825,-0.10222782,0.7,0.26285273,16520.0
0.030638015,0.8760114,0.08555556,16540.0,1.0,826,-0.080332436,0.6,0.2628524,16540.0
0.030636663,0.87600833,0.085549034,16560.0,1.0,827,-0.05458253,0.7,0.26285148,16560.0
0.03063848,0.8760012,0.08555565,16580.0,1.0,828,-0.06753326,0.7,0.2628489,16580.0
0.030638192,0.8760028,0.08555449,16600.0,1.0,829,-0.08393214,0.85,0.26284936,16600.0
0.03063727,0.8759995,0.085547246,16620.0,1.0,830,-0.06664047,0.8,0.2628489,16620.0
0.030637752,0.8759804,0.08555082,16640.0,1.0,831,-0.0718005,0.7,0.26284307,16640.0
0.030638328,0.87597173,0.08555385,16660.0,1.0,832,-0.07752414,0.7,0.26284033,16660.0
0.030637393,0.87598675,0.08555303,16680.0,1.0,833,-0.051024944,0.65,0.2628441,16680.0
0.030637134,0.87598586,0.08554756,16700.0,1.0,834,-0.07745954,0.65,0.26284313,16700.0
0.030637652,0.87598515,0.085549496,16720.0,1.0,835,-0.048906107,0.6,0.26284268,16720.0
0.030637126,0.8760106,0.08554828,16740.0,1.0,836,-0.04841477,0.8,0.26284933,16740.0
0.030640226,0.87598115,0.085560955,16760.0,1.0,837,-0.097521536,0.8,0.26284102,16760.0
0.030636037,0.8759846,0.08554616,16780.0,1.0,838,-0.06206391,0.9,0.2628421,16780.0
0.03063727,0.8759771,0.08555085,16800.0,1.0,839,-0.082922466,0.75,0.2628405,16800.0
0.030639624,0.87596893,0.085557975,16820.0,1.0,840,-0.07011372,0.6,0.2628387,16820.0
0.030639952,0.875963,0.08555815,16840.0,1.0,841,-0.06620079,0.95,0.262837,16840.0
0.0306422,0.8759597,0.085565545,16860.0,1.0,842,-0.092640206,0.6,0.26283497,16860.0
0.030642018,0.8759783,0.0855672,16880.0,1.0,843,-0.06233847,0.65,0.26283973,16880.0
0.030643705,0.8759742,0.08557456,16900.0,1.0,844,-0.11197536,0.8,0.26283878,16900.0
0.030642662,0.8759739,0.08557189,16920.0,1.0,845,-0.06351515,0.75,0.26283842,16920.0
0.030643553,0.8759785,0.08557513,16940.0,1.0,846,-0.06390949,0.65,0.26284006,16940.0
0.030640101,0.87598205,0.085563995,16960.0,1.0,847,-0.04817126,0.7,0.26284093,16960.0
0.03064096,0.87596875,0.08557228,16980.0,1.0,848,-0.10305302,0.7,0.26283863,16980.0
0.030642588,0.8759771,0.08557647,17000.0,1.0,849,-0.0852857,0.7,0.26284122,17000.0
0.030642292,0.87598866,0.08557874,17020.0,1.0,850,-0.08455593,0.85,0.26284415,17020.0
0.030640911,0.87598246,0.0855751,17040.0,1.0,851,-0.047959853,0.65,0.26284197,17040.0
0.030642137,0.8759853,0.08557707,17060.0,1.0,852,-0.07940881,0.8,0.26284236,17060.0
0.030643445,0.8759794,0.08558232,17080.0,1.0,853,-0.06200201,0.95,0.2628411,17080.0
0.030644933,0.8760089,0.08558788,17100.0,1.0,854,-0.073902935,0.75,0.2628484,17100.0
0.030642468,0.87600094,0.08557854,17120.0,1.0,855,-0.045881264,0.75,0.26284644,17120.0
0.030645292,0.87600857,0.085588455,17140.0,1.0,856,-0.07380827,0.7,0.26284868,17140.0
0.030646587,0.87601644,0.0855945,17160.0,1.0,857,-0.06374468,0.75,0.26285094,17160.0
0.030648306,0.8760237,0.085600436,17180.0,1.0,858,-0.075885825,0.75,0.26285273,17180.0
0.030648097,0.8760193,0.08559927,17200.0,1.0,859,-0.06500755,0.75,0.26285142,17200.0
0.030647207,0.8759999,0.08559787,17220.0,1.0,860,-0.077818744,0.9,0.26284584,17220.0
0.030649576,0.8760016,0.08560395,17240.0,1.0,861,-0.0812463,0.8,0.26284614,17240.0
0.030649375,0.87600946,0.085606106,17260.0,1.0,862,-0.08021994,0.85,0.26284817,17260.0
0.030651098,0.8760174,0.085612066,17280.0,1.0,863,-0.07212349,0.7,0.26285034,17280.0
0.030651826,0.8760047,0.08561441,17300.0,1.0,864,-0.06595604,0.75,0.26284724,17300.0
0.030653542,0.8759827,0.08561943,17320.0,1.0,865,-0.082343355,0.6,0.2628415,17320.0
0.030653799,0.8759782,0.08561915,17340.0,1.0,866,-0.0627755,0.9,0.26284033,17340.0
0.03065441,0.8759692,0.08562132,17360.0,1.0,867,-0.07529505,0.7,0.2628381,17360.0
0.030652046,0.87597084,0.08561263,17380.0,1.0,868,-0.0417567,0.75,0.26283914,17380.0
0.0306529,0.8759729,0.0856153,17400.0,1.0,869,-0.03749555,0.65,0.2628399,17400.0
0.030653875,0.87597126,0.085619755,17420.0,1.0,870,-0.079308,0.65,0.26283962,17420.0
0.03065599,0.8759618,0.08562895,17440.0,1.0,871,-0.091716856,0.9,0.2628371,17440.0
0.030655434,0.8759703,0.08562666,17460.0,1.0,872,-0.053988505,0.75,0.26283962,17460.0
0.030654326,0.87595034,0.0856219,17480.0,1.0,873,-0.053864054,0.45,0.2628344,17480.0
0.030655544,0.87596655,0.08562825,17500.0,1.0,874,-0.07843203,0.8,0.26283807,17500.0
0.030653208,0.8759792,0.08561813,17520.0,1.0,875,-0.04224646,0.75,0.26284224,17520.0
0.030650537,0.87597424,0.08561218,17540.0,1.0,876,-0.060334373,0.75,0.26284155,17540.0
0.030650377,0.8759871,0.08561224,17560.0,1.0,877,-0.07749726,0.7,0.26284462,17560.0
0.030650467,0.8759839,0.085615255,17580.0,1.0,878,-0.05851821,0.7,0.26284355,17580.0
0.030650303,0.8759959,0.085614264,17600.0,1.0,879,-0.06436261,0.85,0.2628461,17600.0
0.030648705,0.8759959,0.0856084,17620.0,1.0,880,-0.07621884,0.7,0.26284647,17620.0
0.030647304,0.87598467,0.08560118,17640.0,1.0,881,-0.06401004,0.65,0.26284307,17640.0
0.030645167,0.8759877,0.085596025,17660.0,1.0,882,-0.058969595,0.7,0.26284352,17660.0
0.030643845,0.8759796,0.08559486,17680.0,1.0,883,-0.06494887,0.85,0.26284122,17680.0
0.030644828,0.87597466,0.085594565,17700.0,1.0,884,-0.07579446,0.8,0.2628395,17700.0
0.030645233,0.87598276,0.08559492,17720.0,1.0,885,-0.057566144,0.75,0.26284206,17720.0
0.030647537,0.87598103,0.08560416,17740.0,1.0,886,-0.076213464,0.8,0.26284084,17740.0
0.03064785,0.8759873,0.085604884,17760.0,1.0,887,-0.06633534,0.9,0.2628431,17760.0
0.030648235,0.8759895,0.08560429,17780.0,1.0,888,-0.053869437,0.75,0.26284385,17780.0
0.030645743,0.8759853,0.08559596,17800.0,1.0,889,-0.055503506,0.55,0.26284295,17800.0
0.030647319,0.8759925,0.085598566,17820.0,1.0,890,-0.07859158,0.7,0.2628449,17820.0
0.030647317,0.87598324,0.085597165,17840.0,1.0,891,-0.067016944,0.7,0.26284215,17840.0
0.030647513,0.8759976,0.08559725,17860.0,1.0,892,-0.05688992,0.7,0.26284593,17860.0
0.030646507,0.8759909,0.08559636,17880.0,1.0,893,-0.06637365,0.85,0.26284486,17880.0
0.030646706,0.8759713,0.08559459,17900.0,1.0,894,-0.07228631,0.7,0.26283965,17900.0
0.030647269,0.8759931,0.085598856,17920.0,1.0,895,-0.07886536,0.85,0.2628457,17920.0
0.03064697,0.8760024,0.08559855,17940.0,1.0,896,-0.0622494,0.6,0.26284796,17940.0
0.030648004,0.8760101,0.08560117,17960.0,1.0,897,-0.04928028,0.8,0.2628494,17960.0
0.030648777,0.875995,0.085603975,17980.0,1.0,898,-0.07185085,0.85,0.2628452,17980.0
0.030648505,0.8759973,0.08560612,18000.0,1.0,899,-0.0653243,0.65,0.26284534,18000.0
0.030648142,0.8760069,0.08560578,18020.0,1.0,900,-0.05596014,0.65,0.26284787,18020.0
0.030649832,0.8760244,0.08560902,18040.0,1.0,901,-0.074262775,0.65,0.26285285,18040.0
0.030649442,0.8760255,0.08561035,18060.0,1.0,902,-0.07054518,0.95,0.2628531,18060.0
0.030648923,0.876028,0.08560743,18080.0,1.0,903,-0.059942115,0.65,0.26285368,18080.0
0.030651907,0.8760273,0.085619114,18100.0,1.0,904,-0.08545784,0.7,0.26285356,18100.0
0.03065202,0.8760515,0.08562118,18120.0,1.0,905,-0.07102139,0.65,0.26285967,18120.0
0.030650917,0.8760507,0.085618846,18140.0,1.0,906,-0.05800181,0.7,0.26285985,18140.0
0.0306506,0.8760392,0.08561653,18160.0,1.0,907,-0.060639508,0.8,0.26285726,18160.0
0.0306498,0.8760368,0.085613035,18180.0,1.0,908,-0.06705971,0.8,0.2628568,18180.0
0.030648232,0.87601906,0.08560466,18200.0,1.0,909,-0.058913637,0.85,0.26285213,18200.0
0.03064842,0.8760052,0.08560729,18220.0,1.0,910,-0.07328294,0.8,0.26284903,18220.0
0.030647153,0.8760044,0.08560141,18240.0,1.0,911,-0.06055824,0.7,0.26284835,18240.0
0.030646766,0.876003,0.08560104,18260.0,1.0,912,-0.06452199,0.75,0.26284868,18260.0
0.030646402,0.8760168,0.08559724,18280.0,1.0,913,-0.06874244,0.75,0.26285142,18280.0
0.030645708,0.8760502,0.08559396,18300.0,1.0,914,-0.06798478,0.75,0.26286006,18300.0
0.030646553,0.8760465,0.08559542,18320.0,1.0,915,-0.066505946,0.8,0.26285917,18320.0
0.030647421,0.87605333,0.08560101,18340.0,1.0,916,-0.073953785,0.7,0.26286083,18340.0
0.03064791,0.8760517,0.08560493,18360.0,1.0,917,-0.06472853,0.9,0.2628606,18360.0
0.030646672,0.8760474,0.08559913,18380.0,1.0,918,-0.05610345,0.75,0.26285934,18380.0
0.030647095,0.8760417,0.08560061,18400.0,1.0,919,-0.062317044,0.6,0.2628575,18400.0
0.03064754,0.87602687,0.0856047,18420.0,1.0,920,-0.09015511,0.75,0.26285392,18420.0
0.030646876,0.8760218,0.08560505,18440.0,1.0,921,-0.057290513,0.85,0.2628525,18440.0
0.030646626,0.87603265,0.08560312,18460.0,1.0,922,-0.05891634,0.8,0.2628551,18460.0
0.030646726,0.8760133,0.08560243,18480.0,1.0,923,-0.06909333,0.9,0.26284975,18480.0
0.030646732,0.87600327,0.085601784,18500.0,1.0,924,-0.0630396,0.8,0.26284695,18500.0
0.030646136,0.87601095,0.08559924,18520.0,1.0,925,-0.07356466,0.7,0.26284868,18520.0
0.030649852,0.8760075,0.085612394,18540.0,1.0,926,-0.08931828,0.65,0.26284686,18540.0
0.03064793,0.8760136,0.08560709,18560.0,1.0,927,-0.04730374,1.0,0.26284838,18560.0
0.030650074,0.8760138,0.085615516,18580.0,1.0,928,-0.0739257,0.75,0.26284868,18580.0
0.030650105,0.8760299,0.08561319,18600.0,1.0,929,-0.07268182,0.8,0.26285243,18600.0
0.030652601,0.87602425,0.08562017,18620.0,1.0,930,-0.08491046,0.75,0.26285088,18620.0
0.030652788,0.8760223,0.0856215,18640.0,1.0,931,-0.08880709,0.75,0.26285085,18640.0
0.030655647,0.87604743,0.08562992,18660.0,1.0,932,-0.070449814,0.85,0.26285848,18660.0
0.030655473,0.8760379,0.085630395,18680.0,1.0,933,-0.064986356,0.75,0.26285562,18680.0
0.03065319,0.8760255,0.08562098,18700.0,1.0,934,-0.033362772,0.75,0.26285177,18700.0
0.030652866,0.87602776,0.08562016,18720.0,1.0,935,-0.07254387,0.75,0.2628519,18720.0
0.030653745,0.8760376,0.08562571,18740.0,1.0,936,-0.078639105,0.65,0.26285455,18740.0
0.030654544,0.87604094,0.085632674,18760.0,1.0,937,-0.08149566,0.75,0.26285595,18760.0
0.03065362,0.8760383,0.085631765,18780.0,1.0,938,-0.054070514,0.85,0.26285526,18780.0
0.030655976,0.8760255,0.08563786,18800.0,1.0,939,-0.08097402,0.75,0.26285142,18800.0
0.030654201,0.8760381,0.0856303,18820.0,1.0,940,-0.061355013,0.9,0.26285508,18820.0
0.030652951,0.87603086,0.08562777,18840.0,1.0,941,-0.05035053,0.6,0.26285344,18840.0
0.030652815,0.87604076,0.085632734,18860.0,1.0,942,-0.092940465,0.75,0.26285568,18860.0
0.03065448,0.8760218,0.08563737,18880.0,1.0,943,-0.06261828,0.75,0.26285017,18880.0
0.030654524,0.8760436,0.08563682,18900.0,1.0,944,-0.08412726,0.8,0.26285586,18900.0
0.030655768,0.87602776,0.08564492,18920.0,1.0,945,-0.08383776,0.6,0.26285154,18920.0
0.030659512,0.87601525,0.08565801,18940.0,1.0,946,-0.08295028,0.75,0.26284835,18940.0
0.030658126,0.87601167,0.08565249,18960.0,1.0,947,-0.07878411,0.85,0.26284724,18960.0
0.030659461,0.8760061,0.085655816,18980.0,1.0,948,-0.07584305,0.8,0.26284608,18980.0
0.030660212,0.8759954,0.085659586,19000.0,1.0,949,-0.09032419,0.8,0.26284325,19000.0
0.030659165,0.8759966,0.08565249,19020.0,1.0,950,-0.062047463,0.8,0.2628438,19020.0
0.03066042,0.87600654,0.08565848,19040.0,1.0,951,-0.087019846,0.85,0.26284632,19040.0
0.030660052,0.87601805,0.085659005,19060.0,1.0,952,-0.08821348,0.8,0.26284945,19060.0
0.030660372,0.8759916,0.08566002,19080.0,1.0,953,-0.0827136,0.8,0.2628421,19080.0
0.030663466,0.8759821,0.08567267,19100.0,1.0,954,-0.07723962,0.75,0.26283988,19100.0
0.030664563,0.8759902,0.08567715,19120.0,1.0,955,-0.07299641,0.8,0.2628418,19120.0
0.030663008,0.87597704,0.08567467,19140.0,1.0,956,-0.047047973,0.75,0.26283917,19140.0
0.030661276,0.87598324,0.08566698,19160.0,1.0,957,-0.061250776,0.8,0.2628412,19160.0
0.030662859,0.87599117,0.085671306,19180.0,1.0,958,-0.06892301,0.8,0.26284376,19180.0
0.030665671,0.8759815,0.08567979,19200.0,1.0,959,-0.07701696,0.8,0.2628411,19200.0
0.030663699,0.87597746,0.085674874,19220.0,1.0,960,-0.05631867,0.75,0.2628399,19220.0
0.0306642,0.8759906,0.08567828,19240.0,1.0,961,-0.07233749,0.7,0.26284364,19240.0
0.030664515,0.8759875,0.085681476,19260.0,1.0,962,-0.07842632,0.85,0.26284263,19260.0
0.030664975,0.87599117,0.08568222,19280.0,1.0,963,-0.09867028,0.8,0.26284355,19280.0
0.030667234,0.8759916,0.08568835,19300.0,1.0,964,-0.08170919,0.95,0.26284376,19300.0
0.030665442,0.8759961,0.08568152,19320.0,1.0,965,-0.0595199,0.85,0.26284474,19320.0
0.030666802,0.87598777,0.08568645,19340.0,1.0,966,-0.08373366,0.7,0.2628426,19340.0
0.03066439,0.8759916,0.085677005,19360.0,1.0,967,-0.06198136,0.8,0.26284322,19360.0
0.030663243,0.87598354,0.08567387,19380.0,1.0,968,-0.070011154,0.65,0.26284114,19380.0
0.030665237,0.8759823,0.0856811,19400.0,1.0,969,-0.09279252,0.65,0.26284033,19400.0
0.030663565,0.87598735,0.08567399,19420.0,1.0,970,-0.06374925,0.7,0.2628419,19420.0
0.030662915,0.8759889,0.085671514,19440.0,1.0,971,-0.08193388,0.5,0.26284197,19440.0
0.030664584,0.87597966,0.085677706,19460.0,1.0,972,-0.098713614,0.8,0.2628395,19460.0
0.03066508,0.875977,0.08567678,19480.0,1.0,973,-0.069579154,0.65,0.26283878,19480.0
0.030664604,0.8759729,0.08567365,19500.0,1.0,974,-0.06950976,0.85,0.26283798,19500.0
0.03066529,0.8759694,0.085677795,19520.0,1.0,975,-0.08516042,0.8,0.26283655,19520.0
0.030664269,0.87597007,0.085672975,19540.0,1.0,976,-0.07048596,0.75,0.26283637,19540.0
0.030664876,0.8759768,0.085672975,19560.0,1.0,977,-0.08703181,0.8,0.26283777,19560.0
0.030664075,0.87596035,0.08567091,19580.0,1.0,978,-0.073445335,0.85,0.26283306,19580.0
0.030661741,0.87595415,0.08566237,19600.0,1.0,979,-0.047698922,0.7,0.26283145,19600.0
0.03066143,0.8759307,0.08566168,19620.0,1.0,980,-0.08184414,0.8,0.26282495,19620.0
0.030660529,0.875935,0.08566022,19640.0,1.0,981,-0.062552065,0.75,0.26282623,19640.0
0.030661095,0.87594986,0.08566189,19660.0,1.0,982,-0.08423174,0.75,0.26282993,19660.0
0.030660596,0.8759661,0.085658945,19680.0,1.0,983,-0.072221935,0.6,0.26283434,19680.0
0.03066032,0.8759761,0.085658275,19700.0,1.0,984,-0.08085368,0.65,0.26283735,19700.0
0.030660396,0.8759462,0.08566018,19720.0,1.0,985,-0.07430713,0.65,0.26282984,19720.0
0.030660445,0.87594813,0.08566258,19740.0,1.0,986,-0.0876019,0.55,0.26283082,19740.0
0.030661236,0.87594193,0.08566631,19760.0,1.0,987,-0.07992686,0.75,0.26282862,19760.0
0.030663807,0.8759506,0.08567437,19780.0,1.0,988,-0.0785493,0.65,0.2628308,19780.0
0.03066058,0.87594134,0.085662775,19800.0,1.0,989,-0.078824416,0.9,0.2628282,19800.0
0.030661741,0.8759487,0.085665345,19820.0,1.0,990,-0.096673295,0.8,0.26283112,19820.0
0.030661475,0.87594634,0.08566626,19840.0,1.0,991,-0.08006573,0.8,0.26282984,19840.0
0.030662721,0.87595844,0.08567178,19860.0,1.0,992,-0.07151936,0.85,0.26283246,19860.0
0.03066349,0.87594813,0.085674405,19880.0,1.0,993,-0.09612503,0.65,0.26282987,19880.0
0.030664733,0.8759616,0.08567983,19900.0,1.0,994,-0.08348767,0.85,0.2628339,19900.0
0.030667435,0.87594587,0.0856874,19920.0,1.0,995,-0.08324436,0.6,0.26282978,19920.0
0.030667577,0.87595415,0.085689954,19940.0,1.0,996,-0.082540825,0.9,0.2628321,19940.0
0.030670514,0.8759567,0.085699975,19960.0,1.0,997,-0.07358898,0.65,0.26283297,19960.0
0.03067098,0.87597704,0.08570137,19980.0,1.0,998,-0.07380696,0.65,0.26283863,19980.0
0.030670982,0.8759672,0.08570292,20000.0,1.0,999,-0.08081587,0.65,0.26283592,20000.0
