test/success_rate,test/episode,stats_g/mean,train/episode,train/success_rate,stats_o/mean,stats_g/std,test/mean_Q,stats_o/std,epoch
0.1,20.0,0.8381941,100.0,0.05,0.20124874,0.07153309,-2.604416,0.04443918,0
0.0,40.0,0.8379469,200.0,0.11,0.2006781,0.07093366,-4.8220053,0.04372958,1
0.1,60.0,0.8375191,300.0,0.04,0.20082453,0.07056905,-5.7117805,0.04496257,2
0.05,80.0,0.8388455,400.0,0.09,0.20161797,0.0735254,-7.791133,0.04817818,3
0.0,100.0,0.84049445,500.0,0.06,0.20169874,0.07325111,-10.450112,0.04926186,4
0.1,120.0,0.8403235,600.0,0.04,0.20169729,0.072884716,-10.792875,0.048985347,5
0.2,140.0,0.8394828,700.0,0.03,0.20131628,0.07431941,-10.292349,0.050558317,6
0.15,160.0,0.8391599,800.0,0.12,0.2011851,0.0767019,-12.599338,0.053010587,7
0.1,180.0,0.8386608,900.0,0.09,0.20114157,0.07763659,-15.061949,0.054678563,8
0.05,200.0,0.8381149,1000.0,0.08,0.2010003,0.077712364,-16.347902,0.054365903,9
0.15,220.0,0.83842117,1100.0,0.07,0.20117016,0.07852925,-14.318964,0.054975737,10
0.0,240.0,0.83797544,1200.0,0.08,0.20107897,0.07947666,-19.33503,0.05629655,11
0.05,260.0,0.8380291,1300.0,0.05,0.20121294,0.08086,-19.190615,0.05804082,12
0.05,280.0,0.83780783,1400.0,0.06,0.20128004,0.08056229,-21.57377,0.058119223,13
0.05,300.0,0.8375826,1500.0,0.05,0.2013203,0.08072061,-21.803785,0.05845955,14
0.05,320.0,0.83782786,1600.0,0.05,0.20135348,0.081052974,-23.604326,0.05857647,15
0.1,340.0,0.83829004,1700.0,0.05,0.20148161,0.08082204,-19.8631,0.05858343,16
0.1,360.0,0.8382704,1800.0,0.13,0.20150179,0.08037906,-23.990795,0.058370866,17
0.15,380.0,0.83800364,1900.0,0.11,0.20138735,0.07999223,-20.170694,0.058267258,18
0.15,400.0,0.8378586,2000.0,0.11,0.2013306,0.07956196,-19.691061,0.057936855,19
0.05,420.0,0.83805734,2100.0,0.02,0.20134808,0.07933796,-26.668766,0.057890862,20
0.15,440.0,0.838011,2200.0,0.07,0.20135267,0.079024665,-23.425901,0.057593435,21
0.1,460.0,0.8376217,2300.0,0.05,0.20120919,0.07864418,-26.0051,0.057612874,22
0.15,480.0,0.83735067,2400.0,0.12,0.20110846,0.078313604,-25.332165,0.05746893,23
0.05,500.0,0.83730966,2500.0,0.09,0.20105818,0.078267895,-26.402822,0.057424374,24
0.1,520.0,0.8374925,2600.0,0.04,0.20112072,0.07806272,-25.834402,0.05741469,25
0.0,540.0,0.83746713,2700.0,0.18,0.20113455,0.07808634,-34.398537,0.057288136,26
0.05,560.0,0.83734924,2800.0,0.05,0.2010988,0.07815559,-24.680763,0.057282306,27
0.1,580.0,0.83720106,2900.0,0.04,0.2010218,0.07794206,-27.276007,0.057407886,28
0.0,600.0,0.83723325,3000.0,0.05,0.20106648,0.077802576,-32.43503,0.057718925,29
0.0,620.0,0.8371387,3100.0,0.08,0.20111436,0.077618025,-26.628748,0.05823301,30
0.05,640.0,0.8372523,3200.0,0.05,0.20118645,0.07782005,-32.48792,0.05878462,31
0.05,660.0,0.83749247,3300.0,0.1,0.2012019,0.07788709,-27.144909,0.05929949,32
0.15,680.0,0.83767015,3400.0,0.07,0.20126432,0.07811245,-26.02918,0.059359387,33
0.05,700.0,0.83766156,3500.0,0.08,0.20122486,0.07796553,-27.906693,0.059835933,34
0.15,720.0,0.83778477,3600.0,0.09,0.20124692,0.07798501,-26.752924,0.060182974,35
0.05,740.0,0.8378609,3700.0,0.11,0.20126575,0.07782655,-28.272882,0.0602356,36
0.15,760.0,0.83793974,3800.0,0.04,0.20129576,0.07770926,-24.561127,0.06058586,37
0.25,780.0,0.838015,3900.0,0.07,0.20128776,0.077601865,-20.660427,0.06152766,38
0.05,800.0,0.83786494,4000.0,0.09,0.20124733,0.07750338,-28.225246,0.06147439,39
0.1,820.0,0.8377793,4100.0,0.09,0.20117445,0.07736424,-25.25772,0.0614653,40
0.1,840.0,0.83771825,4200.0,0.06,0.20112835,0.07757216,-27.19076,0.06218858,41
0.15,860.0,0.83779454,4300.0,0.06,0.20114356,0.077475764,-25.394297,0.062188234,42
0.05,880.0,0.8377614,4400.0,0.1,0.20112589,0.07736382,-30.574894,0.06227486,43
0.05,900.0,0.83771056,4500.0,0.07,0.2010974,0.07728114,-27.719025,0.062419225,44
0.1,920.0,0.83778214,4600.0,0.09,0.20107426,0.077350765,-27.504086,0.06290612,45
0.0,940.0,0.8377885,4700.0,0.09,0.20108998,0.077341914,-31.012207,0.06298007,46
0.15,960.0,0.8376865,4800.0,0.05,0.20106702,0.077281065,-23.30907,0.06326977,47
0.2,980.0,0.83760834,4900.0,0.11,0.20105773,0.07725171,-21.954441,0.06361125,48
0.2,1000.0,0.8375154,5000.0,0.15,0.20097737,0.07759002,-22.551456,0.064155415,49
0.05,1020.0,0.83750397,5100.0,0.07,0.20100486,0.07796922,-25.931097,0.06457846,50
0.15,1040.0,0.8375328,5200.0,0.16,0.20102458,0.07802626,-26.449606,0.0649838,51
0.2,1060.0,0.8374779,5300.0,0.1,0.20101954,0.078153916,-23.774214,0.065307096,52
0.05,1080.0,0.8374912,5400.0,0.1,0.20093177,0.07855327,-23.377726,0.06617337,53
0.2,1100.0,0.8373985,5500.0,0.08,0.20092241,0.07892425,-17.914415,0.06656331,54
0.05,1120.0,0.8373732,5600.0,0.08,0.20094341,0.07895896,-25.852875,0.0668259,55
0.1,1140.0,0.8373358,5700.0,0.09,0.20094444,0.07925375,-23.012056,0.06745429,56
0.1,1160.0,0.83740336,5800.0,0.14,0.20095831,0.07925304,-24.247473,0.067681186,57
0.15,1180.0,0.837393,5900.0,0.11,0.20096028,0.079188734,-24.494844,0.06765533,58
0.1,1200.0,0.83741385,6000.0,0.05,0.20099267,0.07926836,-21.909641,0.067831926,59
0.15,1220.0,0.83749336,6100.0,0.13,0.20102754,0.07934352,-29.67001,0.068023756,60
0.15,1240.0,0.8376599,6200.0,0.08,0.20108324,0.0794943,-21.212204,0.06842088,61
0.1,1260.0,0.83755344,6300.0,0.1,0.20105074,0.079776354,-23.654863,0.0687508,62
0.2,1280.0,0.83750826,6400.0,0.14,0.20105873,0.079689585,-24.622074,0.06868072,63
0.1,1300.0,0.8375354,6500.0,0.07,0.20107502,0.079687096,-24.767376,0.06879072,64
0.0,1320.0,0.8375657,6600.0,0.11,0.20105715,0.0797151,-30.373821,0.06894622,65
0.15,1340.0,0.83747005,6700.0,0.13,0.20103998,0.07972344,-24.480585,0.069194295,66
0.05,1360.0,0.8374777,6800.0,0.1,0.201044,0.079633534,-25.779682,0.06929684,67
0.15,1380.0,0.83747387,6900.0,0.13,0.20104203,0.07950809,-26.429096,0.06941693,68
0.1,1400.0,0.8374583,7000.0,0.12,0.20107612,0.07951398,-24.751198,0.069586575,69
0.15,1420.0,0.83741117,7100.0,0.15,0.20105797,0.07941275,-25.76662,0.06946112,70
0.1,1440.0,0.8373912,7200.0,0.16,0.20105416,0.07941098,-23.796495,0.06969882,71
0.15,1460.0,0.8374309,7300.0,0.15,0.20109265,0.07941889,-22.789585,0.06990367,72
0.15,1480.0,0.83750683,7400.0,0.16,0.20113346,0.079466306,-22.746433,0.07005183,73
0.2,1500.0,0.83750206,7500.0,0.14,0.20113331,0.07945096,-25.797817,0.070185244,74
0.25,1520.0,0.83757764,7600.0,0.2,0.20117502,0.07941926,-19.465897,0.07027935,75
0.2,1540.0,0.8374793,7700.0,0.22,0.2011238,0.0794255,-24.514887,0.070436895,76
0.15,1560.0,0.8374698,7800.0,0.29,0.20111175,0.07937968,-27.771463,0.07054708,77
0.1,1580.0,0.83754414,7900.0,0.26,0.20116118,0.07939338,-25.359669,0.07084951,78
0.25,1600.0,0.8375211,8000.0,0.19,0.20113073,0.079357415,-20.871534,0.071063966,79
0.1,1620.0,0.83743566,8100.0,0.21,0.2010974,0.07951076,-22.086956,0.071312495,80
0.1,1640.0,0.8374147,8200.0,0.19,0.20107003,0.07958528,-19.747328,0.07179108,81
0.1,1660.0,0.8374526,8300.0,0.24,0.20104757,0.07956163,-24.794052,0.072088994,82
0.4,1680.0,0.83743256,8400.0,0.17,0.20103532,0.07961212,-17.446842,0.07212866,83
0.35,1700.0,0.8373566,8500.0,0.26,0.20104557,0.07987716,-16.87952,0.072717026,84
0.15,1720.0,0.8373015,8600.0,0.14,0.20103174,0.0800241,-19.569324,0.07300963,85
0.25,1740.0,0.83729726,8700.0,0.27,0.20105205,0.07993811,-14.67143,0.073194124,86
0.25,1760.0,0.8373639,8800.0,0.18,0.2010579,0.08016773,-19.849117,0.07373404,87
0.35,1780.0,0.83746785,8900.0,0.2,0.2010837,0.08019001,-17.484629,0.074045666,88
0.3,1800.0,0.8374929,9000.0,0.32,0.20109518,0.08021503,-17.708912,0.07425311,89
0.4,1820.0,0.8375058,9100.0,0.31,0.2011329,0.08012829,-14.115811,0.074646436,90
0.35,1840.0,0.83748585,9200.0,0.23,0.20115946,0.08015263,-14.576981,0.07534521,91
0.45,1860.0,0.8375321,9300.0,0.36,0.20120029,0.08011528,-11.0993595,0.07565481,92
0.2,1880.0,0.8374842,9400.0,0.36,0.20116913,0.08000656,-13.731247,0.07599346,93
0.55,1900.0,0.8374522,9500.0,0.36,0.20120412,0.0799054,-8.973824,0.07618199,94
0.55,1920.0,0.8373465,9600.0,0.31,0.20118946,0.07980832,-9.360184,0.07633258,95
0.3,1940.0,0.83729774,9700.0,0.4,0.20119403,0.07975135,-14.828751,0.07657342,96
0.45,1960.0,0.8372708,9800.0,0.41,0.20117666,0.079708636,-11.3348465,0.076913014,97
0.55,1980.0,0.83723325,9900.0,0.36,0.20112753,0.079684325,-10.28399,0.07773128,98
0.6,2000.0,0.8372733,10000.0,0.39,0.20113528,0.07957963,-9.070462,0.077878535,99
0.55,2020.0,0.8372512,10100.0,0.4,0.20117119,0.079597704,-8.9937105,0.07828798,100
0.6,2040.0,0.8372424,10200.0,0.48,0.20114627,0.07950765,-11.37165,0.07869762,101
0.45,2060.0,0.837235,10300.0,0.51,0.2011268,0.07949022,-10.680535,0.07904252,102
0.45,2080.0,0.8372159,10400.0,0.41,0.2011189,0.07939181,-10.825432,0.07924078,103
0.7,2100.0,0.8372192,10500.0,0.5,0.2011118,0.079278655,-7.038066,0.07977946,104
0.6,2120.0,0.83720845,10600.0,0.49,0.2011,0.07917536,-7.0407333,0.08025588,105
0.6,2140.0,0.83722425,10700.0,0.43,0.20115115,0.07922798,-8.050228,0.08068118,106
0.7,2160.0,0.8372993,10800.0,0.44,0.20121223,0.079134,-7.9401116,0.081239566,107
0.5,2180.0,0.83721954,10900.0,0.53,0.20119123,0.07913534,-7.8882346,0.08170619,108
0.45,2200.0,0.8372496,11000.0,0.43,0.20116842,0.079035275,-11.793145,0.08239617,109
0.5,2220.0,0.83728415,11100.0,0.58,0.20117842,0.07903101,-10.774828,0.08311785,110
0.55,2240.0,0.8373242,11200.0,0.38,0.201215,0.07903162,-8.456024,0.083956786,111
0.65,2260.0,0.8373663,11300.0,0.57,0.20118429,0.078933164,-4.8780785,0.084483154,112
0.8,2280.0,0.83733934,11400.0,0.52,0.20121773,0.07887738,-4.1329656,0.085084915,113
0.6,2300.0,0.8373712,11500.0,0.55,0.20119914,0.07877697,-9.122472,0.085580416,114
0.65,2320.0,0.8374494,11600.0,0.55,0.2011917,0.07875789,-7.038993,0.08628606,115
0.65,2340.0,0.83745193,11700.0,0.5,0.20124704,0.07878398,-4.531928,0.087037496,116
0.75,2360.0,0.8374327,11800.0,0.58,0.20119087,0.07879652,-4.766318,0.08771744,117
0.9,2380.0,0.8374257,11900.0,0.64,0.20116447,0.07881106,-3.6404145,0.08809455,118
0.7,2400.0,0.837416,12000.0,0.64,0.20120138,0.07871789,-4.9985094,0.088741586,119
0.7,2420.0,0.8374209,12100.0,0.6,0.20118514,0.07862182,-5.1207952,0.08924321,120
0.7,2440.0,0.83738613,12200.0,0.54,0.20125587,0.07875024,-4.213485,0.090040274,121
0.65,2460.0,0.8374085,12300.0,0.62,0.20121597,0.078852676,-6.3118525,0.09068902,122
0.6,2480.0,0.83746856,12400.0,0.6,0.20123877,0.07875648,-5.4600935,0.09140435,123
0.7,2500.0,0.8374724,12500.0,0.58,0.20122415,0.07888246,-5.56339,0.09218247,124
0.65,2520.0,0.8374415,12600.0,0.62,0.20119122,0.078867994,-4.8977017,0.092741355,125
0.6,2540.0,0.83743477,12700.0,0.59,0.20123234,0.078987926,-6.265134,0.09346734,126
0.7,2560.0,0.83741546,12800.0,0.68,0.20118347,0.078972526,-4.806123,0.09396819,127
0.7,2580.0,0.83744246,12900.0,0.74,0.20118804,0.07890753,-5.915975,0.094477005,128
0.65,2600.0,0.8374507,13000.0,0.63,0.20118876,0.078896634,-4.084104,0.09499022,129
0.85,2620.0,0.83747274,13100.0,0.7,0.20120151,0.078981236,-3.6646092,0.09546103,130
0.95,2640.0,0.8374369,13200.0,0.72,0.20120412,0.078958936,-2.1648917,0.09596396,131
0.85,2660.0,0.837435,13300.0,0.69,0.20118988,0.078862585,-3.2610135,0.09642659,132
0.85,2680.0,0.8374462,13400.0,0.72,0.20120575,0.078812875,-4.242606,0.09691756,133
0.9,2700.0,0.83744884,13500.0,0.73,0.20119789,0.07878628,-2.7158227,0.097305864,134
0.8,2720.0,0.83744615,13600.0,0.72,0.20123798,0.07875712,-3.1611526,0.0976492,135
0.8,2740.0,0.8374629,13700.0,0.8,0.20120668,0.078794986,-3.18436,0.09797409,136
0.9,2760.0,0.83747077,13800.0,0.7,0.20125285,0.07876786,-3.0125072,0.09844892,137
1.0,2780.0,0.8375018,13900.0,0.81,0.2013261,0.07872593,-2.4629698,0.09895242,138
0.65,2800.0,0.8375111,14000.0,0.75,0.20134094,0.078719236,-5.2466283,0.099390075,139
0.75,2820.0,0.8375134,14100.0,0.8,0.20132482,0.07866337,-5.5069075,0.099722154,140
0.95,2840.0,0.83747655,14200.0,0.74,0.20135847,0.078863464,-2.1673887,0.10023923,141
0.85,2860.0,0.83745646,14300.0,0.75,0.20135483,0.0788224,-3.1468987,0.100613944,142
1.0,2880.0,0.83742374,14400.0,0.75,0.20133245,0.07883305,-2.119825,0.10102875,143
0.9,2900.0,0.8373731,14500.0,0.77,0.20135273,0.07883782,-2.3936534,0.10146543,144
0.95,2920.0,0.8373597,14600.0,0.83,0.2013524,0.07882032,-2.376535,0.10190225,145
0.95,2940.0,0.8373541,14700.0,0.79,0.2013444,0.07878431,-3.6111255,0.10238843,146
0.9,2960.0,0.8373936,14800.0,0.88,0.20139109,0.07871862,-3.0387497,0.10261976,147
0.85,2980.0,0.8373921,14900.0,0.91,0.20143189,0.07864594,-2.6306617,0.10292401,148
0.95,3000.0,0.8373912,15000.0,0.85,0.20147417,0.078646086,-2.259309,0.10314508,149
0.95,3020.0,0.83736974,15100.0,0.84,0.2014659,0.078551605,-1.9095545,0.10333887,150
0.95,3040.0,0.8374319,15200.0,0.87,0.20148027,0.07848079,-4.094026,0.10365766,151
0.95,3060.0,0.8374192,15300.0,0.85,0.20146695,0.07850427,-2.9915898,0.103904665,152
1.0,3080.0,0.8373894,15400.0,0.87,0.2014846,0.07843644,-1.4224283,0.10413298,153
0.95,3100.0,0.8374036,15500.0,0.83,0.20142351,0.0783544,-3.159967,0.10433375,154
0.95,3120.0,0.8374463,15600.0,0.88,0.2014145,0.07837012,-2.144637,0.10472241,155
0.95,3140.0,0.8374262,15700.0,0.87,0.20143038,0.07834821,-2.240864,0.105021924,156
1.0,3160.0,0.8374253,15800.0,0.88,0.2013829,0.07835135,-1.8093475,0.105207846,157
0.9,3180.0,0.83740854,15900.0,0.95,0.20136736,0.07834852,-2.579167,0.105406374,158
0.9,3200.0,0.8374116,16000.0,0.93,0.20137043,0.07828092,-3.6637287,0.10561505,159
1.0,3220.0,0.83739835,16100.0,0.83,0.20137945,0.07836129,-1.6047285,0.1058264,160
1.0,3240.0,0.83740824,16200.0,0.9,0.20136148,0.0783425,-1.2969875,0.106017716,161
1.0,3260.0,0.8374116,16300.0,0.89,0.20139171,0.07826934,-1.3545395,0.106256835,162
1.0,3280.0,0.83739537,16400.0,0.92,0.20138071,0.078191556,-1.2579197,0.1063683,163
0.95,3300.0,0.837421,16500.0,0.95,0.20135207,0.07812787,-1.485362,0.10649607,164
0.95,3320.0,0.8374353,16600.0,0.95,0.20134844,0.07809309,-1.478238,0.10663949,165
0.95,3340.0,0.83742636,16700.0,0.92,0.20139039,0.07801037,-1.9969301,0.10674752,166
1.0,3360.0,0.83748955,16800.0,0.86,0.20141542,0.07800743,-2.077887,0.10693305,167
1.0,3380.0,0.8374927,16900.0,0.94,0.20139769,0.07800863,-1.6410208,0.10706691,168
1.0,3400.0,0.8375008,17000.0,0.91,0.20139252,0.07794244,-1.527384,0.10725253,169
0.95,3420.0,0.83747596,17100.0,0.9,0.20140171,0.077964835,-3.2941964,0.10751088,170
1.0,3440.0,0.83751076,17200.0,0.92,0.20142305,0.07789315,-1.3201649,0.1076732,171
1.0,3460.0,0.8375097,17300.0,0.93,0.2014289,0.077854626,-1.2127242,0.107801676,172
1.0,3480.0,0.83751583,17400.0,0.94,0.2014161,0.077790596,-1.2992084,0.107857525,173
1.0,3500.0,0.8375144,17500.0,0.9,0.20143262,0.07776163,-1.4943018,0.10799668,174
1.0,3520.0,0.8375175,17600.0,0.9,0.20144925,0.077696025,-1.1460681,0.108130425,175
1.0,3540.0,0.8375787,17700.0,0.86,0.20145689,0.0777336,-1.2358915,0.10831345,176
0.95,3560.0,0.8375738,17800.0,0.96,0.20146507,0.07766093,-1.3370721,0.10839786,177
1.0,3580.0,0.83758855,17900.0,0.88,0.20146342,0.07762293,-1.5914059,0.1084888,178
1.0,3600.0,0.8375792,18000.0,0.95,0.20147087,0.077551946,-1.4356234,0.10859004,179
1.0,3620.0,0.8375657,18100.0,0.92,0.20148666,0.07748439,-1.3980583,0.108692445,180
1.0,3640.0,0.8375667,18200.0,0.95,0.20148987,0.07741606,-1.2179295,0.10874966,181
1.0,3660.0,0.8375263,18300.0,0.91,0.20147087,0.077334054,-1.7172928,0.10886021,182
1.0,3680.0,0.8375833,18400.0,0.93,0.20149672,0.0772899,-1.3250916,0.10894279,183
1.0,3700.0,0.83754665,18500.0,0.96,0.20149928,0.0772238,-1.3920228,0.108944245,184
1.0,3720.0,0.83757025,18600.0,0.96,0.20150752,0.07720623,-1.400214,0.10902486,185
1.0,3740.0,0.8375378,18700.0,0.93,0.20148058,0.07718053,-1.2768314,0.109164685,186
1.0,3760.0,0.83759123,18800.0,0.91,0.20147137,0.07719157,-1.5800216,0.1092746,187
1.0,3780.0,0.8376109,18900.0,0.9,0.20146492,0.07717853,-1.7708,0.109363146,188
1.0,3800.0,0.83758384,19000.0,0.95,0.20144852,0.077143244,-1.33936,0.10937701,189
1.0,3820.0,0.83758736,19100.0,0.94,0.2014842,0.07711241,-1.3975408,0.109463364,190
1.0,3840.0,0.8375654,19200.0,0.93,0.20150135,0.07709847,-1.2754095,0.109497845,191
1.0,3860.0,0.83757144,19300.0,0.97,0.20150349,0.07704331,-1.1789774,0.109498285,192
1.0,3880.0,0.83753604,19400.0,0.94,0.20149066,0.07705829,-1.2061943,0.109595254,193
1.0,3900.0,0.8375244,19500.0,0.94,0.20149939,0.07698454,-1.2059202,0.109695904,194
1.0,3920.0,0.8375256,19600.0,0.93,0.20150568,0.07695383,-1.2454228,0.10977848,195
1.0,3940.0,0.8375049,19700.0,0.95,0.2014955,0.07689058,-1.1532623,0.10980954,196
1.0,3960.0,0.8375055,19800.0,0.96,0.20147595,0.076830946,-1.0227507,0.10997363,197
0.95,3980.0,0.8375044,19900.0,0.94,0.2014604,0.07678532,-1.4409062,0.109955624,198
1.0,4000.0,0.8375182,20000.0,0.92,0.20145357,0.07675261,-1.2286507,0.10997933,199
1.0,4020.0,0.83748794,20100.0,0.93,0.20146787,0.07673821,-1.2080259,0.11009181,200
0.95,4040.0,0.8374879,20200.0,0.96,0.20149632,0.076678686,-1.6471412,0.1101534,201
1.0,4060.0,0.83749086,20300.0,0.97,0.20149253,0.07662423,-1.2263321,0.110206746,202
1.0,4080.0,0.8374932,20400.0,0.94,0.20147863,0.07656307,-1.1514032,0.11031028,203
1.0,4100.0,0.83749884,20500.0,0.96,0.20149617,0.07651245,-1.313174,0.11034356,204
1.0,4120.0,0.83751696,20600.0,0.93,0.20152666,0.07645691,-1.0559783,0.11037485,205
1.0,4140.0,0.837527,20700.0,0.97,0.20153446,0.07639107,-1.0934212,0.11033496,206
1.0,4160.0,0.837519,20800.0,0.92,0.20152447,0.07632441,-1.1638792,0.11037545,207
1.0,4180.0,0.8375378,20900.0,0.97,0.20155361,0.07627294,-1.0203284,0.11040726,208
0.95,4200.0,0.837544,21000.0,0.96,0.20155852,0.07622673,-1.8950813,0.11039717,209
0.95,4220.0,0.83756495,21100.0,0.91,0.2015621,0.076221876,-1.2421774,0.11039165,210
1.0,4240.0,0.8375389,21200.0,0.92,0.20157047,0.076197304,-1.2756302,0.11043454,211
1.0,4260.0,0.8375578,21300.0,0.96,0.20156102,0.076214746,-0.990699,0.11049301,212
1.0,4280.0,0.83757395,21400.0,0.98,0.20156637,0.07616754,-1.310457,0.11054284,213
1.0,4300.0,0.83758837,21500.0,0.94,0.20154503,0.07617399,-1.5546879,0.11064564,214
1.0,4320.0,0.8375967,21600.0,0.94,0.20155326,0.07620833,-1.1454856,0.11067513,215
1.0,4340.0,0.8375996,21700.0,0.97,0.20156294,0.07615526,-1.2102443,0.11069516,216
1.0,4360.0,0.8376062,21800.0,0.94,0.20155364,0.07620553,-1.2147586,0.11080816,217
1.0,4380.0,0.83761454,21900.0,0.93,0.20157208,0.07618356,-0.8374224,0.1109053,218
0.95,4400.0,0.8376108,22000.0,0.97,0.20155707,0.07613725,-1.2120324,0.11091299,219
1.0,4420.0,0.8376188,22100.0,0.94,0.20155983,0.07609342,-1.1600504,0.11090002,220
1.0,4440.0,0.8376208,22200.0,0.95,0.20156041,0.07603163,-1.2331182,0.11091276,221
1.0,4460.0,0.83761877,22300.0,0.94,0.20156634,0.07606382,-1.1926317,0.1109713,222
1.0,4480.0,0.8376234,22400.0,0.96,0.20157902,0.07604403,-1.0109429,0.11101766,223
0.95,4500.0,0.83762306,22500.0,0.92,0.20156208,0.075978,-1.363058,0.11102384,224
1.0,4520.0,0.83761543,22600.0,0.93,0.20156488,0.07592924,-1.3186672,0.111040086,225
1.0,4540.0,0.83763415,22700.0,0.93,0.2015504,0.07588873,-1.208772,0.11106027,226
1.0,4560.0,0.8376325,22800.0,0.95,0.20155145,0.07584101,-1.1614852,0.1110362,227
1.0,4580.0,0.8376271,22900.0,0.96,0.2015168,0.075791575,-1.2029022,0.11106297,228
1.0,4600.0,0.8376267,23000.0,0.96,0.2015207,0.07579456,-1.1358403,0.111110315,229
0.95,4620.0,0.8376394,23100.0,0.96,0.20153445,0.07574516,-1.4902635,0.11111736,230
1.0,4640.0,0.8376644,23200.0,0.95,0.20154825,0.07573268,-1.1694891,0.11118621,231
1.0,4660.0,0.8376623,23300.0,0.98,0.20155486,0.07571667,-1.4124191,0.11127563,232
0.95,4680.0,0.83765817,23400.0,0.96,0.20152885,0.07569174,-1.5796492,0.11133948,233
1.0,4700.0,0.8376742,23500.0,0.94,0.20154804,0.07570156,-1.2483618,0.11130449,234
1.0,4720.0,0.83764315,23600.0,0.91,0.2015675,0.07565629,-1.2721018,0.11139958,235
1.0,4740.0,0.8376468,23700.0,0.95,0.20157996,0.07563383,-1.3208392,0.111416385,236
1.0,4760.0,0.83764106,23800.0,0.99,0.20157813,0.07558625,-1.0080042,0.11142697,237
1.0,4780.0,0.8376593,23900.0,0.97,0.20156191,0.07556241,-1.2368301,0.111431934,238
1.0,4800.0,0.8376736,24000.0,0.95,0.2015971,0.07554576,-0.9468874,0.11147206,239
1.0,4820.0,0.837635,24100.0,0.94,0.20160064,0.075507,-1.1058526,0.11150394,240
1.0,4840.0,0.8376619,24200.0,0.92,0.20158865,0.07546619,-0.7462539,0.111535445,241
1.0,4860.0,0.83769244,24300.0,0.95,0.20159887,0.0754616,-0.8097496,0.111536674,242
1.0,4880.0,0.8377008,24400.0,0.93,0.20161587,0.075471155,-1.2941118,0.11158618,243
1.0,4900.0,0.83770853,24500.0,0.96,0.20159489,0.075422674,-0.93154716,0.11168716,244
0.95,4920.0,0.8376963,24600.0,0.95,0.20158589,0.07541745,-1.6178461,0.11173813,245
1.0,4940.0,0.83770245,24700.0,0.98,0.20158634,0.07537497,-0.9347582,0.111710794,246
1.0,4960.0,0.8377035,24800.0,0.96,0.20159136,0.07532286,-1.0126097,0.11177917,247
0.95,4980.0,0.8377145,24900.0,0.95,0.20159124,0.07527933,-1.0878977,0.11183256,248
1.0,5000.0,0.83770937,25000.0,0.96,0.20159414,0.07523466,-1.0827361,0.111870565,249
1.0,5020.0,0.8377289,25100.0,0.98,0.2015898,0.075229086,-1.3696991,0.11184661,250
0.95,5040.0,0.83774096,25200.0,0.91,0.20159644,0.07520545,-1.6786827,0.1118785,251
1.0,5060.0,0.8377407,25300.0,0.97,0.20161122,0.075166404,-1.353669,0.111863434,252
1.0,5080.0,0.83772826,25400.0,0.98,0.20161405,0.07512184,-1.2816648,0.1118817,253
1.0,5100.0,0.8377443,25500.0,1.0,0.20161921,0.075070985,-1.0776507,0.11187759,254
1.0,5120.0,0.8377531,25600.0,0.94,0.2016411,0.07510206,-1.174226,0.1119188,255
1.0,5140.0,0.8377568,25700.0,0.95,0.20164393,0.07510968,-1.1230986,0.11198104,256
1.0,5160.0,0.83776635,25800.0,0.97,0.20164724,0.075093076,-0.9471122,0.11199348,257
1.0,5180.0,0.8377559,25900.0,0.94,0.20163919,0.07505181,-0.8222969,0.11201645,258
0.95,5200.0,0.8377902,26000.0,0.95,0.20164658,0.075014405,-2.7315197,0.11198963,259
1.0,5220.0,0.83779025,26100.0,0.95,0.20168613,0.07498374,-1.2544252,0.11200282,260
1.0,5240.0,0.8377734,26200.0,0.97,0.20168924,0.074941166,-1.1988778,0.112017624,261
0.95,5260.0,0.83775395,26300.0,0.93,0.20168974,0.07492464,-2.3433528,0.11206931,262
0.95,5280.0,0.8377207,26400.0,0.99,0.20168331,0.07488425,-1.2520062,0.112126544,263
0.95,5300.0,0.83774155,26500.0,0.97,0.20169967,0.07485229,-1.6637819,0.112218425,264
1.0,5320.0,0.8377622,26600.0,0.96,0.20170145,0.074816786,-1.0270536,0.112231515,265
1.0,5340.0,0.8377573,26700.0,0.94,0.20171028,0.07477031,-1.2057717,0.11221759,266
1.0,5360.0,0.8377556,26800.0,0.96,0.20169769,0.07473422,-0.9496583,0.11220126,267
1.0,5380.0,0.8377741,26900.0,0.98,0.20170745,0.07469349,-1.2178738,0.112272255,268
0.95,5400.0,0.8377722,27000.0,0.96,0.2017177,0.074693926,-2.1819136,0.112246715,269
1.0,5420.0,0.8377712,27100.0,0.99,0.2017394,0.074651726,-1.3323386,0.11225036,270
1.0,5440.0,0.83777285,27200.0,0.93,0.2017199,0.07462704,-1.1707616,0.11222219,271
1.0,5460.0,0.83780104,27300.0,0.97,0.20174332,0.07459161,-1.2640642,0.112189904,272
1.0,5480.0,0.8378096,27400.0,0.96,0.20174974,0.07456437,-1.2243214,0.112202875,273
1.0,5500.0,0.83781123,27500.0,1.0,0.20173919,0.074523024,-1.0344547,0.1121833,274
1.0,5520.0,0.83783656,27600.0,0.98,0.2017449,0.07449355,-1.1190529,0.11218804,275
0.95,5540.0,0.8378532,27700.0,0.96,0.20175892,0.07445335,-3.2221866,0.112162784,276
1.0,5560.0,0.8378582,27800.0,0.97,0.20177442,0.074437626,-0.90802926,0.11213721,277
1.0,5580.0,0.83786154,27900.0,0.94,0.2017861,0.074393384,-1.012935,0.11210814,278
1.0,5600.0,0.83784366,28000.0,0.98,0.20179427,0.074385285,-1.1444637,0.112153746,279
1.0,5620.0,0.83786297,28100.0,0.98,0.20179988,0.07435073,-1.1800297,0.11215783,280
1.0,5640.0,0.83785135,28200.0,0.96,0.201805,0.0743202,-1.0623314,0.11213729,281
1.0,5660.0,0.8378599,28300.0,0.96,0.20180579,0.07430785,-1.2137449,0.112128764,282
1.0,5680.0,0.8378665,28400.0,0.96,0.2017911,0.07425697,-0.8736037,0.11211297,283
1.0,5700.0,0.8378696,28500.0,0.95,0.20178565,0.07430888,-1.0816687,0.112133205,284
1.0,5720.0,0.83786184,28600.0,0.98,0.2017784,0.074264236,-1.0156405,0.112134926,285
1.0,5740.0,0.8378714,28700.0,0.96,0.20177919,0.07421932,-1.2142909,0.11214862,286
1.0,5760.0,0.83786345,28800.0,0.96,0.20178282,0.07420643,-1.2113938,0.11214303,287
1.0,5780.0,0.83785844,28900.0,0.95,0.20180012,0.07419837,-0.9828025,0.11217805,288
1.0,5800.0,0.8378632,29000.0,0.98,0.20180377,0.07416058,-1.0451493,0.1122228,289
1.0,5820.0,0.837893,29100.0,0.94,0.20181146,0.07417431,-1.2181886,0.112206146,290
1.0,5840.0,0.837919,29200.0,0.97,0.20181848,0.074138485,-1.0192595,0.112156995,291
1.0,5860.0,0.837903,29300.0,0.99,0.20181432,0.07410055,-1.0609727,0.11217655,292
1.0,5880.0,0.83791524,29400.0,0.98,0.2018211,0.07406148,-0.8431452,0.11219395,293
1.0,5900.0,0.837926,29500.0,0.95,0.2018147,0.07408721,-0.9865409,0.11220748,294
0.95,5920.0,0.8379286,29600.0,0.97,0.20182295,0.07405453,-1.1393605,0.11219958,295
1.0,5940.0,0.837918,29700.0,0.96,0.20184007,0.07404905,-1.3671242,0.11220107,296
1.0,5960.0,0.83793205,29800.0,0.97,0.20182835,0.07403107,-1.3211161,0.112214655,297
0.95,5980.0,0.83793265,29900.0,0.99,0.20181423,0.07400276,-2.2776084,0.11215339,298
1.0,6000.0,0.83792955,30000.0,0.96,0.20180763,0.07398995,-1.320043,0.1121495,299
1.0,6020.0,0.8379569,30100.0,0.97,0.2018175,0.07395465,-0.83021516,0.11213145,300
1.0,6040.0,0.8379448,30200.0,0.95,0.20182791,0.07392558,-1.1739756,0.11213351,301
1.0,6060.0,0.83793765,30300.0,0.96,0.20182867,0.07389303,-1.1594895,0.11213913,302
1.0,6080.0,0.8379516,30400.0,0.94,0.20184107,0.07390726,-1.1597584,0.112182505,303
1.0,6100.0,0.8379448,30500.0,0.95,0.20185265,0.07391454,-1.0362469,0.11218715,304
1.0,6120.0,0.8379361,30600.0,0.98,0.20186478,0.07387627,-1.0023907,0.112188295,305
1.0,6140.0,0.83793074,30700.0,0.93,0.20187044,0.073855795,-1.5127465,0.112211406,306
1.0,6160.0,0.83794004,30800.0,0.92,0.20187889,0.07383961,-1.3358413,0.11226782,307
1.0,6180.0,0.8379567,30900.0,0.86,0.20187469,0.073806696,-1.1211216,0.11229354,308
1.0,6200.0,0.8379609,31000.0,0.96,0.20187312,0.073799446,-1.010109,0.1122568,309
0.95,6220.0,0.8379534,31100.0,0.95,0.20186722,0.07380828,-1.3005183,0.11225135,310
1.0,6240.0,0.83797497,31200.0,0.97,0.20186907,0.07377148,-0.8339292,0.11222176,311
1.0,6260.0,0.8379962,31300.0,0.95,0.2018746,0.07374982,-1.0589674,0.112233266,312
1.0,6280.0,0.8380025,31400.0,0.97,0.20188831,0.07371779,-0.82821923,0.112219706,313
1.0,6300.0,0.8380019,31500.0,0.94,0.2018801,0.07369472,-1.0337343,0.11223905,314
1.0,6320.0,0.83798105,31600.0,0.94,0.20187452,0.07369298,-1.1501744,0.112271816,315
0.95,6340.0,0.8379752,31700.0,0.97,0.20185824,0.073646985,-1.2341655,0.11226697,316
1.0,6360.0,0.8379889,31800.0,0.95,0.20186415,0.07360975,-1.0277321,0.11229085,317
1.0,6380.0,0.8379814,31900.0,0.97,0.2018622,0.07360012,-0.9978477,0.11228803,318
1.0,6400.0,0.8379819,32000.0,0.99,0.2018506,0.07357033,-0.88878536,0.11232004,319
1.0,6420.0,0.8379836,32100.0,0.94,0.20184927,0.07353311,-1.2923024,0.11233871,320
1.0,6440.0,0.83798856,32200.0,0.95,0.20184666,0.07352182,-1.2711782,0.112381466,321
0.95,6460.0,0.83798665,32300.0,0.94,0.20184143,0.073529236,-1.4812433,0.112417124,322
1.0,6480.0,0.83798313,32400.0,0.98,0.20184876,0.0734901,-1.0718341,0.112455904,323
1.0,6500.0,0.83798105,32500.0,0.97,0.20183994,0.073497124,-1.4138062,0.11242524,324
1.0,6520.0,0.8379965,32600.0,0.97,0.20184498,0.07347688,-1.201719,0.11241208,325
1.0,6540.0,0.83799165,32700.0,0.96,0.20183586,0.073457114,-1.1019236,0.11235189,326
1.0,6560.0,0.8379987,32800.0,0.93,0.20184165,0.073427506,-1.1471932,0.112395085,327
1.0,6580.0,0.83800405,32900.0,0.95,0.20183079,0.07339705,-0.8594223,0.11244205,328
1.0,6600.0,0.8380113,33000.0,0.93,0.20183088,0.0734132,-1.0670408,0.11245873,329
1.0,6620.0,0.83802223,33100.0,0.92,0.20184642,0.07338135,-0.92304003,0.11246394,330
1.0,6640.0,0.8380217,33200.0,0.98,0.20184189,0.07335045,-1.1031332,0.11244698,331
1.0,6660.0,0.8380293,33300.0,0.95,0.2018352,0.07333758,-1.7395312,0.11243562,332
0.95,6680.0,0.838006,33400.0,0.96,0.20182256,0.073338814,-1.1653311,0.11245451,333
1.0,6700.0,0.8379728,33500.0,0.99,0.20179671,0.073326506,-1.0752946,0.11247769,334
1.0,6720.0,0.8379586,33600.0,0.98,0.20180061,0.07330477,-0.92416155,0.112438895,335
1.0,6740.0,0.8379684,33700.0,0.96,0.20181575,0.0732796,-0.885214,0.11242482,336
1.0,6760.0,0.8379843,33800.0,0.98,0.20181227,0.07326201,-1.1728715,0.11241956,337
1.0,6780.0,0.83798146,33900.0,0.98,0.20180602,0.07325394,-0.9567342,0.11241357,338
1.0,6800.0,0.8379941,34000.0,0.96,0.2018043,0.07323419,-1.1034794,0.11240851,339
1.0,6820.0,0.8379891,34100.0,0.96,0.20179318,0.07320334,-1.0551517,0.112400636,340
1.0,6840.0,0.83797956,34200.0,0.92,0.20178093,0.07319219,-0.89679134,0.112371475,341
1.0,6860.0,0.8379757,34300.0,0.94,0.20178127,0.07322812,-0.9690382,0.11238442,342
1.0,6880.0,0.8379863,34400.0,0.98,0.20179196,0.073195204,-1.2494358,0.112412386,343
1.0,6900.0,0.8380017,34500.0,0.98,0.2017988,0.07318204,-0.9388173,0.11240473,344
1.0,6920.0,0.83799237,34600.0,0.94,0.20179488,0.07315252,-0.96584004,0.11236949,345
1.0,6940.0,0.8379894,34700.0,0.97,0.20179954,0.07312473,-0.9615471,0.112321384,346
1.0,6960.0,0.8379958,34800.0,0.95,0.20181446,0.07309898,-1.2392268,0.112336285,347
1.0,6980.0,0.8379814,34900.0,0.95,0.20181076,0.073075406,-0.97536695,0.11231934,348
1.0,7000.0,0.8379901,35000.0,0.96,0.20182042,0.073055215,-1.1212093,0.112337045,349
1.0,7020.0,0.8380025,35100.0,0.95,0.20181446,0.073048115,-1.0320114,0.112337865,350
1.0,7040.0,0.8380092,35200.0,0.96,0.201815,0.07301571,-1.1151865,0.11234863,351
1.0,7060.0,0.8380062,35300.0,0.93,0.20179853,0.07303541,-1.0602591,0.11233974,352
0.95,7080.0,0.8379998,35400.0,0.95,0.20180601,0.073030405,-1.2217982,0.11236401,353
0.95,7100.0,0.83800226,35500.0,0.98,0.20181179,0.0730018,-1.3165233,0.11238094,354
1.0,7120.0,0.83801794,35600.0,0.95,0.2018133,0.07299237,-1.0746382,0.11236954,355
1.0,7140.0,0.83801955,35700.0,0.96,0.2018163,0.0729642,-1.2935927,0.112356484,356
1.0,7160.0,0.83803296,35800.0,0.99,0.20180611,0.07293976,-1.0219592,0.112396,357
1.0,7180.0,0.83801895,35900.0,0.95,0.2017958,0.072919734,-0.7003856,0.11240981,358
1.0,7200.0,0.83800715,36000.0,0.96,0.20178221,0.07290741,-0.77061325,0.11240935,359
1.0,7220.0,0.83800083,36100.0,0.96,0.20177187,0.07289097,-1.0652643,0.112420395,360
1.0,7240.0,0.8380115,36200.0,0.96,0.20176943,0.072891,-1.2334073,0.112458356,361
1.0,7260.0,0.83800775,36300.0,0.94,0.20176923,0.07288443,-1.0831959,0.11247754,362
1.0,7280.0,0.83802253,36400.0,0.98,0.20177904,0.07286284,-1.0148395,0.11249007,363
1.0,7300.0,0.83802295,36500.0,0.94,0.20177957,0.072855756,-0.7715371,0.112480976,364
1.0,7320.0,0.8380247,36600.0,0.91,0.20179756,0.07285302,-1.3295357,0.11252025,365
0.95,7340.0,0.83803463,36700.0,0.96,0.2017908,0.07287121,-1.2833736,0.11255481,366
0.95,7360.0,0.8380398,36800.0,0.93,0.20179349,0.072848625,-1.5402617,0.112554416,367
1.0,7380.0,0.83804244,36900.0,0.95,0.20179485,0.072832055,-1.1603054,0.112602815,368
1.0,7400.0,0.8380577,37000.0,0.96,0.20180473,0.07280377,-1.2726709,0.11260974,369
1.0,7420.0,0.83806515,37100.0,0.93,0.20181528,0.0727855,-1.3056711,0.112613685,370
1.0,7440.0,0.83808225,37200.0,0.94,0.20181808,0.07278881,-1.0599906,0.11262181,371
1.0,7460.0,0.83808184,37300.0,0.95,0.20182289,0.07277219,-0.9286858,0.11262342,372
1.0,7480.0,0.83806276,37400.0,0.95,0.20183592,0.07274928,-1.1108221,0.11266866,373
1.0,7500.0,0.83805174,37500.0,0.95,0.20183745,0.072723754,-1.0253332,0.112692595,374
1.0,7520.0,0.83804154,37600.0,0.93,0.20183794,0.0727368,-1.1422399,0.11270186,375
1.0,7540.0,0.83804804,37700.0,0.96,0.20183429,0.072734796,-1.093645,0.11273887,376
1.0,7560.0,0.83805937,37800.0,0.98,0.20183025,0.072713405,-1.21999,0.11272866,377
0.95,7580.0,0.8380638,37900.0,0.98,0.20182635,0.07270818,-1.1940401,0.11273671,378
1.0,7600.0,0.83806545,38000.0,0.96,0.20182577,0.07270496,-1.116416,0.11272191,379
1.0,7620.0,0.8380789,38100.0,0.94,0.20182154,0.07271357,-1.1741893,0.11274776,380
1.0,7640.0,0.838106,38200.0,0.98,0.2018167,0.07271861,-0.884981,0.11275634,381
0.95,7660.0,0.8381045,38300.0,0.99,0.20182553,0.07269207,-1.1292176,0.112768345,382
1.0,7680.0,0.83810616,38400.0,0.96,0.20181946,0.072714515,-1.0347009,0.112763315,383
1.0,7700.0,0.8381016,38500.0,0.96,0.20181838,0.07268823,-0.9886284,0.112742774,384
1.0,7720.0,0.83810306,38600.0,0.92,0.20180473,0.07267341,-0.84077054,0.1127542,385
1.0,7740.0,0.8381099,38700.0,0.9,0.20181948,0.072679944,-1.1620768,0.11276745,386
1.0,7760.0,0.83810616,38800.0,0.97,0.20180614,0.07265624,-1.2082962,0.11275016,387
1.0,7780.0,0.83812195,38900.0,0.97,0.20179707,0.07263034,-0.9795495,0.11274541,388
1.0,7800.0,0.8381255,39000.0,0.94,0.2017892,0.07264932,-0.94736546,0.11277839,389
1.0,7820.0,0.8381233,39100.0,0.97,0.20177785,0.07262401,-1.0680041,0.11278222,390
1.0,7840.0,0.8381319,39200.0,0.95,0.20178466,0.07260711,-1.2964274,0.11282059,391
1.0,7860.0,0.8381317,39300.0,0.96,0.20178527,0.072595626,-0.6141583,0.11281282,392
1.0,7880.0,0.8381228,39400.0,0.97,0.20179348,0.07256947,-0.68543845,0.11279996,393
1.0,7900.0,0.8381311,39500.0,0.94,0.20179874,0.072538905,-0.92815626,0.112814404,394
1.0,7920.0,0.83813643,39600.0,0.97,0.2018005,0.07251679,-1.1682647,0.112788804,395
1.0,7940.0,0.8381333,39700.0,0.94,0.20180213,0.072497435,-1.0572689,0.112796165,396
1.0,7960.0,0.8381441,39800.0,0.93,0.20182423,0.07249356,-0.7784888,0.11282952,397
1.0,7980.0,0.8381621,39900.0,0.93,0.20183152,0.07249141,-0.94279414,0.11285614,398
1.0,8000.0,0.8381565,40000.0,0.99,0.2018379,0.0724841,-1.1969844,0.1128827,399
1.0,8020.0,0.8381528,40100.0,0.92,0.20182878,0.07246449,-1.0077208,0.1129231,400
0.95,8040.0,0.8381466,40200.0,0.96,0.20181158,0.07244485,-1.9643085,0.1129362,401
1.0,8060.0,0.8381543,40300.0,0.96,0.20180278,0.072428085,-0.9949978,0.11292705,402
0.95,8080.0,0.83814335,40400.0,0.96,0.20179094,0.07242807,-1.2588468,0.11292142,403
1.0,8100.0,0.83814913,40500.0,0.96,0.2017823,0.07241679,-0.83890754,0.1129412,404
1.0,8120.0,0.8381483,40600.0,0.95,0.20177935,0.07239867,-0.95834625,0.11292583,405
1.0,8140.0,0.8381342,40700.0,0.95,0.2017766,0.072373636,-0.9230441,0.1129567,406
1.0,8160.0,0.8381545,40800.0,0.95,0.20176241,0.072357215,-1.2450311,0.1129773,407
1.0,8180.0,0.83816695,40900.0,0.95,0.20176692,0.07233819,-0.9369453,0.112991735,408
0.95,8200.0,0.83816606,41000.0,0.97,0.20177996,0.07231191,-2.3581872,0.11300602,409
1.0,8220.0,0.8381686,41100.0,0.98,0.20175496,0.072286464,-0.785519,0.11300371,410
0.95,8240.0,0.8381632,41200.0,0.92,0.20175274,0.07231732,-1.1706611,0.11300496,411
1.0,8260.0,0.8381613,41300.0,0.97,0.20175457,0.07230214,-1.1467247,0.113012664,412
1.0,8280.0,0.8381638,41400.0,0.93,0.20174617,0.07227765,-1.0279833,0.11300094,413
0.95,8300.0,0.83815783,41500.0,0.95,0.20174152,0.07226266,-1.1288704,0.113008946,414
1.0,8320.0,0.8381613,41600.0,0.95,0.20173925,0.072256416,-1.0552957,0.1130259,415
1.0,8340.0,0.8381625,41700.0,0.94,0.2017301,0.07226149,-1.0671827,0.113023825,416
1.0,8360.0,0.8381564,41800.0,0.96,0.20174095,0.07223794,-1.3359612,0.11303824,417
1.0,8380.0,0.83816934,41900.0,0.96,0.20173173,0.07221294,-1.057964,0.11306735,418
1.0,8400.0,0.8381764,42000.0,0.97,0.20172895,0.07220555,-1.2114323,0.113051325,419
1.0,8420.0,0.83816725,42100.0,0.94,0.2017224,0.07218043,-1.1340164,0.11303176,420
1.0,8440.0,0.8381648,42200.0,0.91,0.20171623,0.072201915,-0.7811369,0.11303814,421
1.0,8460.0,0.8381679,42300.0,0.95,0.20170979,0.07217469,-1.2144477,0.11303981,422
1.0,8480.0,0.83815217,42400.0,0.99,0.2016998,0.07215539,-0.80057335,0.11305447,423
1.0,8500.0,0.8381355,42500.0,0.94,0.20170225,0.07216603,-1.2008579,0.113070086,424
1.0,8520.0,0.8381443,42600.0,0.98,0.20170961,0.07214072,-0.99185026,0.11309594,425
1.0,8540.0,0.8381283,42700.0,0.95,0.2017198,0.072134174,-1.1912678,0.113077536,426
1.0,8560.0,0.8381219,42800.0,0.99,0.20172036,0.072105296,-1.1943499,0.1130581,427
1.0,8580.0,0.83812284,42900.0,0.97,0.20173691,0.07210821,-1.2339709,0.11309182,428
1.0,8600.0,0.8381107,43000.0,0.96,0.20175299,0.07209084,-0.75160795,0.113113396,429
1.0,8620.0,0.8381119,43100.0,0.94,0.2017573,0.072069,-0.9561798,0.11312728,430
1.0,8640.0,0.8381214,43200.0,0.97,0.20175867,0.07207138,-0.73084134,0.11315733,431
1.0,8660.0,0.83812505,43300.0,0.94,0.20174962,0.07205382,-0.82431144,0.11316365,432
1.0,8680.0,0.8381255,43400.0,0.94,0.2017476,0.07208161,-0.9956077,0.113177024,433
1.0,8700.0,0.8381157,43500.0,0.97,0.20174026,0.072062366,-1.0398366,0.11319219,434
1.0,8720.0,0.8381272,43600.0,0.95,0.20174181,0.072060265,-1.1669887,0.11319342,435
1.0,8740.0,0.83813256,43700.0,0.98,0.20173392,0.072029434,-1.0032178,0.1131956,436
1.0,8760.0,0.83813906,43800.0,0.98,0.2017394,0.07200559,-1.3508222,0.113214195,437
1.0,8780.0,0.8381365,43900.0,0.98,0.20175074,0.07198324,-1.1464784,0.11322198,438
1.0,8800.0,0.83814436,44000.0,0.94,0.20175898,0.071979664,-1.114866,0.113274544,439
1.0,8820.0,0.83814496,44100.0,0.95,0.20175484,0.07195904,-1.017925,0.11327219,440
1.0,8840.0,0.8381441,44200.0,0.96,0.20175101,0.07195752,-0.96974355,0.11328563,441
1.0,8860.0,0.83814454,44300.0,0.96,0.2017457,0.0719292,-1.0178796,0.113271005,442
1.0,8880.0,0.83814687,44400.0,0.94,0.20174396,0.07190848,-1.1373785,0.11327126,443
1.0,8900.0,0.83814746,44500.0,0.97,0.20174828,0.0718971,-0.9517649,0.11327618,444
1.0,8920.0,0.8381467,44600.0,0.93,0.20173815,0.07190109,-0.96027696,0.11332074,445
1.0,8940.0,0.8381627,44700.0,0.96,0.20173903,0.071899526,-1.0035355,0.11331012,446
1.0,8960.0,0.8381718,44800.0,0.96,0.20174624,0.07190357,-1.1338091,0.11329461,447
0.95,8980.0,0.8381645,44900.0,0.97,0.20174673,0.07188455,-1.0309356,0.11329095,448
1.0,9000.0,0.8381557,45000.0,0.94,0.2017375,0.07187007,-1.0752556,0.11328584,449
1.0,9020.0,0.8381505,45100.0,0.93,0.2017406,0.07186297,-0.93043965,0.11327089,450
1.0,9040.0,0.83816475,45200.0,0.94,0.20176294,0.07189075,-0.88901675,0.11328446,451
1.0,9060.0,0.8381588,45300.0,0.96,0.20175953,0.071881115,-0.8705894,0.11330264,452
1.0,9080.0,0.83816177,45400.0,0.95,0.20175292,0.07185624,-1.2456896,0.11330149,453
1.0,9100.0,0.8381644,45500.0,0.99,0.201753,0.07184571,-1.0841594,0.11330379,454
1.0,9120.0,0.8381667,45600.0,0.96,0.20175326,0.07184284,-1.0550053,0.113325045,455
1.0,9140.0,0.8381745,45700.0,0.95,0.20175552,0.071830094,-1.0860302,0.11336535,456
1.0,9160.0,0.8381686,45800.0,0.91,0.2017508,0.07182917,-1.1640332,0.11337396,457
1.0,9180.0,0.8381617,45900.0,0.95,0.20175347,0.071801834,-1.2719095,0.11338962,458
1.0,9200.0,0.838177,46000.0,0.99,0.20175019,0.07177899,-0.85830224,0.113354005,459
1.0,9220.0,0.8381651,46100.0,0.96,0.20175193,0.07176858,-1.2437077,0.11334885,460
0.95,9240.0,0.83816546,46200.0,0.95,0.20176534,0.07177931,-2.2238536,0.11337504,461
1.0,9260.0,0.8381749,46300.0,0.96,0.20175938,0.071761005,-1.0204179,0.113366134,462
1.0,9280.0,0.8381679,46400.0,0.96,0.20175493,0.071758986,-0.9744848,0.113355786,463
1.0,9300.0,0.8381679,46500.0,0.96,0.20175566,0.07176847,-1.0224053,0.113359936,464
1.0,9320.0,0.83817536,46600.0,0.96,0.20176215,0.071755596,-1.0990881,0.113358565,465
1.0,9340.0,0.8381677,46700.0,0.89,0.20176533,0.07173718,-1.1686723,0.1133624,466
1.0,9360.0,0.83817816,46800.0,0.94,0.20175749,0.0717234,-1.0525255,0.11335082,467
1.0,9380.0,0.838188,46900.0,0.94,0.20174962,0.071720146,-0.64124733,0.113379754,468
1.0,9400.0,0.8381801,47000.0,0.89,0.20173016,0.0717688,-1.4309295,0.1134149,469
1.0,9420.0,0.8381761,47100.0,0.97,0.2017235,0.07176416,-0.9302928,0.11342302,470
1.0,9440.0,0.83818394,47200.0,0.97,0.20172814,0.07175525,-0.8312782,0.1134195,471
1.0,9460.0,0.83817774,47300.0,0.94,0.20174128,0.071767814,-0.9609504,0.11342755,472
1.0,9480.0,0.8381796,47400.0,0.94,0.20174547,0.07179894,-1.3136514,0.1134471,473
1.0,9500.0,0.8381808,47500.0,0.96,0.2017396,0.07177628,-1.1285206,0.11342273,474
0.95,9520.0,0.8381699,47600.0,0.97,0.20173688,0.071758516,-1.2591301,0.11341407,475
1.0,9540.0,0.83817357,47700.0,0.96,0.20174263,0.071757235,-0.94411486,0.1134151,476
1.0,9560.0,0.8381633,47800.0,0.94,0.20174396,0.07177628,-1.0571293,0.11344273,477
1.0,9580.0,0.838171,47900.0,0.96,0.20174837,0.07177421,-1.2255048,0.11343524,478
1.0,9600.0,0.8381743,48000.0,0.97,0.20175663,0.07175443,-0.7592837,0.11344178,479
0.9,9620.0,0.8381734,48100.0,0.96,0.20175806,0.07175403,-1.072925,0.113423176,480
1.0,9640.0,0.83818334,48200.0,0.93,0.2017583,0.071749724,-1.0530474,0.11342526,481
1.0,9660.0,0.8381846,48300.0,0.92,0.20176104,0.071742155,-1.1498206,0.11341138,482
1.0,9680.0,0.8381786,48400.0,0.98,0.20177323,0.07172598,-0.8750868,0.11339498,483
1.0,9700.0,0.83816963,48500.0,0.98,0.20175901,0.071726434,-1.0659916,0.11342015,484
0.85,9720.0,0.83815736,48600.0,0.94,0.20174651,0.071742006,-4.040923,0.113428995,485
1.0,9740.0,0.83816046,48700.0,0.94,0.2017349,0.071735404,-1.0151547,0.11345954,486
1.0,9760.0,0.83814645,48800.0,0.95,0.20173483,0.071736746,-0.9373447,0.113471135,487
1.0,9780.0,0.8381321,48900.0,0.94,0.20173153,0.0717294,-0.8193509,0.11344627,488
0.95,9800.0,0.8381331,49000.0,0.94,0.20173377,0.071742244,-2.3362164,0.11345144,489
0.95,9820.0,0.8381354,49100.0,0.95,0.20174113,0.07171822,-2.8077965,0.11344693,490
1.0,9840.0,0.8381231,49200.0,0.98,0.20173745,0.07171917,-1.1481048,0.113467395,491
1.0,9860.0,0.838104,49300.0,0.96,0.20173964,0.071706586,-0.94229764,0.113474,492
1.0,9880.0,0.83812135,49400.0,0.96,0.20175116,0.07168898,-0.81609935,0.11347619,493
1.0,9900.0,0.8381358,49500.0,0.97,0.2017545,0.071669735,-0.7284275,0.11349253,494
0.95,9920.0,0.838125,49600.0,0.93,0.20175797,0.07166488,-1.0789115,0.11349248,495
1.0,9940.0,0.8381321,49700.0,0.92,0.20176296,0.07167296,-0.82685053,0.11347907,496
0.95,9960.0,0.83814526,49800.0,0.94,0.2017725,0.07167093,-3.0181465,0.1135052,497
1.0,9980.0,0.8381414,49900.0,0.95,0.20176588,0.07166838,-0.8385838,0.11351385,498
1.0,10000.0,0.83813304,50000.0,0.95,0.2017741,0.07167422,-1.3453859,0.113540925,499
1.0,10020.0,0.8381357,50100.0,0.91,0.2017733,0.07167429,-1.1872712,0.11355205,500
0.95,10040.0,0.83813715,50200.0,0.95,0.2017758,0.07166063,-1.2543929,0.113543175,501
1.0,10060.0,0.8381376,50300.0,0.92,0.2017801,0.071651325,-0.93137884,0.11355407,502
1.0,10080.0,0.8381265,50400.0,0.93,0.20177287,0.07165422,-0.8565796,0.11357089,503
1.0,10100.0,0.8381265,50500.0,0.93,0.20177956,0.07165419,-0.99128723,0.11359544,504
1.0,10120.0,0.8381386,50600.0,0.94,0.20178425,0.071637414,-0.7331921,0.11362396,505
1.0,10140.0,0.83814687,50700.0,0.96,0.20178878,0.07162353,-1.0325491,0.11362696,506
1.0,10160.0,0.8381404,50800.0,0.97,0.20178317,0.07161439,-0.97407323,0.11361547,507
1.0,10180.0,0.83813834,50900.0,0.96,0.20178825,0.07159472,-0.8145159,0.113615714,508
1.0,10200.0,0.8381489,51000.0,0.97,0.20178248,0.07159261,-1.0561082,0.113598794,509
1.0,10220.0,0.8381378,51100.0,0.93,0.20177808,0.071601816,-1.0303501,0.11361466,510
1.0,10240.0,0.83813065,51200.0,0.93,0.20178068,0.071614794,-1.2296529,0.11363952,511
1.0,10260.0,0.8381334,51300.0,0.94,0.20178251,0.07162335,-1.2991587,0.11366842,512
1.0,10280.0,0.8381296,51400.0,0.96,0.2017682,0.07160934,-1.1118282,0.11367951,513
1.0,10300.0,0.83812857,51500.0,0.95,0.20176981,0.07158862,-0.75975645,0.113688804,514
1.0,10320.0,0.8381369,51600.0,0.98,0.20177005,0.07157206,-1.0235546,0.11369477,515
1.0,10340.0,0.8381419,51700.0,0.97,0.20176934,0.071563266,-1.0965867,0.11369399,516
1.0,10360.0,0.83814245,51800.0,0.92,0.20176359,0.071564056,-1.2220744,0.11368745,517
1.0,10380.0,0.8381383,51900.0,0.94,0.20176828,0.07156364,-1.1352656,0.11368519,518
1.0,10400.0,0.8381448,52000.0,0.94,0.2017758,0.07156387,-1.313045,0.113663934,519
1.0,10420.0,0.8381377,52100.0,0.94,0.20178586,0.07156915,-1.157418,0.11368371,520
1.0,10440.0,0.8381365,52200.0,0.93,0.2017956,0.07156306,-0.7466171,0.11370108,521
1.0,10460.0,0.8381286,52300.0,0.96,0.20180172,0.071549706,-1.2092749,0.11372179,522
1.0,10480.0,0.8381178,52400.0,0.97,0.20180179,0.071541026,-0.93855095,0.11374358,523
1.0,10500.0,0.838116,52500.0,0.95,0.20179988,0.07154522,-1.1100442,0.1137707,524
1.0,10520.0,0.83812195,52600.0,0.98,0.2018035,0.07152484,-0.84463245,0.11376797,525
1.0,10540.0,0.83812195,52700.0,0.92,0.2018055,0.071533404,-1.045861,0.11377114,526
1.0,10560.0,0.8381229,52800.0,0.98,0.20180516,0.07151785,-1.0440202,0.11377566,527
1.0,10580.0,0.83813363,52900.0,0.96,0.20182598,0.071500234,-1.0910571,0.113787144,528
1.0,10600.0,0.8381334,53000.0,0.95,0.20181929,0.07151537,-0.96514666,0.11379125,529
1.0,10620.0,0.8381397,53100.0,0.98,0.20182134,0.07150208,-1.1737579,0.11379688,530
1.0,10640.0,0.83812934,53200.0,0.96,0.20182995,0.07149347,-1.0188947,0.11380777,531
1.0,10660.0,0.8381074,53300.0,0.95,0.2018243,0.071496285,-1.2625417,0.11384845,532
0.95,10680.0,0.8381057,53400.0,0.96,0.20181991,0.07149579,-1.1523721,0.11383653,533
1.0,10700.0,0.8381106,53500.0,0.96,0.20180656,0.07150236,-1.0408845,0.11384265,534
1.0,10720.0,0.83810765,53600.0,0.97,0.20180616,0.07149843,-0.8623334,0.11383403,535
1.0,10740.0,0.8381168,53700.0,0.94,0.20180635,0.07150145,-1.2222447,0.11385703,536
0.95,10760.0,0.8381121,53800.0,0.91,0.2018025,0.0714875,-1.2461462,0.113864526,537
1.0,10780.0,0.8381087,53900.0,0.97,0.20179822,0.07147339,-1.1868649,0.11387519,538
1.0,10800.0,0.8381066,54000.0,0.97,0.20178868,0.07146659,-1.138121,0.11386054,539
0.95,10820.0,0.8381173,54100.0,0.92,0.20180078,0.07147288,-1.3135405,0.11387097,540
1.0,10840.0,0.83811116,54200.0,0.94,0.20180553,0.071479924,-0.84269345,0.11387627,541
1.0,10860.0,0.8381141,54300.0,0.93,0.20180558,0.07146433,-0.66275716,0.11385753,542
1.0,10880.0,0.83811456,54400.0,0.94,0.20180173,0.07145267,-1.0506127,0.11384944,543
1.0,10900.0,0.83811945,54500.0,0.96,0.20180349,0.07143352,-1.2106892,0.11384961,544
1.0,10920.0,0.8381131,54600.0,0.95,0.20180859,0.071452454,-0.85290843,0.11385026,545
1.0,10940.0,0.8381147,54700.0,0.95,0.2018124,0.071439214,-0.99839413,0.11385924,546
1.0,10960.0,0.83810836,54800.0,0.99,0.20182079,0.07142671,-1.1852254,0.113864966,547
1.0,10980.0,0.83810633,54900.0,0.96,0.2018208,0.07143031,-0.818824,0.11386305,548
1.0,11000.0,0.8381071,55000.0,0.94,0.20181817,0.071447276,-1.2761426,0.113853976,549
1.0,11020.0,0.8381013,55100.0,0.99,0.2018179,0.07143054,-1.0043738,0.11386792,550
1.0,11040.0,0.83810616,55200.0,0.93,0.20182256,0.07141835,-1.1574361,0.113868885,551
1.0,11060.0,0.8380924,55300.0,0.97,0.20182224,0.07142611,-0.90246487,0.11387929,552
1.0,11080.0,0.83810276,55400.0,0.97,0.20181975,0.07142911,-0.96515083,0.11389276,553
1.0,11100.0,0.8380931,55500.0,0.95,0.20181996,0.071413636,-1.1074882,0.113864906,554
1.0,11120.0,0.83809114,55600.0,0.96,0.20181458,0.07139959,-1.0870694,0.11387296,555
1.0,11140.0,0.8380944,55700.0,0.94,0.201824,0.071386434,-0.91925764,0.11386279,556
1.0,11160.0,0.83809656,55800.0,0.96,0.20182237,0.07140609,-1.1755773,0.11385968,557
1.0,11180.0,0.8380987,55900.0,0.96,0.20182343,0.0714323,-1.1484929,0.113877766,558
1.0,11200.0,0.8380919,56000.0,0.94,0.20182201,0.07141522,-1.1552298,0.11387683,559
1.0,11220.0,0.8381006,56100.0,0.97,0.2018319,0.07140326,-0.93852603,0.11388471,560
1.0,11240.0,0.83811116,56200.0,0.96,0.20183952,0.07140265,-1.03364,0.11386876,561
1.0,11260.0,0.8381067,56300.0,0.97,0.20182945,0.07138299,-0.8304942,0.11387504,562
0.95,11280.0,0.838106,56400.0,0.94,0.20182852,0.07138006,-0.8338305,0.11388006,563
1.0,11300.0,0.83809376,56500.0,0.98,0.20183586,0.07136718,-1.0267407,0.113883555,564
1.0,11320.0,0.8381107,56600.0,0.98,0.20184524,0.07136563,-1.0689783,0.113889195,565
1.0,11340.0,0.83811194,56700.0,0.93,0.20185389,0.071352385,-0.95829237,0.1138942,566
1.0,11360.0,0.8381205,56800.0,0.94,0.2018632,0.07134273,-1.0395477,0.11388965,567
0.95,11380.0,0.8381085,56900.0,0.93,0.20185928,0.071338676,-1.2524937,0.11389232,568
1.0,11400.0,0.83809495,57000.0,0.93,0.20186251,0.071349666,-1.13178,0.113888234,569
1.0,11420.0,0.8380842,57100.0,0.96,0.20186664,0.07134464,-0.88879585,0.11389112,570
1.0,11440.0,0.83807594,57200.0,0.91,0.20187473,0.07134409,-0.7957306,0.11388267,571
1.0,11460.0,0.8380801,57300.0,0.91,0.20187683,0.07136736,-1.0520273,0.1138913,572
1.0,11480.0,0.8380775,57400.0,0.94,0.20187867,0.07135924,-0.8150236,0.11387456,573
1.0,11500.0,0.83808607,57500.0,0.94,0.20189062,0.07135988,-0.91514224,0.113883674,574
1.0,11520.0,0.83808655,57600.0,0.95,0.20189612,0.07136377,-1.0943674,0.11386926,575
1.0,11540.0,0.8380828,57700.0,0.97,0.20189363,0.07134586,-0.9682806,0.11388819,576
1.0,11560.0,0.8380764,57800.0,0.94,0.2018949,0.071352206,-0.9378673,0.11388547,577
1.0,11580.0,0.8380769,57900.0,0.96,0.2018994,0.07133933,-1.1679256,0.11389909,578
1.0,11600.0,0.83806753,58000.0,0.92,0.20189835,0.07133963,-1.1076833,0.113928825,579
1.0,11620.0,0.83806735,58100.0,0.97,0.20189708,0.071343794,-1.163029,0.113918394,580
1.0,11640.0,0.83805585,58200.0,0.98,0.20189756,0.07132637,-0.878459,0.11393466,581
1.0,11660.0,0.8380738,58300.0,0.93,0.20189732,0.0713276,-0.8761945,0.113922946,582
1.0,11680.0,0.838074,58400.0,0.98,0.20189829,0.07131626,-1.43418,0.11393397,583
1.0,11700.0,0.8380893,58500.0,0.96,0.2019032,0.07129917,-1.129884,0.113926455,584
1.0,11720.0,0.8380936,58600.0,0.95,0.20190881,0.071307145,-1.0762202,0.113929234,585
1.0,11740.0,0.8381002,58700.0,0.98,0.2019145,0.07129533,-1.0383949,0.113920204,586
1.0,11760.0,0.8381057,58800.0,0.97,0.20191981,0.07127973,-0.9420806,0.11391811,587
1.0,11780.0,0.83810735,58900.0,0.96,0.20191838,0.0712678,-1.0681325,0.11391489,588
1.0,11800.0,0.83810884,59000.0,0.94,0.20191744,0.071259186,-0.9329044,0.11392865,589
1.0,11820.0,0.8381071,59100.0,0.95,0.20191813,0.07124523,-1.3175087,0.1139243,590
1.0,11840.0,0.8381085,59200.0,0.92,0.20192842,0.071290866,-1.0005906,0.11394089,591
0.95,11860.0,0.83811474,59300.0,0.95,0.20193528,0.07131574,-1.0444185,0.11394933,592
1.0,11880.0,0.8381243,59400.0,0.97,0.20193793,0.071301036,-1.3256861,0.11394927,593
1.0,11900.0,0.8381145,59500.0,0.97,0.20193319,0.07129934,-0.8777609,0.113956854,594
1.0,11920.0,0.83811647,59600.0,0.99,0.20193146,0.07130032,-0.9028686,0.11394633,595
1.0,11940.0,0.8381166,59700.0,0.99,0.20192821,0.07128422,-1.2526969,0.11393651,596
1.0,11960.0,0.8381161,59800.0,0.99,0.20192523,0.07127469,-1.0493535,0.11392596,597
1.0,11980.0,0.838118,59900.0,0.97,0.20193152,0.071276024,-0.9534963,0.113946,598
1.0,12000.0,0.8381102,60000.0,0.95,0.201929,0.07128154,-1.2145752,0.11396344,599
1.0,12020.0,0.83811706,60100.0,0.9,0.20192955,0.07126908,-1.1411654,0.11395911,600
1.0,12040.0,0.83812326,60200.0,0.97,0.20194197,0.07125562,-1.2954366,0.11395673,601
1.0,12060.0,0.8381133,60300.0,0.93,0.20194072,0.071259655,-0.93154514,0.11396697,602
1.0,12080.0,0.83812624,60400.0,0.99,0.2019408,0.07125045,-0.8179819,0.11396912,603
1.0,12100.0,0.83813137,60500.0,0.97,0.2019434,0.07123739,-1.0798019,0.11396729,604
1.0,12120.0,0.8381298,60600.0,0.96,0.20194365,0.07123893,-1.4959681,0.113972224,605
1.0,12140.0,0.8381304,60700.0,0.95,0.20194703,0.071238615,-1.1027448,0.11397944,606
1.0,12160.0,0.8381274,60800.0,0.92,0.2019525,0.07122577,-0.9381644,0.113979466,607
1.0,12180.0,0.8381307,60900.0,0.94,0.20194979,0.07120738,-1.186621,0.11397145,608
0.95,12200.0,0.8381279,61000.0,0.93,0.20194992,0.071209356,-2.2820423,0.1139827,609
1.0,12220.0,0.8381293,61100.0,0.93,0.20195666,0.07122024,-0.75426984,0.11398088,610
1.0,12240.0,0.83812827,61200.0,0.96,0.201947,0.07120491,-0.9076832,0.11399333,611
1.0,12260.0,0.8381277,61300.0,0.92,0.20195061,0.07119178,-0.92377436,0.11399075,612
1.0,12280.0,0.8381274,61400.0,0.95,0.20195827,0.07118324,-0.838456,0.113995686,613
1.0,12300.0,0.8381228,61500.0,0.94,0.20196621,0.07117297,-0.9891609,0.113980316,614
1.0,12320.0,0.8381159,61600.0,0.95,0.20196532,0.07119402,-0.9551446,0.11399757,615
1.0,12340.0,0.8381222,61700.0,0.93,0.20196678,0.07119385,-1.3405116,0.11400127,616
1.0,12360.0,0.8381327,61800.0,0.97,0.20196839,0.07118366,-1.1821651,0.11399408,617
1.0,12380.0,0.8381372,61900.0,0.91,0.2019744,0.0711781,-0.96533835,0.11400478,618
0.95,12400.0,0.8381393,62000.0,0.96,0.201963,0.071163855,-1.5216159,0.114014424,619
1.0,12420.0,0.8381384,62100.0,0.92,0.20197275,0.07115538,-0.9412243,0.11401929,620
1.0,12440.0,0.8381404,62200.0,0.93,0.20197785,0.07114231,-1.4373939,0.11401336,621
1.0,12460.0,0.83814377,62300.0,0.91,0.20198303,0.071140185,-1.1358013,0.1139981,622
1.0,12480.0,0.83813316,62400.0,0.95,0.20198046,0.071143255,-1.002625,0.11400778,623
1.0,12500.0,0.83813,62500.0,0.98,0.20198475,0.07112923,-0.9603388,0.11400009,624
1.0,12520.0,0.83813286,62600.0,0.93,0.20198727,0.07113137,-1.0599715,0.11398963,625
0.9,12540.0,0.8381329,62700.0,0.96,0.20199072,0.07112925,-2.1068826,0.11399167,626
1.0,12560.0,0.83812875,62800.0,0.97,0.20198633,0.07112199,-1.0074102,0.11401,627
1.0,12580.0,0.8381143,62900.0,0.92,0.20197697,0.071135625,-1.0224022,0.11401953,628
1.0,12600.0,0.83811593,63000.0,0.93,0.20198195,0.07114473,-1.00686,0.114041984,629
1.0,12620.0,0.8381302,63100.0,0.95,0.2019829,0.07114432,-0.99662006,0.11404572,630
0.9,12640.0,0.8381317,63200.0,0.94,0.20198476,0.071131796,-1.636088,0.11401734,631
1.0,12660.0,0.8381316,63300.0,0.95,0.20199305,0.07111957,-0.9253632,0.114012934,632
1.0,12680.0,0.83813614,63400.0,0.91,0.202005,0.07113959,-1.1557157,0.11403006,633
1.0,12700.0,0.83813447,63500.0,0.97,0.20200415,0.07113622,-0.98172426,0.11404733,634
1.0,12720.0,0.83813494,63600.0,0.92,0.20201077,0.071129434,-0.96502227,0.114056654,635
1.0,12740.0,0.8381367,63700.0,0.95,0.20200413,0.0711129,-1.2108911,0.11406356,636
1.0,12760.0,0.8381465,63800.0,0.93,0.20200333,0.07112927,-1.0927012,0.11406003,637
1.0,12780.0,0.8381408,63900.0,0.95,0.20201115,0.071120344,-1.0013485,0.11408785,638
1.0,12800.0,0.83813244,64000.0,0.97,0.20200479,0.07111719,-0.98488665,0.114075534,639
1.0,12820.0,0.83813995,64100.0,0.96,0.20200105,0.07110342,-0.95653933,0.11406749,640
1.0,12840.0,0.83813596,64200.0,0.97,0.20200622,0.07109056,-1.0466365,0.11406987,641
1.0,12860.0,0.8381389,64300.0,0.97,0.20200723,0.071105145,-1.0735235,0.11407628,642
1.0,12880.0,0.8381428,64400.0,0.95,0.20200378,0.07110052,-0.8889362,0.11406629,643
1.0,12900.0,0.83813596,64500.0,0.98,0.2020098,0.07109893,-0.89117414,0.114037655,644
1.0,12920.0,0.8381402,64600.0,0.96,0.20201431,0.071111985,-1.2096411,0.11405713,645
1.0,12940.0,0.83813125,64700.0,0.97,0.20201614,0.071111,-0.81339806,0.11407903,646
1.0,12960.0,0.8381324,64800.0,0.97,0.2020184,0.07110124,-1.3324246,0.114088066,647
1.0,12980.0,0.83814234,64900.0,0.95,0.20201807,0.07108953,-0.84180003,0.1140651,648
1.0,13000.0,0.8381501,65000.0,0.96,0.20202753,0.071076535,-1.0756645,0.114054464,649
1.0,13020.0,0.83815044,65100.0,0.96,0.2020325,0.07108522,-1.2544929,0.114070676,650
1.0,13040.0,0.83815,65200.0,0.96,0.20203,0.07108754,-0.6757869,0.11407283,651
1.0,13060.0,0.8381488,65300.0,0.99,0.20202924,0.071075894,-1.0800645,0.114066966,652
1.0,13080.0,0.83814806,65400.0,0.97,0.202027,0.07107539,-1.019178,0.11406455,653
1.0,13100.0,0.8381478,65500.0,0.94,0.20203088,0.07107616,-0.90780556,0.11406395,654
0.95,13120.0,0.8381591,65600.0,0.89,0.20203283,0.07106144,-0.8479415,0.11406596,655
1.0,13140.0,0.8381605,65700.0,0.96,0.20203617,0.07105039,-1.1854839,0.114063956,656
0.95,13160.0,0.8381656,65800.0,0.93,0.20204619,0.07104615,-1.03439,0.114056915,657
1.0,13180.0,0.83816385,65900.0,0.96,0.20204422,0.0710369,-1.0091126,0.11404399,658
1.0,13200.0,0.83815986,66000.0,0.97,0.2020434,0.07103585,-0.93395483,0.11407617,659
1.0,13220.0,0.83817226,66100.0,0.96,0.20205155,0.07102575,-1.105768,0.114055976,660
1.0,13240.0,0.83816296,66200.0,0.98,0.20205502,0.07101788,-0.9387722,0.11405232,661
1.0,13260.0,0.8381756,66300.0,0.97,0.2020555,0.07100426,-0.8852743,0.11405911,662
0.9,13280.0,0.8381748,66400.0,0.97,0.20205389,0.07101213,-2.1739373,0.11405263,663
1.0,13300.0,0.8381762,66500.0,0.98,0.20206058,0.07101636,-0.9829996,0.11405908,664
0.95,13320.0,0.8381772,66600.0,0.95,0.20205411,0.0710104,-0.94591665,0.114062816,665
1.0,13340.0,0.8381793,66700.0,0.98,0.20205878,0.07102051,-0.9134022,0.11408212,666
1.0,13360.0,0.83818024,66800.0,0.97,0.20207132,0.07101487,-0.8771914,0.11408742,667
1.0,13380.0,0.83818585,66900.0,0.95,0.20207433,0.07101451,-0.8330898,0.11407843,668
1.0,13400.0,0.8381842,67000.0,0.99,0.2020776,0.07101805,-0.87259233,0.11408189,669
1.0,13420.0,0.83818465,67100.0,0.93,0.20207691,0.07101095,-1.035248,0.11407795,670
1.0,13440.0,0.83818406,67200.0,0.95,0.20207222,0.070995465,-1.0483499,0.11407996,671
1.0,13460.0,0.8381922,67300.0,0.93,0.20207621,0.07099555,-1.0051827,0.11409827,672
1.0,13480.0,0.8381937,67400.0,0.94,0.20207746,0.07098957,-0.6171679,0.11411571,673
1.0,13500.0,0.8381903,67500.0,0.97,0.20207703,0.07097257,-0.8727608,0.114110254,674
1.0,13520.0,0.83818895,67600.0,0.95,0.20208094,0.070972346,-1.1024827,0.11409612,675
1.0,13540.0,0.83820087,67700.0,0.93,0.20208173,0.070982106,-0.9048356,0.11410352,676
0.95,13560.0,0.83820206,67800.0,0.98,0.20208053,0.070989825,-0.89617187,0.11410567,677
1.0,13580.0,0.8381973,67900.0,0.97,0.20208508,0.070978455,-1.001437,0.1140991,678
1.0,13600.0,0.83819526,68000.0,0.98,0.20208488,0.07097835,-1.1838958,0.11409686,679
1.0,13620.0,0.8381913,68100.0,0.96,0.20208275,0.07097936,-0.8681266,0.11408772,680
1.0,13640.0,0.83819133,68200.0,0.92,0.20208536,0.07097725,-1.0917515,0.11407647,681
1.0,13660.0,0.8381987,68300.0,0.96,0.20208845,0.07098202,-1.0343864,0.11407878,682
1.0,13680.0,0.838209,68400.0,0.94,0.20209001,0.07097168,-0.9354652,0.11407931,683
1.0,13700.0,0.8382139,68500.0,0.97,0.2020915,0.07096572,-0.80810195,0.1140835,684
1.0,13720.0,0.838212,68600.0,0.94,0.20209189,0.07095831,-0.8652684,0.114079565,685
1.0,13740.0,0.8382115,68700.0,0.93,0.20208529,0.070951894,-1.0257692,0.11409094,686
1.0,13760.0,0.83821553,68800.0,0.94,0.20208415,0.07095214,-1.0720544,0.11409621,687
1.0,13780.0,0.838223,68900.0,0.98,0.20208183,0.07094218,-1.2558656,0.114075534,688
1.0,13800.0,0.8382147,69000.0,0.95,0.20209423,0.070929736,-0.98456097,0.11409596,689
0.95,13820.0,0.83821934,69100.0,0.99,0.20210123,0.07092596,-1.1491789,0.114101686,690
1.0,13840.0,0.8382239,69200.0,0.96,0.20210056,0.07091427,-1.0875697,0.11409225,691
1.0,13860.0,0.83822256,69300.0,0.96,0.20210448,0.07089988,-0.96468925,0.11410949,692
1.0,13880.0,0.83821946,69400.0,0.94,0.20209867,0.070903204,-1.1691744,0.11411625,693
1.0,13900.0,0.83822995,69500.0,0.93,0.20210157,0.07091232,-1.1010678,0.114117414,694
1.0,13920.0,0.83822966,69600.0,0.96,0.20209669,0.07090565,-1.1056764,0.114132494,695
1.0,13940.0,0.8382284,69700.0,0.97,0.20209372,0.07089267,-1.0856152,0.11412395,696
1.0,13960.0,0.8382309,69800.0,0.97,0.20209026,0.070890106,-0.7497426,0.11413428,697
1.0,13980.0,0.83823246,69900.0,0.97,0.20209543,0.070893355,-1.0453488,0.11413718,698
0.95,14000.0,0.8382401,70000.0,0.98,0.2020969,0.07087957,-1.8011776,0.11413659,699
1.0,14020.0,0.8382282,70100.0,0.94,0.20210189,0.0708812,-0.7410174,0.114141606,700
1.0,14040.0,0.83822995,70200.0,0.95,0.2021049,0.07088625,-1.0914167,0.11414044,701
1.0,14060.0,0.8382356,70300.0,0.96,0.20211866,0.07088251,-0.9967474,0.11416087,702
1.0,14080.0,0.83823687,70400.0,0.92,0.20211142,0.07088846,-1.1537945,0.11419049,703
1.0,14100.0,0.8382383,70500.0,0.97,0.20211215,0.0708752,-0.9142845,0.11419654,704
0.95,14120.0,0.83824426,70600.0,0.95,0.20211075,0.0708674,-2.8754385,0.114196025,705
1.0,14140.0,0.83824855,70700.0,0.94,0.20211844,0.07086862,-1.0093185,0.11419701,706
0.95,14160.0,0.838258,70800.0,0.96,0.20212834,0.070863165,-1.3060787,0.11420029,707
1.0,14180.0,0.838249,70900.0,0.96,0.20212248,0.070872046,-1.0567223,0.114202395,708
1.0,14200.0,0.8382509,71000.0,0.97,0.20211765,0.07086984,-0.9935962,0.11420499,709
1.0,14220.0,0.8382437,71100.0,0.94,0.20212495,0.07087615,-0.77239573,0.11420236,710
1.0,14240.0,0.8382468,71200.0,0.95,0.20212291,0.07086519,-0.9502348,0.1141884,711
1.0,14260.0,0.8382396,71300.0,0.95,0.2021318,0.07087823,-1.0426638,0.11420932,712
0.95,14280.0,0.83824056,71400.0,0.96,0.20212983,0.070894726,-2.0194077,0.114216186,713
1.0,14300.0,0.83824295,71500.0,0.95,0.20213386,0.07090121,-0.91778886,0.11421594,714
1.0,14320.0,0.83825034,71600.0,0.94,0.20214054,0.0708965,-0.9612521,0.114216186,715
1.0,14340.0,0.83825403,71700.0,0.94,0.20215428,0.07089005,-1.0611365,0.11421704,716
1.0,14360.0,0.83825177,71800.0,0.94,0.20216165,0.07091344,-1.0442768,0.1142406,717
1.0,14380.0,0.83824676,71900.0,0.94,0.20216292,0.07091752,-0.7940355,0.11424657,718
1.0,14400.0,0.838239,72000.0,0.9,0.20216075,0.07092675,-1.160775,0.11424691,719
1.0,14420.0,0.8382392,72100.0,0.97,0.20216493,0.07092369,-1.1346899,0.1142496,720
1.0,14440.0,0.8382323,72200.0,0.98,0.20215973,0.0709136,-1.0381882,0.114264615,721
1.0,14460.0,0.8382335,72300.0,0.93,0.20215186,0.0709201,-1.2449024,0.11426763,722
1.0,14480.0,0.8382337,72400.0,0.92,0.20215797,0.07091438,-1.0743439,0.11427478,723
1.0,14500.0,0.8382341,72500.0,0.95,0.20216219,0.07090749,-0.8282951,0.114270315,724
1.0,14520.0,0.83822936,72600.0,0.95,0.20215797,0.07089588,-1.3135949,0.11428214,725
1.0,14540.0,0.83823055,72700.0,0.96,0.20215435,0.07090295,-0.86958754,0.11429498,726
1.0,14560.0,0.8382358,72800.0,0.98,0.2021516,0.070893146,-0.84117067,0.11429742,727
0.95,14580.0,0.83823997,72900.0,0.97,0.2021382,0.07088395,-1.3104147,0.1142988,728
1.0,14600.0,0.8382438,73000.0,0.96,0.20214039,0.07087267,-0.69008887,0.11430423,729
1.0,14620.0,0.83823687,73100.0,0.93,0.202135,0.07087798,-0.82054013,0.11429658,730
1.0,14640.0,0.8382414,73200.0,0.94,0.20213985,0.07086871,-1.1209229,0.11429732,731
1.0,14660.0,0.8382454,73300.0,0.94,0.20214024,0.070867814,-1.04159,0.114296325,732
1.0,14680.0,0.8382557,73400.0,0.95,0.20214392,0.07085853,-0.9751008,0.11427926,733
1.0,14700.0,0.83826977,73500.0,0.94,0.20215043,0.070858486,-0.9187053,0.114273846,734
1.0,14720.0,0.838268,73600.0,0.97,0.20214753,0.070849724,-1.1180294,0.11425278,735
1.0,14740.0,0.83827573,73700.0,0.94,0.20214863,0.070844926,-0.8149406,0.11425777,736
0.95,14760.0,0.8382647,73800.0,0.95,0.20214033,0.070848554,-1.2194338,0.1142604,737
1.0,14780.0,0.83826023,73900.0,0.95,0.20213765,0.070840105,-0.808977,0.1142621,738
1.0,14800.0,0.83825296,74000.0,0.94,0.20213751,0.07084453,-1.0241338,0.11425436,739
1.0,14820.0,0.8382587,74100.0,0.96,0.20214087,0.07083601,-0.8385887,0.11425073,740
0.95,14840.0,0.83825785,74200.0,0.97,0.20214033,0.07082745,-1.6876158,0.114243776,741
1.0,14860.0,0.83825046,74300.0,0.93,0.20212916,0.070839606,-0.97941047,0.11426056,742
1.0,14880.0,0.8382519,74400.0,1.0,0.20213202,0.07082928,-0.94123983,0.11425477,743
1.0,14900.0,0.8382557,74500.0,0.95,0.20211886,0.07081964,-0.99121684,0.11423367,744
1.0,14920.0,0.83825755,74600.0,0.95,0.2021169,0.070815705,-0.93062985,0.11423043,745
1.0,14940.0,0.8382559,74700.0,0.94,0.2021206,0.07081752,-1.1363626,0.11422335,746
1.0,14960.0,0.83825177,74800.0,0.95,0.20212418,0.07080825,-0.89342755,0.114218086,747
1.0,14980.0,0.83825034,74900.0,0.98,0.20212299,0.07079462,-1.0008104,0.11421674,748
1.0,15000.0,0.8382566,75000.0,0.97,0.20212525,0.07078488,-0.981493,0.11421429,749
1.0,15020.0,0.8382608,75100.0,0.96,0.20213081,0.07078715,-0.95211685,0.114216544,750
1.0,15040.0,0.83826345,75200.0,0.96,0.20213377,0.07077535,-0.8421711,0.11420408,751
1.0,15060.0,0.8382592,75300.0,0.94,0.20213495,0.07079828,-1.0395975,0.11421115,752
1.0,15080.0,0.83826286,75400.0,0.96,0.20213933,0.07078784,-0.96789473,0.114210434,753
1.0,15100.0,0.83827037,75500.0,0.93,0.20214188,0.07079459,-1.1126006,0.11423203,754
1.0,15120.0,0.8382668,75600.0,0.93,0.2021447,0.070815064,-0.91370946,0.114244014,755
1.0,15140.0,0.8382599,75700.0,0.93,0.20214587,0.070825756,-0.80274236,0.11425145,756
1.0,15160.0,0.83824825,75800.0,0.99,0.20214804,0.07081843,-0.8476329,0.11425147,757
1.0,15180.0,0.838248,75900.0,0.95,0.2021464,0.070813164,-1.0955391,0.11424728,758
1.0,15200.0,0.838249,76000.0,0.94,0.20215566,0.07081186,-1.2150234,0.11426644,759
1.0,15220.0,0.8382454,76100.0,0.95,0.20216219,0.07081948,-0.9740985,0.11426343,760
1.0,15240.0,0.83824724,76200.0,0.99,0.20216459,0.07081083,-1.227163,0.11426513,761
1.0,15260.0,0.83824205,76300.0,0.97,0.20215912,0.07081833,-0.7391312,0.11428299,762
1.0,15280.0,0.8382442,76400.0,0.96,0.20216157,0.07082058,-1.076846,0.11429259,763
1.0,15300.0,0.83823895,76500.0,0.95,0.20215546,0.070820495,-1.0481209,0.11428136,764
1.0,15320.0,0.8382301,76600.0,0.96,0.20214958,0.07080819,-1.0342085,0.11430264,765
1.0,15340.0,0.8382375,76700.0,0.99,0.20215333,0.07079953,-0.9958722,0.11430155,766
1.0,15360.0,0.83824235,76800.0,0.98,0.20215073,0.07079103,-1.192261,0.11431499,767
1.0,15380.0,0.83824545,76900.0,0.95,0.20214748,0.07078089,-1.0911782,0.114313744,768
1.0,15400.0,0.83824205,77000.0,0.96,0.20214741,0.07077563,-1.1711038,0.11432937,769
1.0,15420.0,0.8382406,77100.0,0.99,0.20214835,0.07076483,-0.8217257,0.114348285,770
1.0,15440.0,0.8382446,77200.0,0.99,0.20214298,0.07075288,-1.1525948,0.11434832,771
1.0,15460.0,0.8382373,77300.0,0.96,0.20214646,0.07075368,-0.8449608,0.11435464,772
1.0,15480.0,0.83823615,77400.0,0.96,0.20214802,0.070755966,-0.96406174,0.1143665,773
1.0,15500.0,0.838232,77500.0,0.96,0.20214516,0.07074588,-0.9701627,0.11436835,774
1.0,15520.0,0.8382326,77600.0,0.95,0.20215094,0.07073538,-1.0277624,0.114361286,775
1.0,15540.0,0.8382333,77700.0,0.95,0.20215723,0.0707354,-1.1204854,0.114362195,776
1.0,15560.0,0.83822984,77800.0,0.97,0.20215537,0.0707286,-0.8420064,0.11436013,777
1.0,15580.0,0.83823615,77900.0,0.97,0.20215759,0.07073868,-1.0016372,0.11435222,778
1.0,15600.0,0.83823365,78000.0,0.92,0.20216034,0.070731245,-0.89484894,0.11436051,779
1.0,15620.0,0.8382349,78100.0,0.93,0.20215827,0.07072196,-0.87931186,0.11436325,780
1.0,15640.0,0.8382291,78200.0,0.93,0.20214781,0.070712194,-0.81937695,0.11437728,781
1.0,15660.0,0.8382253,78300.0,0.94,0.20214437,0.070710815,-1.1152698,0.11440544,782
0.95,15680.0,0.8382266,78400.0,0.98,0.20215271,0.07069862,-1.3895316,0.11439978,783
1.0,15700.0,0.8382222,78500.0,0.95,0.20215306,0.07069153,-0.8534247,0.114394404,784
1.0,15720.0,0.83822554,78600.0,0.94,0.20215654,0.070695706,-1.0337684,0.11441571,785
1.0,15740.0,0.8382254,78700.0,0.93,0.20216711,0.07069416,-1.0621117,0.114421405,786
1.0,15760.0,0.83822083,78800.0,0.97,0.20216542,0.07068842,-0.79536694,0.114415064,787
1.0,15780.0,0.8382178,78900.0,0.95,0.2021612,0.070676826,-0.72830284,0.11440501,788
1.0,15800.0,0.8382136,79000.0,0.95,0.2021592,0.070668325,-1.1843681,0.11440627,789
1.0,15820.0,0.83821434,79100.0,0.99,0.20215976,0.070659034,-0.9109019,0.11441411,790
1.0,15840.0,0.83821565,79200.0,0.98,0.20216608,0.070663504,-0.84713125,0.114415176,791
0.95,15860.0,0.8382115,79300.0,0.96,0.2021677,0.07066033,-2.7255685,0.11440685,792
1.0,15880.0,0.8382097,79400.0,0.95,0.20217003,0.07065637,-1.2694547,0.11441135,793
1.0,15900.0,0.8382149,79500.0,0.99,0.20217706,0.07064592,-1.0459414,0.1144088,794
1.0,15920.0,0.8382087,79600.0,0.96,0.20218112,0.07064767,-1.0410018,0.114401005,795
1.0,15940.0,0.83821064,79700.0,0.93,0.20217882,0.07064036,-0.9400326,0.11441564,796
1.0,15960.0,0.83821726,79800.0,0.95,0.20218559,0.07064416,-1.1280906,0.11441743,797
0.95,15980.0,0.8382104,79900.0,0.97,0.20218945,0.0706327,-1.173014,0.114413,798
1.0,16000.0,0.8382109,80000.0,0.95,0.20219809,0.07063479,-1.1175824,0.11441009,799
0.95,16020.0,0.83821267,80100.0,0.94,0.20220019,0.07062248,-1.0236101,0.11441712,800
1.0,16040.0,0.8382146,80200.0,0.88,0.20220083,0.0706195,-1.1667105,0.11443376,801
0.95,16060.0,0.8382091,80300.0,0.89,0.20220101,0.07063967,-1.7107633,0.11444147,802
1.0,16080.0,0.8382141,80400.0,0.88,0.20219672,0.070638746,-1.0656035,0.11443514,803
1.0,16100.0,0.8382222,80500.0,0.96,0.20219128,0.07063294,-0.8232266,0.114459485,804
1.0,16120.0,0.8382301,80600.0,0.94,0.20219108,0.07065352,-1.1859937,0.114477456,805
1.0,16140.0,0.8382302,80700.0,0.97,0.20219727,0.07064108,-0.974589,0.11447606,806
1.0,16160.0,0.83822757,80800.0,0.98,0.20219961,0.07064926,-1.086086,0.11448515,807
1.0,16180.0,0.83823186,80900.0,0.96,0.20219871,0.070642136,-0.65313476,0.114474535,808
1.0,16200.0,0.8382322,81000.0,0.96,0.20219617,0.07063564,-1.0920647,0.11447675,809
1.0,16220.0,0.8382361,81100.0,0.97,0.20219824,0.070640706,-1.0667481,0.11448302,810
1.0,16240.0,0.8382485,81200.0,0.93,0.20219877,0.070639975,-0.8888612,0.11448928,811
1.0,16260.0,0.8382483,81300.0,0.93,0.20220663,0.070632465,-0.6323184,0.11449953,812
1.0,16280.0,0.8382578,81400.0,0.96,0.2022119,0.07063108,-1.000829,0.11448192,813
0.95,16300.0,0.8382544,81500.0,0.95,0.20221063,0.07065139,-1.0556102,0.11448327,814
1.0,16320.0,0.83824784,81600.0,0.97,0.20221491,0.07064412,-0.8496782,0.11447801,815
1.0,16340.0,0.8382497,81700.0,0.97,0.20221943,0.070633195,-0.79679894,0.11447637,816
1.0,16360.0,0.83825064,81800.0,0.97,0.20221595,0.070633285,-1.0792158,0.11447736,817
1.0,16380.0,0.83826035,81900.0,0.95,0.20222342,0.07062984,-1.0492879,0.11447686,818
0.95,16400.0,0.83825946,82000.0,0.98,0.20222896,0.070618846,-1.2334534,0.11448182,819
0.95,16420.0,0.83826894,82100.0,0.91,0.2022275,0.070617355,-1.1217586,0.114498645,820
1.0,16440.0,0.8382656,82200.0,0.96,0.20222113,0.07061805,-0.80032855,0.11449602,821
1.0,16460.0,0.83826756,82300.0,0.97,0.20221767,0.07060904,-0.99309367,0.11448616,822
1.0,16480.0,0.83826727,82400.0,0.96,0.20221436,0.07060235,-1.0575101,0.11447139,823
1.0,16500.0,0.83826727,82500.0,0.96,0.2022124,0.070603356,-0.7608029,0.11447093,824
1.0,16520.0,0.83825976,82600.0,0.94,0.20221281,0.070613615,-1.0416002,0.114483215,825
1.0,16540.0,0.8382585,82700.0,0.94,0.20221813,0.0706034,-1.0520684,0.114478104,826
1.0,16560.0,0.83826154,82800.0,1.0,0.20222044,0.0705954,-0.82842433,0.11447667,827
1.0,16580.0,0.8382625,82900.0,0.95,0.20222275,0.070597805,-1.1358315,0.11448509,828
1.0,16600.0,0.8382612,83000.0,0.94,0.20222099,0.07060013,-0.9622835,0.11446841,829
0.95,16620.0,0.83826214,83100.0,0.95,0.20221785,0.07059594,-1.0535194,0.114468,830
1.0,16640.0,0.8382528,83200.0,0.98,0.20222043,0.07058677,-0.96219456,0.11445755,831
1.0,16660.0,0.83826065,83300.0,0.97,0.20222782,0.07057914,-1.2625983,0.11443944,832
1.0,16680.0,0.83826095,83400.0,0.99,0.20223244,0.070575066,-0.70545185,0.11443837,833
1.0,16700.0,0.8382651,83500.0,0.96,0.20223366,0.07058553,-1.2411664,0.114435464,834
1.0,16720.0,0.8382623,83600.0,0.96,0.2022335,0.07058541,-1.1292237,0.114429004,835
1.0,16740.0,0.83826476,83700.0,0.92,0.20223878,0.07059736,-1.0121667,0.11442923,836
1.0,16760.0,0.8382682,83800.0,0.97,0.20224585,0.070598505,-1.2669612,0.11442358,837
1.0,16780.0,0.8382593,83900.0,0.92,0.20225504,0.07060841,-0.95369637,0.11444865,838
1.0,16800.0,0.83825684,84000.0,0.96,0.20225877,0.07060254,-1.038768,0.114458635,839
1.0,16820.0,0.8382525,84100.0,0.97,0.20225969,0.07060348,-1.1594981,0.11445499,840
0.95,16840.0,0.8382533,84200.0,0.94,0.202265,0.070604,-1.2316735,0.11445024,841
1.0,16860.0,0.8382558,84300.0,0.93,0.20227394,0.07059329,-0.8482617,0.11445342,842
1.0,16880.0,0.838257,84400.0,0.9,0.20228012,0.07061415,-1.1805534,0.11448257,843
1.0,16900.0,0.8382594,84500.0,0.96,0.20227982,0.07062772,-0.94866836,0.114490226,844
1.0,16920.0,0.8382594,84600.0,0.98,0.20227739,0.07062862,-1.0141488,0.114491396,845
1.0,16940.0,0.8382551,84700.0,0.97,0.20227481,0.07062977,-1.0752046,0.1144958,846
1.0,16960.0,0.8382435,84800.0,0.98,0.2022778,0.0706228,-0.8984421,0.114495724,847
1.0,16980.0,0.83824295,84900.0,0.96,0.20227706,0.070613496,-1.0160619,0.11448882,848
1.0,17000.0,0.83825046,85000.0,0.97,0.20228776,0.070617445,-1.062165,0.114495374,849
1.0,17020.0,0.8382563,85100.0,0.97,0.20228988,0.07060768,-0.91427886,0.11449181,850
0.95,17040.0,0.83825725,85200.0,0.97,0.2023004,0.07061887,-1.0093564,0.1145135,851
1.0,17060.0,0.8382514,85300.0,0.92,0.20230055,0.07062508,-1.1619506,0.11450597,852
1.0,17080.0,0.83825135,85400.0,0.96,0.20230307,0.07062895,-0.81791866,0.114507265,853
1.0,17100.0,0.83824587,85500.0,0.97,0.20230228,0.070633896,-1.022537,0.11452115,854
1.0,17120.0,0.83824176,85600.0,0.93,0.20229898,0.07063711,-0.9682981,0.11452035,855
1.0,17140.0,0.83824444,85700.0,0.95,0.20230825,0.07062701,-1.1237193,0.11452302,856
1.0,17160.0,0.8382452,85800.0,0.95,0.2023111,0.07062594,-1.2844679,0.114525326,857
1.0,17180.0,0.8382495,85900.0,0.91,0.20230934,0.07062769,-1.1658044,0.114531524,858
1.0,17200.0,0.8382506,86000.0,0.92,0.20231235,0.07064647,-0.8981398,0.11454933,859
1.0,17220.0,0.83825284,86100.0,0.96,0.20231143,0.07063704,-0.9399316,0.11454392,860
1.0,17240.0,0.83825064,86200.0,0.93,0.20231064,0.0706496,-0.83354175,0.11455228,861
1.0,17260.0,0.83825415,86300.0,0.97,0.20231022,0.0706448,-1.0849762,0.11455473,862
1.0,17280.0,0.8382613,86400.0,0.96,0.20232019,0.07063778,-1.1353128,0.11456203,863
1.0,17300.0,0.8382678,86500.0,0.92,0.20231895,0.07063547,-1.4827192,0.1145616,864
1.0,17320.0,0.83826643,86600.0,0.93,0.20232002,0.07064139,-1.2887657,0.11457482,865
1.0,17340.0,0.83826756,86700.0,0.94,0.20231943,0.07063372,-1.1459426,0.11459286,866
0.95,17360.0,0.83826286,86800.0,0.98,0.20231418,0.07063448,-1.0625719,0.114578314,867
1.0,17380.0,0.8382663,86900.0,0.93,0.202315,0.070622586,-1.2414107,0.11456728,868
1.0,17400.0,0.83827186,87000.0,0.92,0.2023105,0.070613705,-1.0740321,0.114574,869
1.0,17420.0,0.83826953,87100.0,0.97,0.20231275,0.070607394,-0.8778222,0.11456167,870
1.0,17440.0,0.83826834,87200.0,0.96,0.20231879,0.07060342,-0.98345625,0.11456008,871
1.0,17460.0,0.83827734,87300.0,0.95,0.2023186,0.070602275,-1.1851406,0.11455542,872
1.0,17480.0,0.8382756,87400.0,0.97,0.20231207,0.0705935,-0.96569335,0.11454545,873
1.0,17500.0,0.8382818,87500.0,0.98,0.20231688,0.070585854,-0.7875639,0.11453925,874
1.0,17520.0,0.8382786,87600.0,0.91,0.20231347,0.07059338,-0.9312682,0.11455232,875
1.0,17540.0,0.83828706,87700.0,0.98,0.20231315,0.07058476,-0.9675352,0.11454437,876
1.0,17560.0,0.8382805,87800.0,0.98,0.2023067,0.07058378,-1.4004129,0.114548825,877
1.0,17580.0,0.83828044,87900.0,0.91,0.2023039,0.07058889,-1.1520765,0.11456397,878
1.0,17600.0,0.8382856,88000.0,0.94,0.20230135,0.070583075,-0.95616055,0.11455865,879
1.0,17620.0,0.83827955,88100.0,0.96,0.20230006,0.070575304,-0.7093174,0.114565685,880
1.0,17640.0,0.8382876,88200.0,0.98,0.20230612,0.07056678,-1.1468347,0.11456182,881
1.0,17660.0,0.838286,88300.0,0.94,0.20231089,0.07057398,-1.0266422,0.11456435,882
1.0,17680.0,0.83828765,88400.0,0.95,0.20231731,0.07056459,-0.9632431,0.1145626,883
1.0,17700.0,0.8382861,88500.0,0.94,0.20231222,0.0705665,-0.9310296,0.114549056,884
1.0,17720.0,0.8382812,88600.0,0.94,0.20231433,0.07055864,-0.92271805,0.1145526,885
1.0,17740.0,0.838286,88700.0,0.94,0.20231381,0.07054884,-1.2229723,0.11453915,886
1.0,17760.0,0.8382848,88800.0,0.97,0.20230654,0.07054155,-1.0890703,0.11452751,887
0.95,17780.0,0.83827806,88900.0,0.95,0.20230247,0.070545964,-2.593006,0.114523895,888
1.0,17800.0,0.8382852,89000.0,0.97,0.20230792,0.07054012,-1.0991114,0.11452391,889
1.0,17820.0,0.8382838,89100.0,0.97,0.20229748,0.07055573,-0.9905052,0.114533775,890
1.0,17840.0,0.838284,89200.0,0.97,0.20229408,0.07054808,-1.2113221,0.1145447,891
1.0,17860.0,0.83828163,89300.0,0.97,0.20228903,0.070552625,-0.8247138,0.11453074,892
1.0,17880.0,0.83828884,89400.0,0.95,0.20229143,0.070564106,-1.1478975,0.11452436,893
1.0,17900.0,0.8382918,89500.0,0.98,0.20229523,0.07056477,-1.050494,0.11450955,894
1.0,17920.0,0.8382961,89600.0,0.96,0.20229624,0.07056192,-0.82249814,0.11450787,895
1.0,17940.0,0.838295,89700.0,0.95,0.20228857,0.070555426,-1.034299,0.11451976,896
1.0,17960.0,0.83828926,89800.0,1.0,0.20228629,0.07054999,-1.089122,0.11450904,897
1.0,17980.0,0.83828926,89900.0,0.98,0.20228967,0.07054567,-0.99137783,0.114496104,898
0.95,18000.0,0.83829063,90000.0,0.95,0.20229025,0.07053854,-1.0595157,0.11448321,899
1.0,18020.0,0.8382905,90100.0,0.93,0.20229393,0.07054265,-1.0912693,0.11448739,900
1.0,18040.0,0.8383034,90200.0,0.95,0.20229736,0.07053699,-1.0047559,0.11448985,901
1.0,18060.0,0.83831143,90300.0,0.99,0.20229802,0.07053061,-0.93867016,0.114491284,902
1.0,18080.0,0.8383167,90400.0,0.96,0.20230037,0.07052535,-0.98019063,0.11448011,903
1.0,18100.0,0.83831215,90500.0,0.95,0.20229633,0.07051616,-0.99765223,0.114480644,904
1.0,18120.0,0.8383122,90600.0,0.94,0.20229869,0.070511654,-0.8596433,0.11447694,905
1.0,18140.0,0.8383083,90700.0,0.95,0.20230085,0.07051737,-1.2755915,0.114489764,906
1.0,18160.0,0.8383017,90800.0,0.93,0.20230345,0.0705085,-0.97385454,0.11448357,907
1.0,18180.0,0.83830136,90900.0,0.93,0.20230336,0.0705108,-0.98236454,0.11449269,908
1.0,18200.0,0.83830047,91000.0,0.97,0.2023045,0.07050109,-0.90573514,0.11448387,909
1.0,18220.0,0.8383052,91100.0,0.95,0.20230633,0.07049432,-1.2303433,0.11447649,910
0.95,18240.0,0.8383123,91200.0,0.95,0.20231394,0.07050338,-1.0669694,0.114483535,911
1.0,18260.0,0.83830935,91300.0,0.95,0.20231937,0.07050604,-1.0016124,0.1144865,912
1.0,18280.0,0.83831763,91400.0,0.95,0.20232072,0.07050199,-1.1082526,0.11449352,913
1.0,18300.0,0.83832026,91500.0,0.95,0.20232101,0.07049252,-1.0970222,0.1144807,914
1.0,18320.0,0.83831877,91600.0,0.96,0.20232002,0.0704946,-1.0190439,0.11448526,915
1.0,18340.0,0.83831954,91700.0,0.95,0.20231798,0.07048859,-1.0687888,0.11449139,916
1.0,18360.0,0.83831644,91800.0,0.95,0.20232539,0.07048141,-0.9810063,0.114490554,917
1.0,18380.0,0.83831096,91900.0,0.91,0.20232005,0.07050198,-0.80463266,0.11448802,918
1.0,18400.0,0.8383164,92000.0,0.98,0.20232072,0.07049315,-0.815468,0.11450591,919
1.0,18420.0,0.83831054,92100.0,0.89,0.2023242,0.07048995,-1.2006538,0.11451535,920
1.0,18440.0,0.8383136,92200.0,0.91,0.20232944,0.070489585,-1.1232808,0.114509575,921
1.0,18460.0,0.8383172,92300.0,0.94,0.20233193,0.070486955,-0.92929727,0.11451175,922
1.0,18480.0,0.83831376,92400.0,0.98,0.2023349,0.07048963,-1.0517949,0.114498556,923
1.0,18500.0,0.83831114,92500.0,0.93,0.20233434,0.07049453,-0.9818846,0.11450686,924
1.0,18520.0,0.83830804,92600.0,0.95,0.20232773,0.070496745,-0.9461483,0.11451105,925
1.0,18540.0,0.83830756,92700.0,0.99,0.20232764,0.07048921,-1.3317146,0.114495784,926
1.0,18560.0,0.8383052,92800.0,0.98,0.20232359,0.07047909,-0.7667849,0.11449441,927
0.95,18580.0,0.83830386,92900.0,0.93,0.20232119,0.07047446,-1.2748911,0.114486076,928
0.95,18600.0,0.83830947,93000.0,0.93,0.20232755,0.070488654,-1.0952942,0.11449135,929
1.0,18620.0,0.8383093,93100.0,0.94,0.20233162,0.070482194,-0.81072485,0.11450897,930
1.0,18640.0,0.83831316,93200.0,0.92,0.2023332,0.070486374,-1.1152527,0.11451869,931
1.0,18660.0,0.8383191,93300.0,0.98,0.20233078,0.07047377,-1.5997646,0.114510395,932
1.0,18680.0,0.8383188,93400.0,0.94,0.20233561,0.07047524,-0.96031076,0.11450876,933
1.0,18700.0,0.8383217,93500.0,0.95,0.20233497,0.07047329,-1.1416557,0.114512205,934
1.0,18720.0,0.83832127,93600.0,0.93,0.20233108,0.07047659,-0.6346341,0.11451667,935
1.0,18740.0,0.8383217,93700.0,0.93,0.20233597,0.07048129,-1.1195109,0.11453197,936
1.0,18760.0,0.8383201,93800.0,0.95,0.20233387,0.07048275,-1.2496167,0.11452684,937
1.0,18780.0,0.83831716,93900.0,0.96,0.20233126,0.07047613,-1.2371123,0.114522055,938
1.0,18800.0,0.83831257,94000.0,0.98,0.20233262,0.07046678,-1.0214177,0.114515774,939
1.0,18820.0,0.83831316,94100.0,0.95,0.20233037,0.07046175,-1.0497001,0.11452062,940
1.0,18840.0,0.8383145,94200.0,0.96,0.2023283,0.07046651,-0.8773204,0.114522636,941
1.0,18860.0,0.8383119,94300.0,0.94,0.20232554,0.07046669,-0.9406823,0.114516996,942
1.0,18880.0,0.83831316,94400.0,0.94,0.20232478,0.07047074,-1.1038373,0.11452531,943
1.0,18900.0,0.8383057,94500.0,0.98,0.2023253,0.07046681,-0.89804965,0.11452068,944
1.0,18920.0,0.8383057,94600.0,0.96,0.20233099,0.070459045,-1.1682014,0.114523046,945
1.0,18940.0,0.83830565,94700.0,0.98,0.20232287,0.07045288,-0.85077775,0.114521936,946
1.0,18960.0,0.8383096,94800.0,0.98,0.20232002,0.07045422,-0.77392566,0.11452317,947
1.0,18980.0,0.83831,94900.0,0.97,0.20231749,0.07044823,-0.8842877,0.11451354,948
1.0,19000.0,0.8383145,95000.0,0.95,0.20231861,0.070446156,-0.7561481,0.11451339,949
1.0,19020.0,0.83830994,95100.0,0.96,0.20232338,0.070448674,-0.86577356,0.11452267,950
1.0,19040.0,0.83831304,95200.0,0.92,0.20232853,0.07044663,-1.1090548,0.11452909,951
1.0,19060.0,0.83831424,95300.0,0.97,0.20233627,0.07044495,-0.7766059,0.114531144,952
1.0,19080.0,0.83831954,95400.0,0.93,0.20233445,0.07045599,-1.2676371,0.114530765,953
1.0,19100.0,0.8383216,95500.0,0.95,0.20232993,0.07045326,-1.2530249,0.11453841,954
1.0,19120.0,0.83832216,95600.0,0.97,0.20233026,0.07045418,-0.81192577,0.114528455,955
1.0,19140.0,0.83832884,95700.0,0.96,0.20233421,0.070451446,-0.955887,0.11452085,956
1.0,19160.0,0.8383327,95800.0,0.95,0.20233126,0.070447676,-0.88511515,0.114511274,957
1.0,19180.0,0.83833456,95900.0,0.95,0.20233358,0.070450135,-0.8997962,0.11450686,958
1.0,19200.0,0.8383363,96000.0,0.98,0.20233148,0.070451856,-0.7759541,0.114501484,959
1.0,19220.0,0.8383426,96100.0,0.95,0.20233522,0.07045775,-0.86435175,0.114508905,960
1.0,19240.0,0.8383444,96200.0,0.94,0.20233436,0.070454925,-1.0513219,0.11451552,961
1.0,19260.0,0.83834416,96300.0,0.92,0.20233352,0.0704633,-1.1470406,0.11452372,962
1.0,19280.0,0.8383402,96400.0,0.95,0.20233484,0.07046916,-0.9226805,0.114533015,963
1.0,19300.0,0.83834296,96500.0,0.91,0.20233326,0.07046611,-0.8830453,0.114537284,964
1.0,19320.0,0.8383482,96600.0,0.94,0.20233402,0.07049108,-0.8821457,0.11453882,965
1.0,19340.0,0.8383508,96700.0,0.98,0.20233487,0.07048493,-0.77141905,0.11453931,966
1.0,19360.0,0.83834606,96800.0,0.98,0.20233801,0.07048363,-1.0695273,0.11453782,967
1.0,19380.0,0.8383443,96900.0,0.97,0.20233841,0.070486754,-0.9652473,0.11454283,968
1.0,19400.0,0.83834344,97000.0,0.96,0.20233256,0.07047806,-1.2849634,0.114537455,969
1.0,19420.0,0.83834404,97100.0,0.92,0.20233203,0.07047986,-1.1606648,0.11452845,970
0.95,19440.0,0.83834976,97200.0,0.93,0.20233366,0.07048023,-2.104014,0.1145257,971
1.0,19460.0,0.8383465,97300.0,0.94,0.20233622,0.07048518,-1.0413884,0.11452705,972
1.0,19480.0,0.8383529,97400.0,0.98,0.20233561,0.07048196,-1.0135399,0.11452363,973
1.0,19500.0,0.83835846,97500.0,0.92,0.20233503,0.070494704,-0.91480625,0.114524625,974
1.0,19520.0,0.8383563,97600.0,0.97,0.20233102,0.070494294,-1.1352196,0.11453345,975
1.0,19540.0,0.8383527,97700.0,0.95,0.20233113,0.07049361,-0.93407583,0.11453639,976
1.0,19560.0,0.8383496,97800.0,0.96,0.20233433,0.070513286,-0.9146016,0.11454661,977
1.0,19580.0,0.83835834,97900.0,0.96,0.20233631,0.070516855,-0.9459225,0.114542544,978
1.0,19600.0,0.838356,98000.0,0.97,0.20234291,0.07053271,-1.2026287,0.11455966,979
1.0,19620.0,0.8383603,98100.0,0.95,0.20234469,0.070535764,-1.0078151,0.11455522,980
1.0,19640.0,0.8383579,98200.0,0.96,0.2023423,0.07052772,-0.92339194,0.11456155,981
1.0,19660.0,0.83836293,98300.0,0.95,0.20234653,0.07052947,-0.9071472,0.11457198,982
1.0,19680.0,0.8383608,98400.0,0.93,0.20234932,0.07053617,-1.2360898,0.11457808,983
1.0,19700.0,0.8383613,98500.0,0.99,0.20235132,0.07053126,-1.0281843,0.114573,984
1.0,19720.0,0.8383637,98600.0,0.97,0.20235159,0.070533566,-1.1424943,0.11458394,985
1.0,19740.0,0.8383629,98700.0,0.94,0.20235355,0.07052575,-1.0906966,0.11456289,986
1.0,19760.0,0.8383661,98800.0,0.97,0.2023559,0.070526496,-1.0347916,0.11457717,987
1.0,19780.0,0.8383644,98900.0,0.95,0.20235384,0.07053369,-1.077875,0.11457901,988
1.0,19800.0,0.83836514,99000.0,0.95,0.20235176,0.0705318,-1.1388553,0.11458064,989
1.0,19820.0,0.83836603,99100.0,0.94,0.20234846,0.07052476,-0.8831357,0.11458345,990
1.0,19840.0,0.8383655,99200.0,0.96,0.20234667,0.070515744,-0.71635455,0.11457575,991
1.0,19860.0,0.8383674,99300.0,0.97,0.20235033,0.07051029,-1.0122875,0.114574805,992
1.0,19880.0,0.8383746,99400.0,0.9,0.20234802,0.070507206,-0.9982201,0.114562415,993
1.0,19900.0,0.83837676,99500.0,0.94,0.20235592,0.07051592,-0.89037436,0.11456325,994
1.0,19920.0,0.8383743,99600.0,0.98,0.20235601,0.07052112,-1.1598651,0.11456572,995
1.0,19940.0,0.83836746,99700.0,0.97,0.2023589,0.07052059,-0.8514695,0.11455724,996
1.0,19960.0,0.8383681,99800.0,0.95,0.20235524,0.07052469,-0.8800739,0.11456624,997
1.0,19980.0,0.8383724,99900.0,0.96,0.20235273,0.07051663,-0.96896505,0.11456418,998
1.0,20000.0,0.83837605,100000.0,0.91,0.202355,0.070511974,-0.81872004,0.114567325,999
