stats_g/mean,stats_o/std,stats_o/mean,epoch,test/episode,stats_g/std,test/success_rate,train/success_rate,test/mean_Q,train/episode
0.842892,0.041321393,0.2009025,0,20.0,0.06110036,0.1,0.05,-0.69388974,100.0
0.84289557,0.040445317,0.20075226,1,40.0,0.062271014,0.0,0.11,-1.1456418,200.0
0.84189653,0.038260184,0.20076084,2,60.0,0.061792057,0.1,0.05,-1.2553053,300.0
0.840089,0.037500195,0.20135772,3,80.0,0.061344836,0.05,0.1,-1.6784788,400.0
0.8403223,0.03742967,0.20176841,4,100.0,0.061011408,0.0,0.09,-2.2097487,500.0
0.8408602,0.037107524,0.20168734,5,120.0,0.06048565,0.1,0.04,-2.465404,600.0
0.8405063,0.039074406,0.20135608,6,140.0,0.060349796,0.2,0.03,-1.9778187,700.0
0.840688,0.038573112,0.20135601,7,160.0,0.060461447,0.1,0.11,-2.8386614,800.0
0.8405883,0.040037822,0.20130743,8,180.0,0.060578313,0.1,0.09,-2.9604094,900.0
0.84068465,0.03973537,0.20115215,9,200.0,0.060583685,0.05,0.07,-3.6171794,1000.0
0.84016705,0.03962988,0.20122403,10,220.0,0.060256865,0.15,0.08,-2.7882037,1100.0
0.8403716,0.03942363,0.20110156,11,240.0,0.060410652,0.0,0.05,-4.039742,1200.0
0.8398678,0.039099887,0.20117357,12,260.0,0.060168173,0.05,0.05,-3.828588,1300.0
0.83975774,0.03901821,0.20113844,13,280.0,0.06011188,0.05,0.05,-4.2514772,1400.0
0.83972,0.039039545,0.20106263,14,300.0,0.060262933,0.05,0.05,-4.6045113,1500.0
0.83989364,0.039193273,0.20112303,15,320.0,0.060293898,0.05,0.05,-5.154074,1600.0
0.83996874,0.039727665,0.20126861,16,340.0,0.060484704,0.1,0.04,-4.0989084,1700.0
0.8398811,0.03949366,0.20128089,17,360.0,0.060713634,0.05,0.11,-5.394148,1800.0
0.83984447,0.040194325,0.2012246,18,380.0,0.060668025,0.15,0.09,-4.29812,1900.0
0.8396569,0.04004528,0.20120262,19,400.0,0.060727883,0.1,0.11,-4.557271,2000.0
0.83955544,0.03991531,0.20126812,20,420.0,0.06072582,0.0,0.02,-5.836654,2100.0
0.8393066,0.04041067,0.20127064,21,440.0,0.060840663,0.15,0.05,-5.172039,2200.0
0.839264,0.040398255,0.20118436,22,460.0,0.06071255,0.1,0.05,-5.620775,2300.0
0.83924013,0.04040113,0.20111212,23,480.0,0.06072012,0.15,0.11,-5.630032,2400.0
0.83931994,0.040318962,0.20111835,24,500.0,0.060699362,0.05,0.08,-5.032365,2500.0
0.8392945,0.040531684,0.20112392,25,520.0,0.060719576,0.1,0.03,-5.766084,2600.0
0.83915734,0.04064426,0.20112781,26,540.0,0.060825467,0.0,0.14,-7.793437,2700.0
0.83926195,0.040538494,0.20108776,27,560.0,0.060821295,0.0,0.05,-5.5334253,2800.0
0.8392418,0.04074752,0.20104414,28,580.0,0.06062968,0.1,0.03,-5.9980454,2900.0
0.8390346,0.04168045,0.20101482,29,600.0,0.060596857,0.0,0.06,-6.988491,3000.0
0.83906746,0.041783277,0.20097806,30,620.0,0.060558032,0.0,0.08,-5.7410107,3100.0
0.83899385,0.041932885,0.20100252,31,640.0,0.060590748,0.05,0.05,-7.327867,3200.0
0.839135,0.04223135,0.20102766,32,660.0,0.06062382,0.05,0.1,-6.045904,3300.0
0.8389551,0.04214935,0.20109077,33,680.0,0.060663942,0.1,0.05,-6.019247,3400.0
0.83895683,0.042084865,0.20107512,34,700.0,0.060678944,0.05,0.07,-6.082246,3500.0
0.8389246,0.042004228,0.20111458,35,720.0,0.060686376,0.2,0.09,-6.783011,3600.0
0.838882,0.04197215,0.20113681,36,740.0,0.060726818,0.0,0.09,-7.1898627,3700.0
0.83885425,0.04183812,0.20116751,37,760.0,0.060646128,0.1,0.03,-6.137939,3800.0
0.83882195,0.041775923,0.2011765,38,780.0,0.06063923,0.2,0.06,-5.622063,3900.0
0.8387354,0.041889295,0.2011582,39,800.0,0.06060153,0.05,0.03,-6.3897123,4000.0
0.8386736,0.041853834,0.20113327,40,820.0,0.060618725,0.1,0.08,-6.061281,4100.0
0.8387762,0.04218338,0.20112494,41,840.0,0.06063475,0.1,0.06,-7.052339,4200.0
0.8386448,0.04229086,0.20113277,42,860.0,0.0606226,0.15,0.02,-6.435121,4300.0
0.8388295,0.042816464,0.20111723,43,880.0,0.060579285,0.05,0.07,-8.400267,4400.0
0.83900636,0.04370408,0.20109613,44,900.0,0.060598295,0.05,0.04,-6.7994614,4500.0
0.838996,0.043840855,0.20113161,45,920.0,0.060639795,0.1,0.08,-6.7532907,4600.0
0.8389527,0.044295635,0.20112632,46,940.0,0.0607129,0.0,0.1,-7.422345,4700.0
0.83897066,0.044787895,0.20105955,47,960.0,0.06069995,0.15,0.05,-6.3550863,4800.0
0.83905214,0.044792462,0.20103815,48,980.0,0.060655277,0.1,0.08,-5.578026,4900.0
0.8391168,0.045256313,0.20100957,49,1000.0,0.06065515,0.1,0.12,-6.0039225,5000.0
0.8391013,0.04559101,0.20102206,50,1020.0,0.060676184,0.05,0.06,-6.9582796,5100.0
0.8391156,0.045735873,0.20103136,51,1040.0,0.06070228,0.05,0.11,-6.885924,5200.0
0.8391071,0.04592376,0.20103861,52,1060.0,0.06069709,0.15,0.06,-6.6755934,5300.0
0.83909434,0.045889065,0.20104374,53,1080.0,0.060711626,0.05,0.05,-6.695137,5400.0
0.8390322,0.046115056,0.2010377,54,1100.0,0.060781192,0.1,0.03,-5.2698913,5500.0
0.8391698,0.046261057,0.20103537,55,1120.0,0.060800895,0.05,0.06,-6.671636,5600.0
0.8391488,0.04629839,0.20104721,56,1140.0,0.060807005,0.1,0.07,-6.4324236,5700.0
0.8392327,0.04665887,0.20105436,57,1160.0,0.06079076,0.0,0.11,-7.431655,5800.0
0.8391705,0.04708401,0.20107411,58,1180.0,0.060757194,0.15,0.07,-6.5850325,5900.0
0.8390226,0.047458738,0.20106915,59,1200.0,0.06079583,0.0,0.05,-5.110011,6000.0
0.8390352,0.047638215,0.20111082,60,1220.0,0.06079259,0.05,0.1,-7.2686067,6100.0
0.8390425,0.047838997,0.20116156,61,1240.0,0.060775056,0.1,0.04,-4.803303,6200.0
0.83899736,0.04815373,0.20113938,62,1260.0,0.060787354,0.05,0.08,-5.690846,6300.0
0.83892936,0.04832058,0.20113945,63,1280.0,0.060808208,0.05,0.09,-6.273425,6400.0
0.8389123,0.04845955,0.20116788,64,1300.0,0.060828123,0.1,0.04,-6.1666555,6500.0
0.83886415,0.04858874,0.20118296,65,1320.0,0.0608013,0.0,0.08,-7.4845896,6600.0
0.83886,0.048795406,0.20116286,66,1340.0,0.06082299,0.05,0.08,-5.620116,6700.0
0.83883476,0.04908552,0.20117243,67,1360.0,0.06083673,0.0,0.09,-6.098285,6800.0
0.8388099,0.049381696,0.20118429,68,1380.0,0.06079583,0.15,0.07,-6.553608,6900.0
0.83882767,0.049439058,0.20118505,69,1400.0,0.06078774,0.05,0.09,-6.4603415,7000.0
0.83884335,0.049444064,0.20117904,70,1420.0,0.060797084,0.05,0.08,-6.8970556,7100.0
0.8388183,0.049685832,0.20115586,71,1440.0,0.060805276,0.0,0.1,-7.194854,7200.0
0.8388342,0.04993992,0.20118174,72,1460.0,0.06080016,0.05,0.11,-5.9930167,7300.0
0.8388433,0.05004471,0.20119557,73,1480.0,0.06079425,0.1,0.06,-5.94784,7400.0
0.8388224,0.05009843,0.20119627,74,1500.0,0.060810402,0.05,0.07,-7.2692437,7500.0
0.83876324,0.050087184,0.20121515,75,1520.0,0.060841624,0.15,0.08,-5.5724244,7600.0
0.8387849,0.050185453,0.20119266,76,1540.0,0.060839072,0.1,0.07,-6.9051995,7700.0
0.8387901,0.05036071,0.20119472,77,1560.0,0.060825124,0.05,0.11,-7.4386663,7800.0
0.83879423,0.050461136,0.20122704,78,1580.0,0.060809795,0.0,0.1,-7.035712,7900.0
0.838778,0.05064249,0.20123695,79,1600.0,0.06078365,0.0,0.09,-6.3773394,8000.0
0.8387911,0.050823048,0.2012299,80,1620.0,0.060785744,0.0,0.06,-6.565689,8100.0
0.8388192,0.050966755,0.20119424,81,1640.0,0.060756132,0.0,0.09,-7.1464095,8200.0
0.8388379,0.05095608,0.20118773,82,1660.0,0.06076478,0.0,0.09,-7.9652953,8300.0
0.8388576,0.05088433,0.20118685,83,1680.0,0.06078953,0.05,0.03,-6.864334,8400.0
0.83888316,0.05087933,0.20120193,84,1700.0,0.060800117,0.15,0.09,-6.982405,8500.0
0.83889765,0.050959982,0.20119484,85,1720.0,0.06081685,0.05,0.06,-7.072984,8600.0
0.8389039,0.050925523,0.20120157,86,1740.0,0.0608232,0.15,0.09,-5.8302507,8700.0
0.8389354,0.051106676,0.20120558,87,1760.0,0.060823206,0.15,0.06,-7.586782,8800.0
0.83894247,0.051281042,0.20120667,88,1780.0,0.060836565,0.1,0.04,-7.0951166,8900.0
0.838924,0.051290825,0.20122318,89,1800.0,0.060823444,0.15,0.12,-6.8752584,9000.0
0.83892107,0.051270533,0.20120205,90,1820.0,0.060831293,0.05,0.07,-6.9402976,9100.0
0.8389043,0.051373146,0.20121962,91,1840.0,0.060817823,0.15,0.05,-8.190391,9200.0
0.8389199,0.051577874,0.20122437,92,1860.0,0.06082448,0.15,0.09,-6.375652,9300.0
0.83892035,0.05151617,0.20122255,93,1880.0,0.06085903,0.0,0.13,-7.365535,9400.0
0.8388578,0.051659297,0.20123395,94,1900.0,0.06089656,0.15,0.05,-5.9138355,9500.0
0.8388112,0.05166421,0.20121834,95,1920.0,0.060934167,0.1,0.09,-6.239807,9600.0
0.8388419,0.05177687,0.20120546,96,1940.0,0.060899407,0.05,0.11,-8.183486,9700.0
0.83885694,0.051997386,0.20121881,97,1960.0,0.060934797,0.1,0.12,-8.293414,9800.0
0.8388651,0.052024752,0.20121853,98,1980.0,0.060950164,0.05,0.04,-7.8173676,9900.0
0.8388533,0.05214407,0.20123528,99,2000.0,0.060959503,0.25,0.08,-6.192851,10000.0
0.838875,0.052328862,0.20123231,100,2020.0,0.060949862,0.0,0.09,-6.960997,10100.0
0.838819,0.05240823,0.2012397,101,2040.0,0.06093873,0.05,0.07,-7.564841,10200.0
0.8388281,0.052575454,0.20124477,102,2060.0,0.060905512,0.0,0.04,-8.104297,10300.0
0.8388705,0.052587442,0.20124055,103,2080.0,0.06094164,0.05,0.08,-7.4805727,10400.0
0.83891916,0.052717887,0.20125091,104,2100.0,0.0609599,0.0,0.08,-7.0347795,10500.0
0.8389189,0.053079024,0.20126662,105,2120.0,0.06097653,0.05,0.08,-6.3757772,10600.0
0.8388725,0.05327305,0.20128995,106,2140.0,0.06099042,0.05,0.09,-6.759961,10700.0
0.838872,0.053562477,0.20129736,107,2160.0,0.060990438,0.05,0.05,-7.4419847,10800.0
0.83882314,0.053700306,0.201306,108,2180.0,0.060984835,0.05,0.1,-6.8249044,10900.0
0.8388303,0.05385668,0.20129676,109,2200.0,0.06098233,0.05,0.05,-7.458692,11000.0
0.83884364,0.053863786,0.2013001,110,2220.0,0.06097969,0.0,0.08,-7.3174715,11100.0
0.83885187,0.053918604,0.20129633,111,2240.0,0.060991194,0.15,0.05,-7.56604,11200.0
0.83884937,0.054023907,0.20128906,112,2260.0,0.060998205,0.05,0.04,-6.11675,11300.0
0.8387699,0.054087847,0.20130435,113,2280.0,0.061010834,0.05,0.07,-6.027527,11400.0
0.8387742,0.05409186,0.20130245,114,2300.0,0.06100854,0.0,0.08,-7.553553,11500.0
0.83876467,0.05421993,0.2013319,115,2320.0,0.061007496,0.05,0.06,-7.0990915,11600.0
0.8387237,0.054375224,0.2013362,116,2340.0,0.061022546,0.2,0.02,-5.755365,11700.0
0.8386604,0.054575052,0.20133637,117,2360.0,0.06102783,0.15,0.09,-6.404699,11800.0
0.8386356,0.05469777,0.20132983,118,2380.0,0.061034027,0.1,0.05,-6.9460936,11900.0
0.8386035,0.054848056,0.20131811,119,2400.0,0.06103988,0.05,0.08,-6.5112977,12000.0
0.838573,0.054911986,0.20133522,120,2420.0,0.061034832,0.1,0.07,-7.4917793,12100.0
0.83855504,0.054897904,0.20135035,121,2440.0,0.061023235,0.15,0.03,-6.0828958,12200.0
0.8385587,0.05491264,0.20136034,122,2460.0,0.06105962,0.05,0.09,-6.5165033,12300.0
0.8386157,0.055089522,0.20134813,123,2480.0,0.061079804,0.05,0.08,-7.275519,12400.0
0.838617,0.05527786,0.20136777,124,2500.0,0.061082784,0.05,0.05,-6.287317,12500.0
0.8385934,0.055408303,0.20134503,125,2520.0,0.061077967,0.05,0.02,-5.737934,12600.0
0.8385834,0.05563627,0.20133577,126,2540.0,0.06107774,0.0,0.07,-7.904358,12700.0
0.8385634,0.056087352,0.20129924,127,2560.0,0.06109047,0.05,0.07,-7.272882,12800.0
0.8385678,0.056098733,0.2012913,128,2580.0,0.061089203,0.0,0.07,-7.632356,12900.0
0.83853173,0.056150295,0.20131627,129,2600.0,0.061088745,0.1,0.07,-6.726064,13000.0
0.8385442,0.056166552,0.20131546,130,2620.0,0.061106388,0.15,0.18,-7.4128585,13100.0
0.8385168,0.056097403,0.20129387,131,2640.0,0.06109791,0.1,0.08,-5.5367403,13200.0
0.8384907,0.056165896,0.20129631,132,2660.0,0.061085645,0.1,0.1,-6.512922,13300.0
0.83851886,0.056313466,0.201309,133,2680.0,0.061069246,0.15,0.11,-7.231149,13400.0
0.838512,0.056410618,0.2012938,134,2700.0,0.061060067,0.25,0.06,-5.965192,13500.0
0.83850247,0.05649495,0.20130034,135,2720.0,0.06105353,0.15,0.09,-5.3867073,13600.0
0.8385267,0.056556854,0.2012897,136,2740.0,0.06103826,0.0,0.07,-6.3637667,13700.0
0.8385513,0.056571923,0.20127925,137,2760.0,0.061031494,0.05,0.04,-6.8059287,13800.0
0.8385699,0.0569058,0.20127836,138,2780.0,0.061023567,0.0,0.04,-7.5503755,13900.0
0.83858013,0.057042256,0.20126949,139,2800.0,0.061031487,0.05,0.07,-7.1486015,14000.0
0.8385771,0.057081994,0.2012813,140,2820.0,0.061015878,0.0,0.06,-8.548178,14100.0
0.838567,0.057194356,0.2012703,141,2840.0,0.06102186,0.05,0.06,-6.3782344,14200.0
0.838551,0.057260904,0.20126928,142,2860.0,0.061036427,0.0,0.09,-7.1914625,14300.0
0.83853704,0.057334114,0.20126829,143,2880.0,0.061039295,0.05,0.1,-6.736415,14400.0
0.8384938,0.057352528,0.20126171,144,2900.0,0.061018284,0.05,0.08,-7.221854,14500.0
0.8384796,0.057486754,0.20127219,145,2920.0,0.061031144,0.05,0.09,-8.1659,14600.0
0.83847433,0.05752071,0.20127219,146,2940.0,0.06103973,0.1,0.11,-7.648565,14700.0
0.83851194,0.057586268,0.20127006,147,2960.0,0.06104779,0.05,0.09,-6.9724073,14800.0
0.83851266,0.057603132,0.2012817,148,2980.0,0.06104572,0.1,0.03,-6.6016793,14900.0
0.8385024,0.05768977,0.20126492,149,3000.0,0.06105927,0.05,0.11,-7.215762,15000.0
0.83849716,0.057870757,0.20123443,150,3020.0,0.0610346,0.0,0.03,-6.8843756,15100.0
0.83855313,0.058054265,0.20124818,151,3040.0,0.06103632,0.15,0.08,-6.1013412,15200.0
0.8385396,0.05812928,0.20123462,152,3060.0,0.061055597,0.1,0.07,-6.616046,15300.0
0.83850783,0.058313917,0.20124124,153,3080.0,0.061067764,0.05,0.02,-5.887145,15400.0
0.83851224,0.05844471,0.20124394,154,3100.0,0.06106168,0.05,0.08,-6.553534,15500.0
0.8385542,0.058484573,0.20123273,155,3120.0,0.061056633,0.0,0.05,-6.584283,15600.0
0.83853227,0.058539573,0.20122533,156,3140.0,0.06106248,0.0,0.07,-7.270522,15700.0
0.83853716,0.058589187,0.20121449,157,3160.0,0.061052844,0.1,0.08,-5.3002176,15800.0
0.8385258,0.05875392,0.20119853,158,3180.0,0.061052155,0.1,0.05,-6.3179674,15900.0
0.8385288,0.058771588,0.20118347,159,3200.0,0.0610463,0.1,0.05,-7.566162,16000.0
0.83853054,0.058858,0.20118436,160,3220.0,0.06106693,0.0,0.06,-6.7086105,16100.0
0.8385388,0.058834888,0.20118834,161,3240.0,0.061082765,0.2,0.07,-5.795153,16200.0
0.83853453,0.058875065,0.20118289,162,3260.0,0.061062578,0.15,0.1,-6.2323966,16300.0
0.83851796,0.05908316,0.20117564,163,3280.0,0.061060283,0.05,0.12,-5.391157,16400.0
0.83853036,0.059207782,0.20119701,164,3300.0,0.06105421,0.1,0.09,-6.3496,16500.0
0.8385401,0.059483733,0.20120269,165,3320.0,0.061075773,0.05,0.06,-5.8756304,16600.0
0.8385212,0.059604872,0.2012077,166,3340.0,0.061061773,0.05,0.14,-7.041774,16700.0
0.8385768,0.059667174,0.20122911,167,3360.0,0.06107301,0.05,0.06,-6.8511925,16800.0
0.8385672,0.05986418,0.20124206,168,3380.0,0.061072882,0.1,0.04,-6.832711,16900.0
0.83856004,0.05987806,0.20125008,169,3400.0,0.061064173,0.05,0.06,-6.3730483,17000.0
0.83853024,0.059954282,0.20126152,170,3420.0,0.06107497,0.05,0.06,-6.849968,17100.0
0.83856416,0.060057465,0.20126408,171,3440.0,0.06107898,0.05,0.08,-7.610443,17200.0
0.8385393,0.06004057,0.20128718,172,3460.0,0.061065003,0.15,0.09,-6.3264985,17300.0
0.83853227,0.060090955,0.20130417,173,3480.0,0.061074868,0.05,0.07,-6.5740776,17400.0
0.8385463,0.060128316,0.20129113,174,3500.0,0.06105524,0.1,0.08,-7.174412,17500.0
0.8385372,0.060158473,0.20130023,175,3520.0,0.061051115,0.1,0.1,-6.143861,17600.0
0.83859825,0.060200974,0.20131323,176,3540.0,0.06104377,0.15,0.08,-5.724206,17700.0
0.8385932,0.060290955,0.20130634,177,3560.0,0.061049625,0.05,0.06,-5.9858656,17800.0
0.83860475,0.06036251,0.201313,178,3580.0,0.061066594,0.0,0.07,-7.1535883,17900.0
0.8385882,0.060431685,0.20131545,179,3600.0,0.061067853,0.1,0.02,-6.655511,18000.0
0.8385639,0.060504977,0.20132643,180,3620.0,0.061060395,0.1,0.11,-7.1887345,18100.0
0.83855563,0.060525898,0.20133421,181,3640.0,0.061064973,0.1,0.06,-6.52386,18200.0
0.83851415,0.060541425,0.20134015,182,3660.0,0.061048683,0.0,0.05,-7.7055297,18300.0
0.8385644,0.060683824,0.2013698,183,3680.0,0.06104053,0.1,0.07,-5.858882,18400.0
0.83852345,0.06077339,0.2013751,184,3700.0,0.06103674,0.15,0.05,-7.2926416,18500.0
0.83853656,0.06084544,0.20138068,185,3720.0,0.061022397,0.05,0.11,-6.7715034,18600.0
0.83849174,0.060902424,0.20138645,186,3740.0,0.061024103,0.1,0.06,-6.0511885,18700.0
0.838537,0.061074704,0.20138285,187,3760.0,0.06104465,0.1,0.15,-8.253639,18800.0
0.8385324,0.06128989,0.20142438,188,3780.0,0.06103973,0.0,0.07,-7.1497674,18900.0
0.8384995,0.061375827,0.20142582,189,3800.0,0.061038356,0.05,0.12,-6.644952,19000.0
0.8385022,0.061580867,0.20143479,190,3820.0,0.06104203,0.2,0.09,-6.15152,19100.0
0.8384707,0.06171089,0.20143569,191,3840.0,0.061054762,0.0,0.06,-6.580916,19200.0
0.8384746,0.06184191,0.20144267,192,3860.0,0.061056927,0.1,0.11,-6.449196,19300.0
0.83844304,0.06185663,0.20143774,193,3880.0,0.061058883,0.05,0.06,-6.05807,19400.0
0.83841866,0.061953153,0.20143622,194,3900.0,0.061043855,0.1,0.1,-6.723639,19500.0
0.8384104,0.06202796,0.20145683,195,3920.0,0.061063588,0.1,0.09,-6.646474,19600.0
0.838387,0.062134065,0.20145136,196,3940.0,0.061060727,0.05,0.08,-5.548917,19700.0
0.83837074,0.062350016,0.20145841,197,3960.0,0.061055794,0.1,0.13,-5.588216,19800.0
0.8383651,0.062460784,0.20145006,198,3980.0,0.061052248,0.05,0.12,-6.1133294,19900.0
0.83837193,0.06264025,0.20145139,199,4000.0,0.06103513,0.0,0.1,-6.8723135,20000.0
0.8383344,0.062804155,0.20142795,200,4020.0,0.061045807,0.05,0.1,-6.5527067,20100.0
0.83833283,0.06296695,0.20144506,201,4040.0,0.06104536,0.2,0.1,-6.1230035,20200.0
0.83832806,0.06303875,0.20145561,202,4060.0,0.061055098,0.05,0.07,-6.178675,20300.0
0.8383236,0.06317128,0.20148647,203,4080.0,0.061049502,0.05,0.09,-6.355069,20400.0
0.83832234,0.063401334,0.20149808,204,4100.0,0.06105983,0.15,0.14,-6.9404707,20500.0
0.8383444,0.0634588,0.20149557,205,4120.0,0.061052714,0.15,0.07,-6.3154435,20600.0
0.83835155,0.06360022,0.20149578,206,4140.0,0.061041,0.0,0.07,-6.6886888,20700.0
0.8383386,0.0636835,0.20150961,207,4160.0,0.061029855,0.1,0.08,-7.3576384,20800.0
0.8383612,0.06375446,0.20151839,208,4180.0,0.061035916,0.1,0.11,-5.4660406,20900.0
0.8383582,0.063829824,0.20152856,209,4200.0,0.06105208,0.1,0.12,-6.378306,21000.0
0.8383734,0.06393709,0.20155789,210,4220.0,0.061044723,0.1,0.08,-6.3289666,21100.0
0.83833456,0.06393224,0.20156704,211,4240.0,0.061041057,0.0,0.15,-7.6703086,21200.0
0.83835,0.06411597,0.20157854,212,4260.0,0.061046693,0.05,0.07,-5.417588,21300.0
0.8383608,0.06418858,0.2015789,213,4280.0,0.061052416,0.0,0.09,-6.370594,21400.0
0.83836573,0.0643763,0.20158836,214,4300.0,0.06104323,0.05,0.07,-6.4966164,21500.0
0.8383708,0.06443443,0.2016083,215,4320.0,0.061037466,0.1,0.09,-6.4778724,21600.0
0.8383613,0.06453082,0.20162305,216,4340.0,0.061034486,0.0,0.12,-7.0218077,21700.0
0.83836436,0.064677045,0.20163277,217,4360.0,0.061037328,0.25,0.06,-5.5622115,21800.0
0.8383685,0.06474641,0.2016271,218,4380.0,0.061049405,0.1,0.11,-5.3196783,21900.0
0.83835703,0.06483869,0.20163673,219,4400.0,0.061062034,0.15,0.13,-6.0479774,22000.0
0.8383625,0.065018766,0.20165034,220,4420.0,0.061070893,0.05,0.07,-7.0099764,22100.0
0.8383685,0.065100364,0.20164467,221,4440.0,0.061057363,0.0,0.15,-7.1281343,22200.0
0.8383618,0.06529185,0.20165592,222,4460.0,0.061067004,0.15,0.06,-6.3356504,22300.0
0.83835834,0.06548408,0.20166475,223,4480.0,0.0610864,0.1,0.12,-6.7999544,22400.0
0.83835435,0.06565848,0.20166983,224,4500.0,0.061065856,0.05,0.08,-7.409762,22500.0
0.8383362,0.06573507,0.20167206,225,4520.0,0.061061163,0.1,0.06,-6.7127976,22600.0
0.8383427,0.0659569,0.20167018,226,4540.0,0.061072294,0.1,0.07,-6.100503,22700.0
0.8383381,0.066152155,0.20167832,227,4560.0,0.061070587,0.2,0.08,-6.1453753,22800.0
0.83832437,0.06626043,0.20168075,228,4580.0,0.061067715,0.1,0.07,-6.290927,22900.0
0.8383201,0.06635301,0.20168523,229,4600.0,0.061090317,0.25,0.11,-6.8170686,23000.0
0.8383228,0.066482276,0.20168836,230,4620.0,0.061086748,0.2,0.06,-6.6795845,23100.0
0.8383507,0.06662682,0.20169918,231,4640.0,0.06108904,0.2,0.11,-5.9446073,23200.0
0.83833224,0.0667986,0.20171344,232,4660.0,0.06109591,0.1,0.06,-5.407894,23300.0
0.8383262,0.06689095,0.20172352,233,4680.0,0.061121598,0.1,0.08,-8.20117,23400.0
0.83833975,0.06700953,0.20172398,234,4700.0,0.06113225,0.25,0.11,-5.4980083,23500.0
0.83830315,0.06712635,0.20171915,235,4720.0,0.06112607,0.05,0.04,-6.6950355,23600.0
0.8382928,0.067213714,0.201726,236,4740.0,0.061129734,0.1,0.09,-7.247003,23700.0
0.83827525,0.06726043,0.20174484,237,4760.0,0.061126646,0.3,0.05,-6.125441,23800.0
0.83829457,0.06728634,0.20174816,238,4780.0,0.061120566,0.05,0.14,-6.0796223,23900.0
0.83830374,0.067378655,0.20174976,239,4800.0,0.0611272,0.2,0.05,-6.707099,24000.0
0.8382611,0.067524426,0.20176075,240,4820.0,0.061128464,0.2,0.09,-4.984559,24100.0
0.83828956,0.06771608,0.20176224,241,4840.0,0.061126176,0.15,0.11,-5.6525135,24200.0
0.8383135,0.06783878,0.2017828,242,4860.0,0.06112114,0.15,0.11,-5.0061793,24300.0
0.8383177,0.06798483,0.2017983,243,4880.0,0.061126307,0.15,0.11,-6.8667274,24400.0
0.8383258,0.06805274,0.20180322,244,4900.0,0.06111668,0.15,0.16,-6.236266,24500.0
0.83831424,0.06816555,0.20182289,245,4920.0,0.061126992,0.3,0.12,-5.995362,24600.0
0.83830947,0.06840208,0.20182376,246,4940.0,0.06113489,0.15,0.1,-4.752494,24700.0
0.83830327,0.06852629,0.20181906,247,4960.0,0.061122295,0.35,0.06,-4.425784,24800.0
0.83830166,0.06862094,0.20183194,248,4980.0,0.06112321,0.3,0.04,-4.912483,24900.0
0.8382897,0.06875577,0.2018379,249,5000.0,0.061124828,0.1,0.06,-5.676064,25000.0
0.83830804,0.06890604,0.20183067,250,5020.0,0.061126884,0.3,0.12,-5.1280713,25100.0
0.8383139,0.06911553,0.20184727,251,5040.0,0.06111966,0.15,0.11,-7.1497345,25200.0
0.83831006,0.06922326,0.20185669,252,5060.0,0.06112999,0.3,0.13,-5.828581,25300.0
0.8382948,0.069334365,0.20187162,253,5080.0,0.06113768,0.2,0.14,-6.3594947,25400.0
0.83830863,0.069442585,0.20187195,254,5100.0,0.061122432,0.2,0.15,-5.5646996,25500.0
0.838326,0.06955883,0.20187587,255,5120.0,0.061131373,0.25,0.1,-6.1383467,25600.0
0.83832866,0.069624394,0.2018847,256,5140.0,0.061144326,0.3,0.18,-5.5537376,25700.0
0.8383333,0.06977963,0.20189361,257,5160.0,0.061147753,0.25,0.1,-5.014895,25800.0
0.8383201,0.069824524,0.20189306,258,5180.0,0.06113504,0.4,0.09,-5.1035295,25900.0
0.8383534,0.06989936,0.20190725,259,5200.0,0.061134342,0.2,0.12,-6.1435947,26000.0
0.8383511,0.069978334,0.20190391,260,5220.0,0.061144765,0.25,0.11,-5.266837,26100.0
0.83833104,0.070080444,0.2019233,261,5240.0,0.061135843,0.1,0.11,-6.8624406,26200.0
0.83830947,0.0701647,0.20191436,262,5260.0,0.061135616,0.3,0.13,-4.0162487,26300.0
0.8382701,0.07023172,0.20191649,263,5280.0,0.06113321,0.35,0.1,-5.312021,26400.0
0.8382929,0.07029132,0.20193203,264,5300.0,0.061135724,0.2,0.12,-5.332985,26500.0
0.8383127,0.07035216,0.20194297,265,5320.0,0.061141346,0.45,0.15,-4.980133,26600.0
0.83829373,0.07050513,0.20195486,266,5340.0,0.06113058,0.2,0.13,-6.08206,26700.0
0.8382911,0.070564985,0.20196562,267,5360.0,0.06113172,0.1,0.16,-5.231646,26800.0
0.83831024,0.07063297,0.20197594,268,5380.0,0.061129197,0.4,0.14,-4.436767,26900.0
0.83830374,0.070657454,0.20198624,269,5400.0,0.06113504,0.3,0.11,-5.0224137,27000.0
0.83830285,0.070682555,0.20199072,270,5420.0,0.061133098,0.1,0.12,-5.001681,27100.0
0.83830565,0.07079236,0.20199993,271,5440.0,0.061123237,0.2,0.08,-4.777884,27200.0
0.838334,0.07086646,0.20199971,272,5460.0,0.061125983,0.2,0.13,-5.4252906,27300.0
0.83833426,0.07091123,0.20200758,273,5480.0,0.061134115,0.2,0.15,-5.1868734,27400.0
0.8383339,0.07106484,0.20201044,274,5500.0,0.061132047,0.25,0.14,-4.0725985,27500.0
0.8383534,0.0711665,0.20201479,275,5520.0,0.06114477,0.2,0.07,-5.848577,27600.0
0.8383705,0.0712584,0.20200044,276,5540.0,0.06113641,0.25,0.08,-4.4068937,27700.0
0.83837414,0.07129761,0.20201415,277,5560.0,0.061134454,0.35,0.14,-3.7200058,27800.0
0.83837396,0.07144594,0.2020239,278,5580.0,0.06113215,0.1,0.14,-4.681014,27900.0
0.8383544,0.0715512,0.20202026,279,5600.0,0.061127912,0.2,0.09,-4.7682123,28000.0
0.8383743,0.07159365,0.2020224,280,5620.0,0.06113032,0.2,0.15,-4.689618,28100.0
0.8383642,0.071663596,0.20202221,281,5640.0,0.06114212,0.25,0.13,-3.4720256,28200.0
0.83837336,0.07178726,0.20203163,282,5660.0,0.06114201,0.1,0.14,-3.020116,28300.0
0.83837825,0.07180458,0.20203026,283,5680.0,0.061130885,0.1,0.07,-3.4371266,28400.0
0.83838755,0.0718088,0.20202686,284,5700.0,0.061136052,0.25,0.07,-5.1568336,28500.0
0.8383806,0.071889356,0.2020287,285,5720.0,0.061131466,0.2,0.11,-3.3792465,28600.0
0.83838123,0.07193656,0.20204845,286,5740.0,0.061126187,0.1,0.09,-3.8816566,28700.0
0.83836895,0.07194769,0.20205314,287,5760.0,0.06111954,0.2,0.11,-3.348537,28800.0
0.8383686,0.07200804,0.20207079,288,5780.0,0.061111625,0.1,0.09,-3.5525532,28900.0
0.8383717,0.07205079,0.20207205,289,5800.0,0.061111983,0.3,0.15,-4.0637093,29000.0
0.8384102,0.07211834,0.20207316,290,5820.0,0.06110819,0.0,0.13,-5.619685,29100.0
0.83843535,0.07219353,0.20208277,291,5840.0,0.061106462,0.05,0.08,-4.559372,29200.0
0.83842236,0.07222171,0.2020889,292,5860.0,0.061102215,0.25,0.12,-4.31898,29300.0
0.83843154,0.07239947,0.20210558,293,5880.0,0.061096136,0.1,0.09,-3.0294178,29400.0
0.83844143,0.07248347,0.20211294,294,5900.0,0.061105076,0.0,0.11,-3.313137,29500.0
0.83844525,0.07252895,0.20211104,295,5920.0,0.061111715,0.15,0.12,-3.1109335,29600.0
0.83843917,0.072559185,0.20210813,296,5940.0,0.0611181,0.1,0.1,-5.79395,29700.0
0.8384476,0.07260092,0.20212397,297,5960.0,0.061113182,0.05,0.1,-4.854507,29800.0
0.8384468,0.07264001,0.20212781,298,5980.0,0.061125662,0.0,0.15,-4.96314,29900.0
0.8384469,0.07265649,0.20212765,299,6000.0,0.061128516,0.1,0.18,-3.575912,30000.0
0.8384703,0.07267309,0.20213053,300,6020.0,0.0611245,0.2,0.06,-3.1484654,30100.0
0.8384579,0.07276226,0.20214522,301,6040.0,0.061130013,0.1,0.13,-4.718156,30200.0
0.83845,0.072828755,0.20215216,302,6060.0,0.06111889,0.15,0.14,-3.4747882,30300.0
0.83846354,0.07295747,0.20216003,303,6080.0,0.06111717,0.1,0.12,-3.3210778,30400.0
0.83845425,0.073017076,0.20216842,304,6100.0,0.06112279,0.2,0.13,-3.3061643,30500.0
0.838443,0.07308396,0.20217595,305,6120.0,0.061115656,0.1,0.11,-3.2960448,30600.0
0.83843493,0.073188566,0.20218311,306,6140.0,0.061112355,0.15,0.05,-2.2571247,30700.0
0.8384387,0.073282935,0.2021989,307,6160.0,0.061116472,0.1,0.14,-4.2385397,30800.0
0.8384526,0.07337086,0.20220166,308,6180.0,0.06111109,0.05,0.09,-3.7527466,30900.0
0.83845645,0.073468655,0.2022142,309,6200.0,0.06110938,0.15,0.11,-3.3173485,31000.0
0.83844894,0.07354695,0.20222536,310,6220.0,0.061105374,0.1,0.14,-4.156832,31100.0
0.8384736,0.07365132,0.20224477,311,6240.0,0.061096426,0.25,0.14,-3.7881017,31200.0
0.8384978,0.07377679,0.20224842,312,6260.0,0.061099637,0.15,0.12,-3.6371531,31300.0
0.83850193,0.07389758,0.20225823,313,6280.0,0.061097566,0.05,0.13,-2.3894744,31400.0
0.8384986,0.07398475,0.20226376,314,6300.0,0.061102618,0.1,0.22,-4.345084,31500.0
0.8384826,0.07406893,0.20227015,315,6320.0,0.06110182,0.2,0.12,-3.6788108,31600.0
0.83847,0.07415032,0.20228297,316,6340.0,0.06108978,0.05,0.12,-3.2399266,31700.0
0.83847874,0.07421668,0.2022931,317,6360.0,0.061081167,0.0,0.09,-2.2723355,31800.0
0.8384659,0.07437295,0.20230228,318,6380.0,0.061079334,0.25,0.17,-3.3137233,31900.0
0.8384671,0.07440248,0.20230953,319,6400.0,0.061075773,0.1,0.16,-3.210347,32000.0
0.83846736,0.07446058,0.20231126,320,6420.0,0.061068114,0.1,0.14,-3.426335,32100.0
0.83847827,0.07455208,0.20232505,321,6440.0,0.06105719,0.05,0.11,-3.1792002,32200.0
0.8384788,0.07462681,0.20234509,322,6460.0,0.061055463,0.0,0.14,-3.1357994,32300.0
0.8384755,0.07464964,0.20235212,323,6480.0,0.061048117,0.1,0.12,-2.962326,32400.0
0.8384766,0.07471781,0.20236059,324,6500.0,0.061045036,0.3,0.11,-2.4767935,32500.0
0.8384898,0.07478647,0.20236671,325,6520.0,0.061054915,0.1,0.2,-2.1471927,32600.0
0.8384802,0.07486436,0.20237957,326,6540.0,0.061063062,0.15,0.15,-2.2729762,32700.0
0.8384797,0.07486734,0.20238727,327,6560.0,0.0610563,0.25,0.12,-2.8172991,32800.0
0.8384802,0.074884675,0.20239966,328,6580.0,0.06106561,0.25,0.09,-1.8838518,32900.0
0.83848643,0.07493447,0.20240457,329,6600.0,0.061068013,0.15,0.08,-2.3403914,33000.0
0.83849454,0.07498568,0.20239726,330,6620.0,0.06106274,0.15,0.11,-2.3566678,33100.0
0.83849126,0.07499457,0.20240246,331,6640.0,0.06106229,0.35,0.07,-2.3373022,33200.0
0.8385001,0.07500681,0.20240608,332,6660.0,0.061063323,0.35,0.14,-3.217876,33300.0
0.83848333,0.07503354,0.2024109,333,6680.0,0.061063435,0.25,0.23,-2.8327758,33400.0
0.83845335,0.07502826,0.2024115,334,6700.0,0.061064675,0.1,0.19,-3.1215458,33500.0
0.8384344,0.075083755,0.2024192,335,6720.0,0.061064225,0.0,0.15,-2.8707628,33600.0
0.8384438,0.07517634,0.20241879,336,6740.0,0.061068352,0.1,0.18,-3.6228747,33700.0
0.83845764,0.075219475,0.20242247,337,6760.0,0.06106652,0.2,0.06,-3.5048847,33800.0
0.8384548,0.07527208,0.20243679,338,6780.0,0.061068352,0.55,0.09,-2.9972413,33900.0
0.83846754,0.07532751,0.2024424,339,6800.0,0.061076958,0.35,0.14,-3.4131274,34000.0
0.8384588,0.07539531,0.20245162,340,6820.0,0.06107204,0.3,0.13,-3.1665256,34100.0
0.83844477,0.07541771,0.2024526,341,6840.0,0.061069284,0.1,0.19,-3.480986,34200.0
0.8384349,0.07545021,0.20246191,342,6860.0,0.06108397,0.25,0.17,-3.4671378,34300.0
0.83843964,0.0755366,0.20247686,343,6880.0,0.06108007,0.4,0.12,-2.9454226,34400.0
0.83845705,0.0755543,0.20248093,344,6900.0,0.061069284,0.25,0.14,-2.5468335,34500.0
0.83844876,0.07561129,0.20248482,345,6920.0,0.06106207,0.25,0.23,-2.7392223,34600.0
0.83844703,0.07565713,0.20250022,346,6940.0,0.061065163,0.3,0.17,-2.4325054,34700.0
0.83845305,0.075750075,0.2025062,347,6960.0,0.061062977,0.35,0.15,-2.779305,34800.0
0.8384361,0.07578783,0.20252287,348,6980.0,0.061068837,0.4,0.17,-2.709654,34900.0
0.8384437,0.07585895,0.20254153,349,7000.0,0.061075017,0.3,0.17,-2.4876683,35000.0
0.8384561,0.07595554,0.20253758,350,7020.0,0.061085124,0.3,0.18,-2.7742324,35100.0
0.83846265,0.07603219,0.20254087,351,7040.0,0.06108019,0.2,0.22,-2.7207248,35200.0
0.8384638,0.07611659,0.20253725,352,7060.0,0.06108065,0.55,0.14,-2.2511268,35300.0
0.8384554,0.0761883,0.20253861,353,7080.0,0.06107882,0.35,0.2,-2.2747219,35400.0
0.8384543,0.07633014,0.20254692,354,7100.0,0.061078478,0.2,0.19,-2.7198322,35500.0
0.83847404,0.076416895,0.20253481,355,7120.0,0.061072502,0.35,0.16,-2.03458,35600.0
0.83847505,0.076546915,0.20252141,356,7140.0,0.06106699,0.2,0.2,-2.7052145,35700.0
0.83848566,0.07660681,0.20252562,357,7160.0,0.061075125,0.4,0.18,-1.9126431,35800.0
0.83847,0.07664922,0.2025286,358,7180.0,0.061075237,0.3,0.17,-1.8281107,35900.0
0.83845663,0.07667343,0.20253116,359,7200.0,0.061085686,0.4,0.22,-1.8514016,36000.0
0.83844787,0.076707095,0.2025378,360,7220.0,0.061073426,0.2,0.18,-2.6478457,36100.0
0.8384604,0.076777324,0.20254116,361,7240.0,0.06107137,0.2,0.17,-2.9712913,36200.0
0.8384567,0.07681045,0.2025462,362,7260.0,0.06106094,0.25,0.12,-2.5516458,36300.0
0.8384722,0.07690489,0.20255779,363,7280.0,0.06106427,0.15,0.17,-2.5322948,36400.0
0.83846235,0.07703546,0.2025669,364,7300.0,0.061061177,0.2,0.17,-2.182725,36500.0
0.838463,0.07716644,0.20258754,365,7320.0,0.06105842,0.15,0.19,-3.012913,36600.0
0.8384709,0.07726554,0.20260349,366,7340.0,0.061067596,0.4,0.13,-2.2973778,36700.0
0.8384719,0.077291325,0.20260552,367,7360.0,0.061065197,0.5,0.2,-2.1432693,36800.0
0.838471,0.07735601,0.20260735,368,7380.0,0.061073568,0.25,0.16,-3.0105298,36900.0
0.8384816,0.07741243,0.2026147,369,7400.0,0.061066683,0.3,0.14,-2.8672345,37000.0
0.838481,0.0775067,0.20260975,370,7420.0,0.06106977,0.2,0.11,-2.5526679,37100.0
0.83849233,0.07760668,0.20260634,371,7440.0,0.061075166,0.4,0.18,-2.0422933,37200.0
0.83848816,0.07768527,0.20260246,372,7460.0,0.061070915,0.45,0.24,-1.9897509,37300.0
0.8384679,0.07776967,0.20260605,373,7480.0,0.06107023,0.2,0.21,-1.8227828,37400.0
0.83845204,0.07782712,0.2025959,374,7500.0,0.06106862,0.35,0.2,-1.9636654,37500.0
0.8384452,0.07791891,0.20259517,375,7520.0,0.061076548,0.2,0.19,-1.9933968,37600.0
0.83845186,0.07803054,0.2026205,376,7540.0,0.06107286,0.35,0.16,-1.9208618,37700.0
0.8384624,0.07811435,0.20262158,377,7560.0,0.06108171,0.55,0.21,-1.9395641,37800.0
0.838468,0.078179434,0.20262761,378,7580.0,0.06108262,0.55,0.21,-1.8782265,37900.0
0.8384664,0.07824223,0.2026258,379,7600.0,0.061084446,0.3,0.12,-2.196539,38000.0
0.8384797,0.07837582,0.20262386,380,7620.0,0.061081007,0.3,0.15,-1.9294716,38100.0
0.83850527,0.078415126,0.2026208,381,7640.0,0.061078604,0.3,0.22,-1.5720915,38200.0
0.83850026,0.07845872,0.20262307,382,7660.0,0.061081346,0.4,0.24,-1.6553005,38300.0
0.83850056,0.078535795,0.2026165,383,7680.0,0.061085586,0.55,0.21,-1.3431721,38400.0
0.8384898,0.07859723,0.20260878,384,7700.0,0.061084453,0.45,0.18,-1.432976,38500.0
0.8384926,0.07868348,0.20260987,385,7720.0,0.061092366,0.45,0.21,-1.2469984,38600.0
0.838506,0.078739464,0.20261204,386,7740.0,0.061088577,0.45,0.18,-1.709899,38700.0
0.8385039,0.07880041,0.20260696,387,7760.0,0.061091896,0.5,0.27,-1.4263152,38800.0
0.8385202,0.07889979,0.20260602,388,7780.0,0.061091106,0.65,0.2,-1.2682124,38900.0
0.83852166,0.07897608,0.2026045,389,7800.0,0.061088935,0.25,0.23,-1.0009794,39000.0
0.8385122,0.079034194,0.20260169,390,7820.0,0.061081592,0.2,0.26,-1.4921631,39100.0
0.8385188,0.0791348,0.20260873,391,7840.0,0.06107449,0.25,0.15,-1.2356858,39200.0
0.8385193,0.079229966,0.20260654,392,7860.0,0.061071504,0.2,0.28,-1.2322637,39300.0
0.83851105,0.079320766,0.20260783,393,7880.0,0.06106933,0.3,0.22,-1.1790103,39400.0
0.83851784,0.07941245,0.20261173,394,7900.0,0.06105867,0.15,0.24,-0.932714,39500.0
0.8385226,0.07950148,0.20261715,395,7920.0,0.06105787,0.15,0.13,-1.4442688,39600.0
0.83851653,0.07955806,0.20262332,396,7940.0,0.06106245,0.1,0.17,-1.2887075,39700.0
0.8385267,0.07963394,0.20262848,397,7960.0,0.061064515,0.3,0.23,-0.8287529,39800.0
0.8385441,0.07968721,0.20264837,398,7980.0,0.06106682,0.2,0.26,-1.0740451,39900.0
0.83853716,0.07971942,0.20266242,399,8000.0,0.061063837,0.35,0.21,-1.1151445,40000.0
0.83853143,0.07977624,0.2026757,400,8020.0,0.061061546,0.3,0.12,-1.0514765,40100.0
0.83852434,0.079791605,0.20268501,401,8040.0,0.06106201,0.35,0.13,-1.3308554,40200.0
0.83853513,0.07983146,0.20267983,402,8060.0,0.061064634,0.3,0.22,-1.3580524,40300.0
0.8385265,0.07992101,0.20268337,403,8080.0,0.06107026,0.35,0.18,-1.1376488,40400.0
0.8385327,0.079967044,0.20269115,404,8100.0,0.061070498,0.35,0.18,-1.0033879,40500.0
0.8385275,0.08004274,0.20268926,405,8120.0,0.061076794,0.55,0.21,-1.1559436,40600.0
0.8385155,0.08008108,0.20269082,406,8140.0,0.061074164,0.45,0.13,-1.039271,40700.0
0.8385361,0.08018688,0.20269631,407,8160.0,0.061076686,0.35,0.16,-1.3532077,40800.0
0.83854693,0.080265895,0.20270032,408,8180.0,0.061076447,0.3,0.15,-1.176439,40900.0
0.83854574,0.080326974,0.20270742,409,8200.0,0.061073232,0.4,0.14,-1.250029,41000.0
0.8385496,0.08038074,0.20270853,410,8220.0,0.061064284,0.4,0.23,-1.2577119,41100.0
0.83854705,0.0804518,0.20271623,411,8240.0,0.06106853,0.45,0.18,-1.0918188,41200.0
0.838542,0.08050744,0.20271006,412,8260.0,0.06107449,0.55,0.2,-1.4171143,41300.0
0.83854324,0.08055119,0.2027152,413,8280.0,0.06107013,0.4,0.16,-1.1152847,41400.0
0.83853716,0.08060616,0.20271067,414,8300.0,0.061070364,0.45,0.25,-1.2602619,41500.0
0.8385384,0.080644004,0.20271158,415,8320.0,0.061068874,0.2,0.19,-1.4016187,41600.0
0.8385406,0.08067035,0.20271288,416,8340.0,0.061072994,0.45,0.21,-1.3646263,41700.0
0.8385317,0.080693595,0.20271154,417,8360.0,0.061069205,0.4,0.23,-1.5398424,41800.0
0.83854026,0.08073286,0.2027054,418,8380.0,0.06106587,0.5,0.17,-1.4236438,41900.0
0.8385485,0.08080698,0.20270932,419,8400.0,0.061058417,0.5,0.15,-1.2864904,42000.0
0.8385379,0.080882385,0.20270914,420,8420.0,0.061054405,0.5,0.25,-1.4817622,42100.0
0.8385375,0.080926225,0.20271058,421,8440.0,0.061056573,0.75,0.19,-1.1308951,42200.0
0.83854014,0.08096852,0.20270677,422,8460.0,0.061050262,0.35,0.23,-1.4645693,42300.0
0.8385229,0.08101753,0.20270449,423,8480.0,0.061053947,0.45,0.17,-1.2788813,42400.0
0.8385031,0.08108316,0.20270053,424,8500.0,0.061058182,0.5,0.22,-1.524142,42500.0
0.83851147,0.081117414,0.20269379,425,8520.0,0.06105647,0.35,0.21,-1.6422161,42600.0
0.83849597,0.08119235,0.20268391,426,8540.0,0.061058864,0.65,0.23,-1.3361108,42700.0
0.8384919,0.081252314,0.20267417,427,8560.0,0.061051864,0.65,0.19,-1.5510675,42800.0
0.83849317,0.08129845,0.20267196,428,8580.0,0.06104912,0.6,0.24,-1.4383658,42900.0
0.83848363,0.08135069,0.20266674,429,8600.0,0.061047513,0.45,0.21,-1.2845914,43000.0
0.8384852,0.08142181,0.20266314,430,8620.0,0.061043844,0.8,0.18,-1.0966747,43100.0
0.83849555,0.08148766,0.20266065,431,8640.0,0.061051298,0.4,0.2,-1.3705654,43200.0
0.8384991,0.08155161,0.20265931,432,8660.0,0.061054174,0.4,0.26,-1.3842733,43300.0
0.8384971,0.08161797,0.20265631,433,8680.0,0.061062213,0.75,0.25,-1.2990878,43400.0
0.83848566,0.08167741,0.20265856,434,8700.0,0.06106095,0.45,0.17,-1.4550319,43500.0
0.8384943,0.08174291,0.20265701,435,8720.0,0.061059568,0.5,0.22,-1.3909533,43600.0
0.8385001,0.081762224,0.20265558,436,8740.0,0.06105372,0.7,0.17,-1.2233535,43700.0
0.83850545,0.08178844,0.20265748,437,8760.0,0.061051536,0.55,0.27,-1.5392842,43800.0
0.83850193,0.08183353,0.20265588,438,8780.0,0.061053723,0.5,0.22,-1.7010695,43900.0
0.8385063,0.081921384,0.2026603,439,8800.0,0.061057735,0.6,0.16,-1.5214775,44000.0
0.8385063,0.081971824,0.20265819,440,8820.0,0.061058547,0.7,0.17,-1.2582406,44100.0
0.8385038,0.08201135,0.20264803,441,8840.0,0.061053947,0.8,0.25,-1.2490448,44200.0
0.8385039,0.08204196,0.20263542,442,8860.0,0.06104752,0.75,0.29,-1.4461426,44300.0
0.8385063,0.08211133,0.20263599,443,8880.0,0.061044767,0.5,0.26,-1.5072467,44400.0
0.83851093,0.08218769,0.20263536,444,8900.0,0.061046615,0.9,0.29,-1.2761294,44500.0
0.83850783,0.08224449,0.20263058,445,8920.0,0.061043393,0.95,0.28,-1.1688122,44600.0
0.8385227,0.08229856,0.20262642,446,8940.0,0.061043736,0.6,0.21,-1.4419657,44700.0
0.83852607,0.08235034,0.20263134,447,8960.0,0.06104109,0.5,0.15,-1.5781415,44800.0
0.83852124,0.082377955,0.20262976,448,8980.0,0.061038908,0.65,0.22,-1.2576103,44900.0
0.8385114,0.08240893,0.20263612,449,9000.0,0.061039943,0.6,0.26,-1.480977,45000.0
0.83850455,0.08243432,0.20263785,450,9020.0,0.0610365,0.8,0.2,-1.3227429,45100.0
0.83851796,0.08245414,0.20263168,451,9040.0,0.061038908,0.75,0.2,-1.3011618,45200.0
0.8385077,0.08249948,0.20263489,452,9060.0,0.061040863,0.65,0.21,-1.3649093,45300.0
0.8385125,0.082525685,0.20263174,453,9080.0,0.061035242,0.65,0.24,-1.4760367,45400.0
0.8385117,0.08258544,0.2026291,454,9100.0,0.061038572,0.75,0.22,-1.4602225,45500.0
0.8385163,0.08261455,0.20263468,455,9120.0,0.061034333,0.65,0.17,-1.3159775,45600.0
0.83852047,0.08267149,0.20263325,456,9140.0,0.061040755,0.35,0.22,-1.4469193,45700.0
0.83851266,0.08274634,0.20264375,457,9160.0,0.06103685,0.4,0.19,-1.4766233,45800.0
0.83850306,0.082798235,0.2026378,458,9180.0,0.061029162,0.6,0.14,-1.553729,45900.0
0.8385174,0.0828912,0.20263651,459,9200.0,0.06102617,0.55,0.25,-1.3197781,46000.0
0.83850366,0.08292926,0.20263773,460,9220.0,0.061034556,0.8,0.17,-1.6600641,46100.0
0.83850646,0.08295852,0.2026421,461,9240.0,0.061036732,0.65,0.21,-1.5215623,46200.0
0.8385156,0.08299571,0.2026365,462,9260.0,0.061038107,0.75,0.25,-1.3750681,46300.0
0.83850837,0.08300704,0.20263427,463,9280.0,0.06103903,0.65,0.18,-1.3764207,46400.0
0.83850676,0.08305021,0.2026288,464,9300.0,0.061045572,0.6,0.18,-1.421058,46500.0
0.8385127,0.08307337,0.20262966,465,9320.0,0.061048444,0.7,0.22,-1.5047854,46600.0
0.83850116,0.083126485,0.20262437,466,9340.0,0.06104294,0.45,0.21,-1.7150627,46700.0
0.83851194,0.08316751,0.20262377,467,9360.0,0.06104145,0.6,0.19,-1.6331017,46800.0
0.83851814,0.083216675,0.20261322,468,9380.0,0.06103835,0.65,0.2,-1.1831936,46900.0
0.8385096,0.08326139,0.20260924,469,9400.0,0.061040524,0.75,0.17,-1.656565,47000.0
0.83850175,0.08331391,0.2026004,470,9420.0,0.061037537,0.5,0.22,-1.4838097,47100.0
0.83851,0.0833703,0.20260483,471,9440.0,0.06104293,0.65,0.24,-1.4768751,47200.0
0.8384995,0.08339057,0.2026038,472,9460.0,0.0610427,0.6,0.31,-1.6172123,47300.0
0.83849865,0.083433,0.20260327,473,9480.0,0.061048895,0.55,0.27,-1.8957916,47400.0
0.83849853,0.083467446,0.20260304,474,9500.0,0.06104453,0.55,0.22,-1.8872137,47500.0
0.8384857,0.083529465,0.2025958,475,9520.0,0.061048195,0.55,0.2,-1.8670156,47600.0
0.8384884,0.08356519,0.20260212,476,9540.0,0.061047394,0.55,0.22,-1.6015222,47700.0
0.83847934,0.08360887,0.20260061,477,9560.0,0.061049577,0.55,0.18,-1.7914816,47800.0
0.83848596,0.083634645,0.20259611,478,9580.0,0.061050255,0.6,0.18,-1.8383106,47900.0
0.8384835,0.083695844,0.20258942,479,9600.0,0.061044294,0.5,0.24,-1.6414759,48000.0
0.8384823,0.08374067,0.20258619,480,9620.0,0.061046716,0.75,0.18,-1.6993122,48100.0
0.8384904,0.08376407,0.2025829,481,9640.0,0.061043043,0.45,0.23,-2.0895848,48200.0
0.8384929,0.08381701,0.20257874,482,9660.0,0.06104419,0.6,0.17,-1.7479416,48300.0
0.8384858,0.08388871,0.20257372,483,9680.0,0.061046496,0.75,0.17,-1.5673087,48400.0
0.8384773,0.08396992,0.20256771,484,9700.0,0.061042026,0.7,0.16,-1.7758038,48500.0
0.8384664,0.08402318,0.2025682,485,9720.0,0.061045125,0.75,0.21,-1.719578,48600.0
0.8384698,0.08404502,0.20256028,486,9740.0,0.061047528,0.65,0.15,-1.6318697,48700.0
0.83845395,0.08408277,0.20255035,487,9760.0,0.061046954,0.8,0.27,-1.5286824,48800.0
0.8384405,0.084130175,0.20253749,488,9780.0,0.061053026,0.6,0.24,-1.5684589,48900.0
0.8384436,0.084194586,0.2025336,489,9800.0,0.061051533,0.75,0.15,-1.7098293,49000.0
0.83844644,0.08422701,0.20253317,490,9820.0,0.061048314,0.75,0.23,-1.8558216,49100.0
0.8384332,0.08423669,0.20253855,491,9840.0,0.061046943,0.7,0.22,-1.8669065,49200.0
0.83841366,0.08428138,0.20253216,492,9860.0,0.061051305,0.6,0.18,-1.7582219,49300.0
0.8384304,0.08434634,0.20253363,493,9880.0,0.06105348,0.45,0.17,-1.7830452,49400.0
0.83844227,0.08439324,0.20253454,494,9900.0,0.061047863,0.65,0.18,-1.6670376,49500.0
0.83843297,0.084443286,0.20253904,495,9920.0,0.061054513,0.6,0.21,-1.6840839,49600.0
0.83844376,0.08449695,0.20255135,496,9940.0,0.061060596,0.45,0.2,-1.8297952,49700.0
0.8384571,0.08455643,0.20255697,497,9960.0,0.061065182,0.65,0.27,-2.0892081,49800.0
0.8384544,0.08458031,0.20255016,498,9980.0,0.06106403,0.55,0.25,-1.7734655,49900.0
0.8384461,0.084619805,0.20254421,499,10000.0,0.061061967,0.4,0.24,-2.0996127,50000.0
0.8384509,0.08466676,0.20254816,500,10020.0,0.061063457,0.75,0.3,-1.9177262,50100.0
0.83845043,0.084694974,0.20253909,501,10040.0,0.061059665,0.7,0.28,-1.837792,50200.0
0.8384507,0.08475147,0.20253557,502,10060.0,0.06106207,0.95,0.25,-1.5589508,50300.0
0.838443,0.08479931,0.20253094,503,10080.0,0.061062183,0.9,0.31,-1.6228011,50400.0
0.8384432,0.08483985,0.202532,504,10100.0,0.06107388,0.85,0.29,-1.687022,50500.0
0.83845526,0.0848565,0.20253895,505,10120.0,0.061073765,0.65,0.2,-1.5791684,50600.0
0.8384611,0.084912136,0.20253366,506,10140.0,0.061079044,0.65,0.23,-1.7062851,50700.0
0.83845353,0.084947325,0.20253555,507,10160.0,0.061078932,0.9,0.36,-1.6377112,50800.0
0.8384499,0.08500869,0.2025292,508,10180.0,0.061077204,0.8,0.25,-1.7700078,50900.0
0.8384612,0.08505923,0.20251808,509,10200.0,0.061072264,0.7,0.23,-1.8483131,51000.0
0.8384545,0.08510633,0.20251535,510,10220.0,0.061076507,0.7,0.2,-1.6979263,51100.0
0.8384457,0.08517552,0.2025137,511,10240.0,0.061072603,0.85,0.22,-1.7080195,51200.0
0.83845204,0.08522405,0.20251575,512,10260.0,0.061074194,0.8,0.16,-2.1091862,51300.0
0.8384478,0.085269384,0.20250578,513,10280.0,0.061076954,0.75,0.31,-1.7606487,51400.0
0.83844537,0.08530964,0.20251185,514,10300.0,0.06107053,0.65,0.17,-1.6626552,51500.0
0.83845764,0.0853698,0.2025051,515,10320.0,0.061072487,0.8,0.28,-1.6804154,51600.0
0.83846235,0.08539779,0.2024974,516,10340.0,0.06107145,0.85,0.21,-1.7882035,51700.0
0.8384617,0.08543696,0.20249334,517,10360.0,0.061075017,0.75,0.23,-1.8762716,51800.0
0.8384604,0.08547607,0.20248754,518,10380.0,0.061075702,0.7,0.2,-1.8014889,51900.0
0.8384674,0.08551511,0.2024891,519,10400.0,0.06107433,0.7,0.21,-2.145182,52000.0
0.8384587,0.08555614,0.20248568,520,10420.0,0.061070308,0.75,0.31,-1.8861669,52100.0
0.83845633,0.08559499,0.2024727,521,10440.0,0.061069395,0.8,0.26,-1.582167,52200.0
0.83844703,0.08561828,0.20246679,522,10460.0,0.0610655,0.75,0.19,-1.8659836,52300.0
0.8384363,0.08565531,0.20246145,523,10480.0,0.061068024,0.65,0.22,-1.7480052,52400.0
0.8384364,0.0857002,0.20245525,524,10500.0,0.061066434,0.85,0.27,-1.6876993,52500.0
0.83844334,0.08572325,0.20245482,525,10520.0,0.061061725,0.85,0.22,-1.6917257,52600.0
0.838445,0.08575718,0.20245825,526,10540.0,0.061066434,0.65,0.21,-1.8013017,52700.0
0.8384474,0.08582601,0.20245084,527,10560.0,0.061065976,0.75,0.23,-1.7373211,52800.0
0.8384575,0.08587467,0.2024599,528,10580.0,0.06106242,0.85,0.26,-1.8952482,52900.0
0.83845735,0.08593532,0.20246029,529,10600.0,0.06105795,0.85,0.24,-1.8010536,53000.0
0.83846277,0.085983485,0.20246261,530,10620.0,0.061059896,0.75,0.23,-1.7468628,53100.0
0.83844894,0.08603463,0.202444,531,10640.0,0.061064586,0.65,0.22,-1.975078,53200.0
0.8384304,0.08611366,0.20244205,532,10660.0,0.061067,0.8,0.18,-1.8445956,53300.0
0.8384294,0.08615092,0.20244735,533,10680.0,0.061068837,0.7,0.32,-2.0010533,53400.0
0.83843404,0.086201295,0.20244753,534,10700.0,0.061072495,0.8,0.2,-1.8386467,53500.0
0.8384314,0.08625007,0.2024368,535,10720.0,0.061072156,0.6,0.27,-1.6588491,53600.0
0.83844113,0.08628121,0.2024332,536,10740.0,0.06106929,0.6,0.29,-1.9818404,53700.0
0.83843607,0.0863224,0.202434,537,10760.0,0.06106699,0.75,0.2,-1.7756283,53800.0
0.838432,0.08637452,0.20242734,538,10780.0,0.061063092,0.7,0.2,-1.8713379,53900.0
0.83842856,0.08643074,0.2024208,539,10800.0,0.061065387,0.7,0.24,-1.8181454,54000.0
0.8384368,0.08647391,0.20241131,540,10820.0,0.06106746,0.7,0.18,-1.8166587,54100.0
0.8384309,0.08651406,0.20240289,541,10840.0,0.06106401,0.95,0.2,-1.6773144,54200.0
0.8384293,0.08656587,0.2023945,542,10860.0,0.06106035,0.7,0.3,-1.4763496,54300.0
0.83842915,0.086605266,0.20239265,543,10880.0,0.061059315,0.7,0.25,-1.830871,54400.0
0.83843154,0.0866357,0.20238551,544,10900.0,0.06105335,0.7,0.15,-1.9301323,54500.0
0.83842355,0.08667377,0.2023716,545,10920.0,0.061048407,0.7,0.16,-1.7299588,54600.0
0.8384215,0.08671399,0.20236614,546,10940.0,0.06104898,0.85,0.19,-1.7334375,54700.0
0.83841705,0.086752824,0.20236416,547,10960.0,0.06104577,0.75,0.3,-1.8633591,54800.0
0.83841586,0.08679212,0.20235614,548,10980.0,0.061049093,0.75,0.28,-1.7018903,54900.0
0.83841664,0.08685379,0.20234814,549,11000.0,0.061047498,0.8,0.29,-1.8447002,55000.0
0.83841157,0.08689942,0.20234565,550,11020.0,0.061048415,0.85,0.28,-1.7014698,55100.0
0.8384139,0.086933225,0.20234802,551,11040.0,0.061043028,0.8,0.28,-1.7725767,55200.0
0.8384006,0.086966164,0.20234409,552,11060.0,0.061047275,0.75,0.19,-1.5833571,55300.0
0.83841205,0.08701196,0.20233299,553,11080.0,0.061053928,0.8,0.22,-1.6540229,55400.0
0.8384033,0.08706121,0.20232886,554,11100.0,0.061052885,0.8,0.27,-1.7963673,55500.0
0.83839846,0.087099075,0.20232707,555,11120.0,0.061054494,0.65,0.23,-1.8810736,55600.0
0.83840275,0.08712548,0.202324,556,11140.0,0.061049435,0.95,0.23,-1.7156241,55700.0
0.83840317,0.08718419,0.20233041,557,11160.0,0.061058734,0.85,0.36,-1.7516382,55800.0
0.8384113,0.08720222,0.20232996,558,11180.0,0.06105897,0.85,0.26,-1.6824039,55900.0
0.83840185,0.087220706,0.20233336,559,11200.0,0.06105782,0.85,0.24,-1.8706887,56000.0
0.8384116,0.0872599,0.20233154,560,11220.0,0.061060116,0.8,0.26,-1.741531,56100.0
0.8384237,0.087300666,0.20232897,561,11240.0,0.061062183,0.85,0.27,-1.6968807,56200.0
0.83842164,0.08733218,0.20232448,562,11260.0,0.06105667,0.9,0.3,-1.5303833,56300.0
0.8384218,0.08736123,0.20232363,563,11280.0,0.06105232,0.65,0.23,-1.5322499,56400.0
0.8384078,0.08742554,0.20231907,564,11300.0,0.061051633,0.9,0.24,-1.751714,56500.0
0.83842593,0.08746757,0.20231314,565,11320.0,0.06104876,0.85,0.24,-1.7936792,56600.0
0.83842754,0.087487385,0.2023173,566,11340.0,0.061047837,0.7,0.24,-1.7635196,56700.0
0.8384345,0.08753327,0.20231603,567,11360.0,0.06105059,0.85,0.24,-1.623511,56800.0
0.8384228,0.08755103,0.20230493,568,11380.0,0.061055068,0.6,0.29,-1.7306883,56900.0
0.83841306,0.087603785,0.20230803,569,11400.0,0.06105472,0.7,0.22,-1.8006623,57000.0
0.83840066,0.08763549,0.20230176,570,11420.0,0.061054602,0.75,0.21,-1.7106578,57100.0
0.838394,0.08767119,0.2022987,571,11440.0,0.06105173,0.75,0.32,-1.6579311,57200.0
0.8383999,0.08772989,0.20229465,572,11460.0,0.061046567,0.95,0.22,-1.8401444,57300.0
0.83839417,0.0877489,0.20228888,573,11480.0,0.061044157,0.65,0.2,-1.6769289,57400.0
0.83840257,0.087775946,0.20229721,574,11500.0,0.06104404,0.6,0.22,-1.7091782,57500.0
0.83840126,0.08780435,0.202296,575,11520.0,0.061048176,0.75,0.25,-1.7890329,57600.0
0.838396,0.087851286,0.20227998,576,11540.0,0.061044488,0.7,0.26,-1.6756458,57700.0
0.83838755,0.087888755,0.20227589,577,11560.0,0.06104656,0.7,0.23,-1.7241285,57800.0
0.83838826,0.08794009,0.2022679,578,11580.0,0.061050106,0.75,0.28,-1.8964427,57900.0
0.838382,0.08794932,0.20225863,579,11600.0,0.061045524,0.85,0.35,-1.7849649,58000.0
0.8383803,0.08796573,0.20225789,580,11620.0,0.06104851,0.7,0.28,-1.8752077,58100.0
0.83836824,0.08800383,0.20226106,581,11640.0,0.06104873,0.7,0.25,-1.7075504,58200.0
0.8383817,0.08805493,0.20225844,582,11660.0,0.061050218,0.8,0.22,-1.6442554,58300.0
0.8383846,0.088099696,0.20225811,583,11680.0,0.061050203,0.75,0.29,-1.959511,58400.0
0.8383996,0.088134006,0.20225872,584,11700.0,0.061046872,0.75,0.19,-1.9556402,58500.0
0.83840173,0.088152476,0.20225278,585,11720.0,0.061051473,0.5,0.27,-1.7786033,58600.0
0.838408,0.088180825,0.20224072,586,11740.0,0.06105629,0.75,0.25,-1.7434963,58700.0
0.83841366,0.08821429,0.20222785,587,11760.0,0.06105124,0.65,0.22,-1.6198059,58800.0
0.8384175,0.088257104,0.20222665,588,11780.0,0.061049283,0.8,0.32,-1.6902275,58900.0
0.8384196,0.088299416,0.20221926,589,11800.0,0.06105445,0.9,0.26,-1.6579454,59000.0
0.8384165,0.088338844,0.20222318,590,11820.0,0.061050672,0.85,0.23,-1.9115789,59100.0
0.83842057,0.08835626,0.20222124,591,11840.0,0.061049853,0.85,0.31,-1.6800587,59200.0
0.8384285,0.08842006,0.2022124,592,11860.0,0.061052382,0.65,0.33,-1.7533772,59300.0
0.83844,0.088450804,0.20220405,593,11880.0,0.061048362,0.9,0.25,-1.7689816,59400.0
0.8384301,0.08848494,0.20220408,594,11900.0,0.06104699,0.95,0.23,-1.6056626,59500.0
0.8384327,0.08852424,0.20219748,595,11920.0,0.06104436,0.75,0.24,-1.6246363,59600.0
0.83843374,0.08856143,0.20219249,596,11940.0,0.061040457,0.65,0.32,-1.9069531,59700.0
0.8384318,0.088598184,0.2021916,597,11960.0,0.061040577,0.5,0.21,-1.8198446,59800.0
0.83843356,0.08864679,0.20219415,598,11980.0,0.061042648,0.85,0.36,-1.6734794,59900.0
0.8384249,0.08869443,0.20218769,599,12000.0,0.061039194,0.65,0.29,-1.825916,60000.0
0.83842915,0.08872323,0.20218402,600,12020.0,0.061034843,0.75,0.3,-1.7706673,60100.0
0.8384325,0.08875069,0.2021829,601,12040.0,0.061034266,0.65,0.31,-2.0327182,60200.0
0.83841896,0.088784225,0.20217666,602,12060.0,0.06104298,0.75,0.3,-1.5820885,60300.0
0.83843106,0.088836506,0.20217896,603,12080.0,0.061047,0.7,0.33,-1.6036298,60400.0
0.8384345,0.08887608,0.20217365,604,12100.0,0.0610463,0.7,0.31,-1.7163382,60500.0
0.83843565,0.08891484,0.20217311,605,12120.0,0.061046544,0.8,0.24,-2.0555453,60600.0
0.8384366,0.08896548,0.20216376,606,12140.0,0.061046317,0.7,0.35,-1.7764947,60700.0
0.8384328,0.089024656,0.20216274,607,12160.0,0.061045066,0.7,0.22,-1.7242254,60800.0
0.8384378,0.089052364,0.2021616,608,12180.0,0.061037827,0.75,0.3,-1.7462597,60900.0
0.8384344,0.089078456,0.20215559,609,12200.0,0.061040234,0.85,0.26,-1.6077507,61000.0
0.83843106,0.08910214,0.20215544,610,12220.0,0.061046544,0.7,0.3,-1.5563788,61100.0
0.8384269,0.0891449,0.20216058,611,12240.0,0.061042994,0.7,0.21,-1.619745,61200.0
0.8384264,0.0891863,0.20215632,612,12260.0,0.061042532,0.6,0.27,-1.7405055,61300.0
0.83842653,0.089244545,0.20216276,613,12280.0,0.061045397,0.5,0.27,-1.6488264,61400.0
0.8384196,0.08927482,0.20215796,614,12300.0,0.06104472,0.7,0.23,-1.673967,61500.0
0.83841187,0.08927855,0.20215859,615,12320.0,0.06105045,0.7,0.36,-1.6230757,61600.0
0.8384185,0.08931119,0.20215973,616,12340.0,0.061046895,0.6,0.27,-1.8312454,61700.0
0.8384258,0.08934014,0.20216936,617,12360.0,0.061048493,0.8,0.35,-1.779515,61800.0
0.83842826,0.089384325,0.20216765,618,12380.0,0.06104884,0.7,0.26,-1.6191709,61900.0
0.83842987,0.08941163,0.20216776,619,12400.0,0.061045166,0.65,0.28,-1.6843647,62000.0
0.838428,0.08945929,0.20216806,620,12420.0,0.061044943,0.75,0.23,-1.6876463,62100.0
0.8384285,0.08950625,0.20217024,621,12440.0,0.06103978,0.7,0.23,-1.7875564,62200.0
0.83843225,0.089579314,0.20216416,622,12460.0,0.0610399,0.65,0.28,-1.6858635,62300.0
0.8384244,0.08962181,0.20215744,623,12480.0,0.061039325,0.8,0.34,-1.6421785,62400.0
0.8384242,0.08963111,0.20215115,624,12500.0,0.061039213,0.85,0.27,-2.0930545,62500.0
0.83842635,0.08967025,0.20215102,625,12520.0,0.061041966,0.85,0.24,-1.4726803,62600.0
0.8384247,0.089705914,0.20214893,626,12540.0,0.061041277,0.8,0.17,-1.771471,62700.0
0.83841985,0.089762256,0.20214128,627,12560.0,0.06103692,0.95,0.3,-1.5399015,62800.0
0.8384027,0.089807436,0.20214373,628,12580.0,0.06104518,0.85,0.4,-1.6293728,62900.0
0.8384045,0.08985372,0.20213367,629,12600.0,0.06104632,0.55,0.26,-1.7140232,63000.0
0.8384171,0.08990755,0.20213623,630,12620.0,0.06104472,0.7,0.26,-1.6448933,63100.0
0.83841944,0.08995248,0.20213068,631,12640.0,0.061041955,0.7,0.26,-1.6693287,63200.0
0.83841676,0.08997228,0.20213526,632,12660.0,0.06104551,0.7,0.35,-1.5789372,63300.0
0.83842117,0.090024196,0.20213051,633,12680.0,0.061046433,0.9,0.25,-1.5565903,63400.0
0.838418,0.090043314,0.20213448,634,12700.0,0.06104287,0.65,0.33,-1.6449525,63500.0
0.83841467,0.090104364,0.20212834,635,12720.0,0.061047688,0.9,0.23,-1.569907,63600.0
0.8384146,0.090131044,0.20212425,636,12740.0,0.061043452,0.7,0.3,-1.7366035,63700.0
0.8384237,0.09017827,0.20213032,637,12760.0,0.061046198,0.8,0.35,-1.4865763,63800.0
0.83841485,0.09022925,0.20213428,638,12780.0,0.06104596,0.9,0.26,-1.6237495,63900.0
0.83840436,0.09027284,0.202134,639,12800.0,0.061047573,0.9,0.26,-1.5510008,64000.0
0.83841157,0.09032151,0.20212755,640,12820.0,0.06104287,0.65,0.27,-1.5352033,64100.0
0.83840626,0.09036381,0.20212373,641,12840.0,0.0610376,0.75,0.26,-1.6253923,64200.0
0.83840936,0.09041482,0.20212178,642,12860.0,0.061044026,0.9,0.26,-1.5166292,64300.0
0.8384113,0.09044423,0.20212355,643,12880.0,0.061043218,0.8,0.23,-1.4719322,64400.0
0.83840466,0.09048299,0.20211896,644,12900.0,0.061038855,0.9,0.32,-1.3502339,64500.0
0.838407,0.09052359,0.20212355,645,12920.0,0.06104071,0.75,0.28,-1.5230067,64600.0
0.8383978,0.0905667,0.20211035,646,12940.0,0.06104609,0.9,0.32,-1.3734888,64700.0
0.8383977,0.09061343,0.20211717,647,12960.0,0.061048046,0.7,0.36,-1.449313,64800.0
0.83840925,0.090633765,0.20211992,648,12980.0,0.061050337,0.75,0.28,-1.509483,64900.0
0.8384175,0.090667315,0.20211418,649,13000.0,0.0610532,0.95,0.33,-1.4810402,65000.0
0.8384157,0.09069854,0.20211397,650,13020.0,0.061054926,0.7,0.3,-1.5344707,65100.0
0.8384156,0.090737514,0.20210546,651,13040.0,0.061052755,0.7,0.33,-1.420358,65200.0
0.8384134,0.09079445,0.20210713,652,13060.0,0.061049316,0.8,0.31,-1.4419339,65300.0
0.8384142,0.09083632,0.20210469,653,13080.0,0.06104314,0.75,0.34,-1.4457672,65400.0
0.83841354,0.0908735,0.20210396,654,13100.0,0.0610452,0.75,0.26,-1.4018581,65500.0
0.83842236,0.09090836,0.202105,655,13120.0,0.061040267,0.8,0.28,-1.3296893,65600.0
0.8384226,0.09094178,0.20210725,656,13140.0,0.061039697,0.95,0.31,-1.4560446,65700.0
0.8384256,0.0909765,0.20210625,657,13160.0,0.061040506,0.8,0.28,-1.366771,65800.0
0.8384192,0.09102366,0.2021002,658,13180.0,0.061041534,0.6,0.25,-1.6205181,65900.0
0.83841413,0.091074675,0.2020933,659,13200.0,0.061037168,0.85,0.29,-1.4168354,66000.0
0.8384242,0.091118485,0.20208575,660,13220.0,0.06103465,0.55,0.3,-1.5534465,66100.0
0.83841586,0.09114868,0.20208615,661,13240.0,0.06103683,0.7,0.25,-1.3684195,66200.0
0.8384264,0.09117751,0.20208128,662,13260.0,0.061034188,0.85,0.26,-1.3847456,66300.0
0.83842516,0.09120009,0.20207182,663,13280.0,0.06103534,0.7,0.29,-1.4232092,66400.0
0.83842736,0.09122097,0.20206806,664,13300.0,0.061034426,0.6,0.33,-1.345338,66500.0
0.83842844,0.091260344,0.20206124,665,13320.0,0.061034527,0.75,0.25,-1.4027765,66600.0
0.8384287,0.09128995,0.20205,666,13340.0,0.061037283,0.8,0.33,-1.2352219,66700.0
0.8384289,0.09131295,0.20205033,667,13360.0,0.061035905,0.9,0.27,-1.339989,66800.0
0.83843404,0.09135133,0.2020511,668,13380.0,0.061036136,0.8,0.37,-1.2427477,66900.0
0.8384304,0.09138808,0.20204961,669,13400.0,0.061036017,0.85,0.29,-1.2239671,67000.0
0.8384302,0.09143096,0.20204243,670,13420.0,0.06103464,0.95,0.23,-1.3050101,67100.0
0.83842975,0.09146176,0.20204508,671,13440.0,0.06102775,1.0,0.36,-1.3289558,67200.0
0.8384362,0.0914943,0.2020479,672,13460.0,0.061029363,0.9,0.35,-1.3502452,67300.0
0.8384374,0.091509506,0.20204948,673,13480.0,0.061019506,0.85,0.34,-1.2326759,67400.0
0.83843285,0.09153441,0.20204306,674,13500.0,0.061013415,0.9,0.32,-1.3064167,67500.0
0.8384295,0.09155612,0.20204097,675,13520.0,0.061012384,0.8,0.21,-1.4686787,67600.0
0.838439,0.091603115,0.20203727,676,13540.0,0.06101215,0.9,0.3,-1.3232982,67700.0
0.83844113,0.09164813,0.20203681,677,13560.0,0.06102271,0.95,0.27,-1.2078502,67800.0
0.8384342,0.09168803,0.20204203,678,13580.0,0.061022583,0.9,0.25,-1.3399125,67900.0
0.8384319,0.09173444,0.20204408,679,13600.0,0.06102064,0.75,0.44,-1.4430124,68000.0
0.83842826,0.09175582,0.20204206,680,13620.0,0.061018463,0.85,0.28,-1.3431729,68100.0
0.83842975,0.09177487,0.20203836,681,13640.0,0.061019603,0.9,0.27,-1.3930943,68200.0
0.8384349,0.09179656,0.20203821,682,13660.0,0.061019603,0.85,0.33,-1.3356903,68300.0
0.8384442,0.091823146,0.20204209,683,13680.0,0.061015245,0.9,0.39,-1.3107411,68400.0
0.83845043,0.09186545,0.20204262,684,13700.0,0.061018106,0.8,0.33,-1.3780596,68500.0
0.8384474,0.09188806,0.20204188,685,13720.0,0.061020065,1.0,0.38,-1.1659249,68600.0
0.8384443,0.091908365,0.2020364,686,13740.0,0.061020862,0.85,0.32,-1.2981298,68700.0
0.83844954,0.091937475,0.20203623,687,13760.0,0.061030153,0.85,0.28,-1.3447013,68800.0
0.8384567,0.09196387,0.20204128,688,13780.0,0.06102924,0.9,0.34,-1.278971,68900.0
0.83844686,0.09198534,0.20204206,689,13800.0,0.061028782,0.9,0.32,-1.2401416,69000.0
0.83845073,0.0919891,0.20204176,690,13820.0,0.06102763,0.85,0.38,-1.321839,69100.0
0.83845216,0.092020646,0.20204712,691,13840.0,0.061025683,0.85,0.35,-1.2855215,69200.0
0.83844966,0.09202157,0.20204641,692,13860.0,0.061021086,0.9,0.38,-1.1777126,69300.0
0.8384478,0.09205117,0.20204355,693,13880.0,0.061024755,0.7,0.32,-1.2309583,69400.0
0.8384569,0.092080414,0.20204379,694,13900.0,0.061028536,0.9,0.32,-1.21871,69500.0
0.83845615,0.09209494,0.20203361,695,13920.0,0.06102705,0.75,0.3,-1.2589242,69600.0
0.8384537,0.092121884,0.20203066,696,13940.0,0.06102511,0.75,0.31,-1.1455263,69700.0
0.83845586,0.09214753,0.2020312,697,13960.0,0.061027166,0.9,0.33,-1.0564711,69800.0
0.8384564,0.09215791,0.20203032,698,13980.0,0.061029676,0.85,0.31,-1.2675643,69900.0
0.8384606,0.092179425,0.20203157,699,14000.0,0.061032306,0.85,0.28,-1.194471,70000.0
0.8384488,0.092208475,0.20202506,700,14020.0,0.061033104,0.8,0.32,-1.1314098,70100.0
0.8384499,0.092227414,0.20201525,701,14040.0,0.0610323,0.65,0.34,-1.294953,70200.0
0.8384531,0.09224708,0.20201515,702,14060.0,0.061036203,0.95,0.24,-1.0992275,70300.0
0.8384505,0.09228648,0.20201737,703,14080.0,0.061037347,0.85,0.31,-1.3068044,70400.0
0.83845156,0.09231186,0.20201536,704,14100.0,0.06103665,0.75,0.35,-1.1092484,70500.0
0.8384569,0.092338555,0.20200647,705,14120.0,0.061038032,0.8,0.39,-1.1789755,70600.0
0.83846015,0.092354365,0.2020068,706,14140.0,0.061044004,0.8,0.36,-1.1238649,70700.0
0.83846784,0.09238502,0.20200996,707,14160.0,0.061045036,0.6,0.36,-1.242336,70800.0
0.8384598,0.092426464,0.20201015,708,14180.0,0.061048027,0.85,0.31,-1.1810195,70900.0
0.8384573,0.0924413,0.20201129,709,14200.0,0.061045613,0.9,0.34,-1.2216153,71000.0
0.8384512,0.09247922,0.20200847,710,14220.0,0.061043207,0.9,0.3,-0.9702525,71100.0
0.8384525,0.09247655,0.20201668,711,14240.0,0.06104252,0.8,0.39,-1.1607963,71200.0
0.83844614,0.09250574,0.20201334,712,14260.0,0.061046537,0.9,0.38,-1.0794036,71300.0
0.8384507,0.09252118,0.20201103,713,14280.0,0.061046075,0.9,0.25,-1.1421995,71400.0
0.838453,0.09253924,0.20200723,714,14300.0,0.06104699,0.8,0.38,-1.296732,71500.0
0.8384587,0.09255703,0.20200911,715,14320.0,0.061049964,0.8,0.38,-1.0527282,71600.0
0.8384605,0.092589416,0.2020034,716,14340.0,0.0610487,0.7,0.38,-1.2444022,71700.0
0.83845454,0.09260616,0.20200044,717,14360.0,0.061049055,0.85,0.36,-1.0828435,71800.0
0.8384469,0.09261736,0.20199512,718,14380.0,0.06105249,0.75,0.31,-1.1570238,71900.0
0.83843905,0.092643574,0.20199184,719,14400.0,0.061052714,0.95,0.33,-1.1457608,72000.0
0.83844143,0.09268869,0.20199338,720,14420.0,0.061051223,0.95,0.29,-1.1084496,72100.0
0.8384323,0.09271972,0.20198995,721,14440.0,0.061050996,0.9,0.22,-1.0716066,72200.0
0.8384352,0.09272572,0.20199133,722,14460.0,0.06105168,0.9,0.25,-1.3518133,72300.0
0.8384359,0.09274493,0.20199889,723,14480.0,0.06104434,0.7,0.38,-1.4667792,72400.0
0.83843565,0.09278846,0.20199266,724,14500.0,0.06104411,0.85,0.31,-1.1834264,72500.0
0.8384281,0.092807695,0.20198654,725,14520.0,0.0610401,0.85,0.32,-1.4349697,72600.0
0.83843166,0.09283744,0.20198311,726,14540.0,0.06104124,0.85,0.34,-1.218236,72700.0
0.83843374,0.09284993,0.20198107,727,14560.0,0.06104308,0.8,0.37,-1.1203563,72800.0
0.8384359,0.09286529,0.20198336,728,14580.0,0.061046187,1.0,0.36,-1.3021995,72900.0
0.83843905,0.09288991,0.20198141,729,14600.0,0.06104596,0.85,0.36,-1.0612092,73000.0
0.8384332,0.09290144,0.20197986,730,14620.0,0.06104654,0.95,0.25,-1.1578934,73100.0
0.8384345,0.09291631,0.20197882,731,14640.0,0.06104711,0.8,0.3,-1.3043023,73200.0
0.83843786,0.09293052,0.20197214,732,14660.0,0.061045397,0.9,0.23,-1.2489218,73300.0
0.83844924,0.09294469,0.20197302,733,14680.0,0.061045174,0.8,0.33,-1.1859181,73400.0
0.8384629,0.09296088,0.20197412,734,14700.0,0.061042305,0.95,0.36,-1.2621026,73500.0
0.83846146,0.0929799,0.20197208,735,14720.0,0.06104472,0.9,0.19,-1.323411,73600.0
0.8384691,0.093024224,0.2019632,736,14740.0,0.061035763,0.75,0.25,-1.2303742,73700.0
0.8384552,0.09305787,0.2019664,737,14760.0,0.06103921,0.85,0.24,-1.3314412,73800.0
0.8384512,0.09306511,0.20196418,738,14780.0,0.061036456,0.85,0.29,-1.1475385,73900.0
0.83844334,0.093091615,0.20196542,739,14800.0,0.06103669,0.8,0.29,-1.3539994,74000.0
0.83844775,0.09310075,0.20196594,740,14820.0,0.06103383,0.85,0.33,-1.623194,74100.0
0.8384463,0.09311124,0.2019581,741,14840.0,0.061036807,0.8,0.28,-1.4770339,74200.0
0.8384358,0.09313899,0.20195957,742,14860.0,0.06103325,0.95,0.3,-1.4357908,74300.0
0.8384373,0.09316352,0.20195648,743,14880.0,0.06102958,0.95,0.33,-1.2048635,74400.0
0.8384413,0.09318168,0.20195743,744,14900.0,0.061028883,0.9,0.29,-1.4080995,74500.0
0.8384433,0.09319621,0.20195769,745,14920.0,0.06103119,0.85,0.32,-1.4300181,74600.0
0.8384413,0.093221694,0.20195118,746,14940.0,0.0610297,0.85,0.24,-1.3204188,74700.0
0.8384355,0.09325965,0.2019441,747,14960.0,0.061025336,0.85,0.22,-1.3195509,74800.0
0.83843446,0.093273364,0.2019412,748,14980.0,0.061020628,0.8,0.34,-1.34656,74900.0
0.83843756,0.09328487,0.20194155,749,15000.0,0.061019596,0.75,0.31,-1.4701786,75000.0
0.83844143,0.0933263,0.20194368,750,15020.0,0.061021652,0.95,0.41,-1.1308955,75100.0
0.83844465,0.09335471,0.20194335,751,15040.0,0.06102189,0.95,0.32,-1.2571676,75200.0
0.83843976,0.0933834,0.20193915,752,15060.0,0.061020166,0.85,0.34,-1.2605004,75300.0
0.8384405,0.09341577,0.20194553,753,15080.0,0.061016142,0.9,0.34,-1.2102048,75400.0
0.83844876,0.09341769,0.20194347,754,15100.0,0.06101476,0.9,0.34,-1.3306458,75500.0
0.8384447,0.09343437,0.20193928,755,15120.0,0.061010394,0.8,0.27,-1.3439399,75600.0
0.8384388,0.09345824,0.20193988,756,15140.0,0.0610096,0.85,0.25,-1.3287919,75700.0
0.8384268,0.09348381,0.20193481,757,15160.0,0.061012473,0.9,0.28,-1.1869061,75800.0
0.83842593,0.09348412,0.2019319,758,15180.0,0.06101534,0.95,0.34,-1.3287311,75900.0
0.8384257,0.09351636,0.20193474,759,15200.0,0.061014995,0.95,0.26,-1.4348292,76000.0
0.838423,0.09353477,0.20193504,760,15220.0,0.061016485,0.85,0.35,-1.3122542,76100.0
0.838424,0.09356809,0.2019344,761,15240.0,0.06101534,0.85,0.3,-1.4800804,76200.0
0.83841944,0.09360231,0.20193589,762,15260.0,0.06101729,0.9,0.35,-1.2113764,76300.0
0.83842087,0.09361225,0.20193677,763,15280.0,0.061017174,0.7,0.29,-1.2556738,76400.0
0.83841354,0.09363209,0.20193735,764,15300.0,0.061020162,0.9,0.32,-1.4013516,76500.0
0.8384053,0.09364677,0.2019321,765,15320.0,0.061017063,0.9,0.26,-1.1921438,76600.0
0.8384127,0.09368289,0.20192873,766,15340.0,0.061014656,0.8,0.32,-1.3534915,76700.0
0.8384176,0.09369969,0.20192629,767,15360.0,0.0610134,0.9,0.33,-1.5969223,76800.0
0.83841926,0.09371862,0.20192493,768,15380.0,0.06101489,0.95,0.3,-1.4028825,76900.0
0.8384139,0.09373235,0.20192547,769,15400.0,0.06102006,0.95,0.26,-1.318363,77000.0
0.8384113,0.093744844,0.20192224,770,15420.0,0.06102017,0.85,0.27,-1.2327985,77100.0
0.8384176,0.09376658,0.20191856,771,15440.0,0.061018795,0.95,0.29,-1.39192,77200.0
0.8384109,0.093774155,0.20191535,772,15460.0,0.0610204,0.9,0.29,-1.23166,77300.0
0.83841133,0.09379407,0.20191363,773,15480.0,0.06102213,0.9,0.35,-1.2226171,77400.0
0.83840656,0.09381051,0.20191017,774,15500.0,0.061018005,0.8,0.27,-1.3122437,77500.0
0.83840615,0.09382493,0.20191284,775,15520.0,0.06101915,0.95,0.31,-1.2605441,77600.0
0.8384045,0.093836755,0.20191392,776,15540.0,0.061020985,0.75,0.43,-1.3002138,77700.0
0.83840245,0.09385936,0.20191303,777,15560.0,0.061023965,0.9,0.34,-1.2118686,77800.0
0.83841056,0.09388403,0.20191708,778,15580.0,0.06102592,0.95,0.3,-1.3120159,77900.0
0.83840674,0.093911335,0.20191677,779,15600.0,0.061023846,0.95,0.35,-1.3253393,78000.0
0.8384078,0.09393552,0.20191874,780,15620.0,0.061021667,0.85,0.37,-1.2481261,78100.0
0.8383999,0.09396579,0.2019196,781,15640.0,0.061023507,0.8,0.34,-1.2957189,78200.0
0.83839625,0.09398897,0.20191671,782,15660.0,0.06101903,0.8,0.31,-1.387424,78300.0
0.83839846,0.09399904,0.20191568,783,15680.0,0.061016396,0.85,0.31,-1.4765031,78400.0
0.8383923,0.094019786,0.20191363,784,15700.0,0.061018582,0.85,0.25,-1.2882773,78500.0
0.8383961,0.094046146,0.20191139,785,15720.0,0.061012954,0.8,0.3,-1.2495005,78600.0
0.8383956,0.09405925,0.20190476,786,15740.0,0.06101468,0.75,0.3,-1.4205487,78700.0
0.83839005,0.094091885,0.2019056,787,15760.0,0.06101835,0.95,0.28,-1.1124008,78800.0
0.8383853,0.0941162,0.20189893,788,15780.0,0.061016057,0.85,0.37,-1.1543099,78900.0
0.8383799,0.09412555,0.20189324,789,15800.0,0.061015144,0.8,0.38,-1.4298582,79000.0
0.8383779,0.09414172,0.20189415,790,15820.0,0.061018255,0.8,0.34,-1.0997669,79100.0
0.8383808,0.09416734,0.2018911,791,15840.0,0.061021462,0.9,0.35,-1.1765776,79200.0
0.83837694,0.0942063,0.20188706,792,15860.0,0.061019406,0.9,0.39,-1.399069,79300.0
0.83837605,0.09422141,0.20188136,793,15880.0,0.06101699,0.8,0.38,-1.4545078,79400.0
0.83838105,0.09423736,0.20188409,794,15900.0,0.061017003,0.8,0.34,-1.3809117,79500.0
0.83837366,0.094272755,0.20188093,795,15920.0,0.06101769,0.85,0.44,-1.2457917,79600.0
0.8383753,0.09428151,0.20187443,796,15940.0,0.06101516,0.95,0.38,-1.1424211,79700.0
0.8383792,0.09430123,0.20187144,797,15960.0,0.061014015,0.8,0.34,-1.3685719,79800.0
0.8383717,0.09431488,0.20186944,798,15980.0,0.06101459,0.85,0.32,-1.1842043,79900.0
0.8383732,0.094362326,0.20186424,799,16000.0,0.06101608,0.8,0.41,-1.1631396,80000.0
0.83837503,0.09438593,0.20186235,800,16020.0,0.06100827,0.8,0.32,-1.394633,80100.0
0.838377,0.09440501,0.20185594,801,16040.0,0.06100793,0.9,0.37,-1.269417,80200.0
0.8383731,0.09442529,0.2018506,802,16060.0,0.061007474,0.95,0.32,-1.1334168,80300.0
0.83838016,0.09446513,0.20185381,803,16080.0,0.0610061,0.65,0.38,-1.3497603,80400.0
0.8383901,0.09448519,0.20185523,804,16100.0,0.061002657,0.85,0.28,-1.2183585,80500.0
0.8383996,0.09450457,0.20185483,805,16120.0,0.06100197,0.85,0.34,-1.3486779,80600.0
0.838396,0.09452891,0.20185028,806,16140.0,0.060999677,0.7,0.33,-1.3231536,80700.0
0.838394,0.09454021,0.20185475,807,16160.0,0.060999442,0.85,0.43,-1.3064848,80800.0
0.83840084,0.09455171,0.20185143,808,16180.0,0.061000362,0.8,0.24,-0.99425924,80900.0
0.83840054,0.09457251,0.20184639,809,16200.0,0.061000124,0.6,0.34,-1.341187,81000.0
0.8384052,0.09460307,0.20183924,810,16220.0,0.06100392,0.8,0.28,-1.1928471,81100.0
0.8384168,0.09462354,0.20184001,811,16240.0,0.06100644,0.75,0.34,-1.1335701,81200.0
0.8384175,0.094647236,0.20183693,812,16260.0,0.061007474,0.8,0.34,-0.8699155,81300.0
0.8384254,0.09467231,0.20183085,813,16280.0,0.06100196,1.0,0.38,-1.2111952,81400.0
0.83842236,0.094705045,0.20183319,814,16300.0,0.060998175,0.9,0.38,-1.1051966,81500.0
0.83841395,0.09472601,0.20182323,815,16320.0,0.06099921,0.75,0.37,-0.98569584,81600.0
0.83841413,0.094753176,0.20182544,816,16340.0,0.06099324,0.9,0.32,-0.9363785,81700.0
0.83841544,0.09476489,0.20181893,817,16360.0,0.060990825,0.85,0.32,-1.1692284,81800.0
0.8384268,0.09478552,0.20181349,818,16380.0,0.06099163,1.0,0.37,-0.98874056,81900.0
0.83842534,0.09480319,0.20180403,819,16400.0,0.060985427,1.0,0.36,-1.0411195,82000.0
0.838432,0.094815224,0.20180553,820,16420.0,0.06098267,0.75,0.3,-1.0646288,82100.0
0.8384302,0.0948363,0.20180327,821,16440.0,0.06098083,0.95,0.31,-0.84676015,82200.0
0.83843064,0.09484956,0.20180205,822,16460.0,0.06097463,0.85,0.34,-1.03496,82300.0
0.83843106,0.0948766,0.20180224,823,16480.0,0.060976353,0.95,0.31,-1.003958,82400.0
0.83842975,0.09489428,0.20180237,824,16500.0,0.06097245,0.8,0.32,-0.92457426,82500.0
0.8384228,0.09490695,0.20179419,825,16520.0,0.060977623,0.8,0.38,-1.1673748,82600.0
0.8384213,0.09491901,0.20178917,826,16540.0,0.06097624,1.0,0.34,-0.8590678,82700.0
0.8384238,0.0949225,0.20178841,827,16560.0,0.060972568,0.9,0.39,-1.0024741,82800.0
0.8384239,0.09493204,0.20179182,828,16580.0,0.060974404,0.8,0.25,-1.1454893,82900.0
0.83842134,0.09493947,0.20178679,829,16600.0,0.060972914,0.85,0.38,-0.95877475,83000.0
0.8384204,0.09496896,0.20178992,830,16620.0,0.06097567,0.95,0.28,-0.9401635,83100.0
0.83840984,0.094983146,0.2017844,831,16640.0,0.06097808,0.85,0.29,-0.9710476,83200.0
0.8384177,0.09500733,0.20178387,832,16660.0,0.060979452,0.85,0.43,-1.2303755,83300.0
0.8384187,0.09503593,0.20177841,833,16680.0,0.060983703,1.0,0.29,-0.8046039,83400.0
0.8384226,0.09504983,0.20177677,834,16700.0,0.06098382,0.9,0.35,-1.0774964,83500.0
0.8384208,0.095055945,0.20177215,835,16720.0,0.060983475,0.7,0.32,-1.233731,83600.0
0.8384213,0.09508051,0.20177221,836,16740.0,0.060983244,0.8,0.39,-1.0864204,83700.0
0.83842707,0.095093295,0.2017677,837,16760.0,0.06098279,0.8,0.33,-1.1958343,83800.0
0.8384192,0.095115215,0.20177019,838,16780.0,0.060986463,0.75,0.35,-1.1156011,83900.0
0.8384161,0.095128715,0.20176567,839,16800.0,0.06098715,0.8,0.31,-1.0311476,84000.0
0.8384106,0.095142454,0.20176233,840,16820.0,0.06098553,0.85,0.44,-1.1367044,84100.0
0.8384111,0.095161654,0.20176199,841,16840.0,0.060983475,0.9,0.25,-1.1117117,84200.0
0.838412,0.09517972,0.20176369,842,16860.0,0.060976002,0.8,0.28,-1.0123532,84300.0
0.8384123,0.095196635,0.20175996,843,16880.0,0.060975775,0.5,0.34,-1.4816899,84400.0
0.838414,0.095210426,0.20175898,844,16900.0,0.06097704,0.85,0.34,-1.1003227,84500.0
0.8384145,0.095223695,0.20175648,845,16920.0,0.060975775,0.95,0.28,-1.0823982,84600.0
0.8384115,0.09522546,0.20175417,846,16940.0,0.06097497,0.75,0.36,-0.9959944,84700.0
0.8383998,0.095242456,0.20175292,847,16960.0,0.060973134,0.75,0.33,-1.0009888,84800.0
0.8383979,0.095258534,0.20175701,848,16980.0,0.06097302,0.85,0.27,-1.0109231,84900.0
0.8384058,0.095276594,0.20175722,849,17000.0,0.06097497,0.7,0.37,-1.1704036,85000.0
0.8384107,0.0952884,0.20175442,850,17020.0,0.060975645,0.85,0.33,-1.073776,85100.0
0.83840966,0.095315866,0.20175591,851,17040.0,0.060975876,0.7,0.33,-1.0917304,85200.0
0.8384023,0.09532115,0.2017515,852,17060.0,0.060981046,0.85,0.21,-1.1165985,85300.0
0.8384004,0.09532817,0.20174886,853,17080.0,0.060984492,0.7,0.34,-1.0863664,85400.0
0.8383936,0.09535718,0.20174305,854,17100.0,0.060984146,0.8,0.3,-1.2009506,85500.0
0.83839124,0.09537146,0.20173806,855,17120.0,0.060980354,0.75,0.3,-1.0678364,85600.0
0.83839184,0.095385596,0.20173898,856,17140.0,0.060977027,0.75,0.36,-1.1034299,85700.0
0.83839273,0.095398016,0.20173351,857,17160.0,0.060974266,0.8,0.37,-1.2553613,85800.0
0.8383968,0.09541511,0.20173514,858,17180.0,0.060973346,0.75,0.3,-1.1562843,85900.0
0.8383987,0.0954457,0.20173162,859,17200.0,0.060970012,0.45,0.34,-1.1318429,86000.0
0.8384027,0.09546608,0.20173189,860,17220.0,0.060969558,0.9,0.34,-1.041549,86100.0
0.8384002,0.09548684,0.20173112,861,17240.0,0.060969677,0.85,0.3,-0.9365509,86200.0
0.8384044,0.09550585,0.20173462,862,17260.0,0.06096795,0.85,0.27,-1.0467787,86300.0
0.83840984,0.09553092,0.20173474,863,17280.0,0.06097013,0.7,0.35,-1.0673852,86400.0
0.83841723,0.095546715,0.20173337,864,17300.0,0.06097197,0.75,0.38,-1.2877201,86500.0
0.8384156,0.09555932,0.2017303,865,17320.0,0.060969666,0.75,0.34,-1.2451782,86600.0
0.8384147,0.095580846,0.20173258,866,17340.0,0.06096668,0.7,0.34,-1.0764592,86700.0
0.8384092,0.09561618,0.20173706,867,17360.0,0.06096909,0.65,0.35,-1.1711667,86800.0
0.83841056,0.09564485,0.2017393,868,17380.0,0.060966104,0.85,0.36,-1.0664585,86900.0
0.8384163,0.095652245,0.2017385,869,17400.0,0.06096599,0.85,0.34,-1.0067899,87000.0
0.83841324,0.09565166,0.20173876,870,17420.0,0.060967714,0.75,0.36,-0.99822867,87100.0
0.8384113,0.09568832,0.20174293,871,17440.0,0.06097081,0.9,0.34,-0.9405403,87200.0
0.83842134,0.09569251,0.20174603,872,17460.0,0.060971502,0.95,0.29,-1.1855495,87300.0
0.83841944,0.09569576,0.20174633,873,17480.0,0.060969666,0.8,0.37,-0.9303421,87400.0
0.8384263,0.095703036,0.20173848,874,17500.0,0.060973585,0.8,0.37,-1.1358783,87500.0
0.8384221,0.09571885,0.20173454,875,17520.0,0.060974386,0.75,0.38,-1.0663944,87600.0
0.83842784,0.09572282,0.20173845,876,17540.0,0.06097381,0.65,0.31,-1.1035584,87700.0
0.83842254,0.09573913,0.20173639,877,17560.0,0.060972426,0.8,0.25,-1.1865407,87800.0
0.83842164,0.09576323,0.20174156,878,17580.0,0.060972318,0.95,0.35,-1.0208127,87900.0
0.83842736,0.09578193,0.20174056,879,17600.0,0.060970023,0.9,0.38,-1.1649063,88000.0
0.8384199,0.09581763,0.20173885,880,17620.0,0.060971633,0.8,0.32,-0.9319502,88100.0
0.83842605,0.09582827,0.20174034,881,17640.0,0.060972318,0.95,0.31,-1.076064,88200.0
0.8384251,0.09584128,0.20173818,882,17660.0,0.060974732,0.85,0.34,-1.1506292,88300.0
0.83842397,0.09584233,0.20174126,883,17680.0,0.060972888,0.85,0.33,-1.009558,88400.0
0.8384215,0.09585761,0.20173235,884,17700.0,0.060972545,0.85,0.37,-1.0807536,88500.0
0.8384152,0.09585847,0.2017305,885,17720.0,0.060973573,0.75,0.32,-1.1868063,88600.0
0.83841944,0.0958769,0.20173265,886,17740.0,0.060968753,0.7,0.4,-1.3567904,88700.0
0.8384164,0.095891126,0.20173562,887,17760.0,0.060970243,0.95,0.36,-1.1144477,88800.0
0.83840895,0.095911935,0.20173201,888,17780.0,0.06097346,0.65,0.32,-1.1296303,88900.0
0.83841497,0.095922254,0.20173723,889,17800.0,0.060975645,0.9,0.41,-1.036142,89000.0
0.8384152,0.09594029,0.2017361,890,17820.0,0.060973004,0.85,0.33,-1.0834714,89100.0
0.83841485,0.095952556,0.20173684,891,17840.0,0.06097208,0.8,0.24,-1.3074405,89200.0
0.8384118,0.09595603,0.20173195,892,17860.0,0.060975987,0.6,0.42,-1.0227461,89300.0
0.8384195,0.09598293,0.20173332,893,17880.0,0.060979888,0.85,0.31,-1.1394567,89400.0
0.83842057,0.09599403,0.20173259,894,17900.0,0.060983796,0.8,0.36,-0.9497906,89500.0
0.8384252,0.096008845,0.20172557,895,17920.0,0.060986206,0.8,0.2,-1.1362447,89600.0
0.8384238,0.09602585,0.20172153,896,17940.0,0.06098598,0.85,0.4,-1.1308877,89700.0
0.8384163,0.09604779,0.2017161,897,17960.0,0.060985293,0.95,0.27,-1.120639,89800.0
0.83841485,0.096061744,0.20171589,898,17980.0,0.06099035,0.7,0.35,-1.1847486,89900.0
0.83841676,0.096068665,0.20171529,899,18000.0,0.060990807,0.7,0.32,-1.1413314,90000.0
0.83841604,0.09609058,0.20170899,900,18020.0,0.0609931,0.8,0.29,-1.1845464,90100.0
0.8384271,0.0961164,0.20170322,901,18040.0,0.060998037,0.7,0.33,-1.1966339,90200.0
0.83843565,0.09614025,0.20170075,902,18060.0,0.061001822,0.65,0.33,-1.1705315,90300.0
0.8384413,0.096168526,0.20170295,903,18080.0,0.061001256,0.8,0.36,-0.9938873,90400.0
0.838437,0.09617522,0.20169874,904,18100.0,0.061001137,0.75,0.39,-1.0984927,90500.0
0.83843666,0.09618315,0.20170046,905,18120.0,0.060998265,1.0,0.4,-1.0882969,90600.0
0.8384325,0.09619174,0.20169546,906,18140.0,0.060997233,0.9,0.41,-1.2594233,90700.0
0.8384245,0.096211694,0.20169297,907,18160.0,0.060995504,0.7,0.32,-1.1403348,90800.0
0.83842367,0.096245386,0.20168835,908,18180.0,0.06099677,0.7,0.42,-1.2988559,90900.0
0.83842343,0.09626189,0.2016857,909,18200.0,0.06099333,0.8,0.31,-1.0657792,91000.0
0.83842635,0.096279904,0.2016833,910,18220.0,0.0609939,0.85,0.43,-1.2973711,91100.0
0.83843225,0.096295424,0.20168598,911,18240.0,0.06099275,0.85,0.32,-1.0463015,91200.0
0.8384281,0.09630585,0.20168807,912,18260.0,0.060990676,0.9,0.32,-1.0965927,91300.0
0.8384357,0.09632117,0.20168623,913,18280.0,0.060991485,0.7,0.32,-1.2108563,91400.0
0.83843917,0.096353464,0.20168796,914,18300.0,0.060990915,0.85,0.4,-1.1275796,91500.0
0.8384357,0.09636855,0.20169257,915,18320.0,0.060992062,0.7,0.28,-1.0594702,91600.0
0.8384344,0.09638019,0.20169304,916,18340.0,0.06099126,0.95,0.38,-1.2025753,91700.0
0.8384294,0.09639992,0.20169249,917,18360.0,0.06099184,0.95,0.3,-1.1297789,91800.0
0.8384266,0.09641852,0.20169096,918,18380.0,0.060996775,0.7,0.23,-1.0339469,91900.0
0.8384327,0.096433744,0.20169055,919,18400.0,0.060994595,0.65,0.33,-1.3698808,92000.0
0.8384261,0.09644526,0.20168643,920,18420.0,0.060995292,0.85,0.41,-1.2715137,92100.0
0.8384307,0.09646398,0.20168373,921,18440.0,0.060994133,0.75,0.42,-1.2107495,92200.0
0.838433,0.09648637,0.20168667,922,18460.0,0.060995515,0.8,0.36,-1.1327043,92300.0
0.8384282,0.0965084,0.20168644,923,18480.0,0.06099632,0.85,0.33,-1.2036575,92400.0
0.8384269,0.096524976,0.20168242,924,18500.0,0.060992416,0.85,0.29,-1.1393687,92500.0
0.83842516,0.096541315,0.2016808,925,18520.0,0.060998157,0.75,0.36,-1.1940659,92600.0
0.83842355,0.096560046,0.20167953,926,18540.0,0.06100023,0.9,0.32,-1.2465279,92700.0
0.8384208,0.0965642,0.20167635,927,18560.0,0.060994375,0.9,0.27,-1.0040953,92800.0
0.8384177,0.09657849,0.20167631,928,18580.0,0.06099461,0.9,0.34,-1.1595656,92900.0
0.83842343,0.09659776,0.20167384,929,18600.0,0.06099576,0.85,0.37,-1.1715065,93000.0
0.8384213,0.09660455,0.20167358,930,18620.0,0.0609922,0.85,0.36,-0.8843298,93100.0
0.83842546,0.09662033,0.20167345,931,18640.0,0.06099679,0.95,0.31,-1.151767,93200.0
0.83843017,0.09663589,0.20167711,932,18660.0,0.060991168,0.85,0.38,-1.2307717,93300.0
0.8384304,0.096641436,0.20167847,933,18680.0,0.060994837,0.75,0.48,-1.1304302,93400.0
0.83843297,0.096651085,0.20168017,934,18700.0,0.06099473,0.8,0.38,-1.3119628,93500.0
0.83843327,0.09667171,0.20168123,935,18720.0,0.060993467,0.95,0.34,-0.83237803,93600.0
0.8384349,0.096684314,0.20168167,936,18740.0,0.060992554,0.75,0.38,-1.3213152,93700.0
0.8384354,0.09671403,0.20168243,937,18760.0,0.06099439,0.8,0.37,-1.1594608,93800.0
0.8384312,0.096723735,0.20168094,938,18780.0,0.060994152,0.8,0.33,-1.2723897,93900.0
0.8384263,0.09672637,0.2016785,939,18800.0,0.060993012,0.65,0.32,-1.1057576,94000.0
0.8384262,0.09674153,0.20168087,940,18820.0,0.060992893,0.9,0.32,-1.0561588,94100.0
0.83842736,0.09676691,0.201687,941,18840.0,0.06098864,0.85,0.35,-0.93458575,94200.0
0.8384247,0.09678653,0.20168568,942,18860.0,0.060987845,0.9,0.34,-0.9494087,94300.0
0.8384273,0.09680687,0.201683,943,18880.0,0.060989562,0.85,0.31,-1.1142799,94400.0
0.83842105,0.09682202,0.20168196,944,18900.0,0.060986806,0.8,0.32,-1.0707295,94500.0
0.8384209,0.09684914,0.20168364,945,18920.0,0.060987268,0.95,0.39,-1.1010184,94600.0
0.8384202,0.09688138,0.20168537,946,18940.0,0.06098933,0.8,0.35,-1.1057155,94700.0
0.83842546,0.09690025,0.20168838,947,18960.0,0.06098933,0.8,0.36,-1.0673118,94800.0
0.83842605,0.09691347,0.20168932,948,18980.0,0.060989555,0.9,0.36,-1.1219414,94900.0
0.83843,0.09691912,0.2016906,949,19000.0,0.06098589,0.85,0.27,-1.0547514,95000.0
0.8384239,0.09693677,0.20168543,950,19020.0,0.06098956,0.95,0.27,-1.0619137,95100.0
0.83842516,0.09695137,0.20168374,951,19040.0,0.060989097,0.8,0.34,-1.1647264,95200.0
0.8384269,0.09697335,0.20168841,952,19060.0,0.060984388,0.95,0.37,-1.0439665,95300.0
0.838434,0.09698412,0.20168756,953,19080.0,0.06098565,0.8,0.35,-1.3018605,95400.0
0.83843565,0.0969992,0.20168926,954,19100.0,0.060985997,0.9,0.36,-1.3140544,95500.0
0.8384366,0.09700877,0.20169395,955,19120.0,0.06098737,0.85,0.36,-1.06825,95600.0
0.83844304,0.09701518,0.20169063,956,19140.0,0.060991272,0.7,0.34,-1.3302506,95700.0
0.83844596,0.09703531,0.20169243,957,19160.0,0.060988978,0.9,0.35,-1.0972593,95800.0
0.8384498,0.09704873,0.20169593,958,19180.0,0.06098886,0.8,0.36,-1.194992,95900.0
0.83845097,0.09705049,0.20169485,959,19200.0,0.06098989,0.8,0.34,-1.5016677,96000.0
0.8384574,0.09706113,0.2016953,960,19220.0,0.060991157,0.9,0.36,-1.0535682,96100.0
0.83845806,0.097097024,0.2016905,961,19240.0,0.06099139,0.6,0.27,-1.3725591,96200.0
0.8384606,0.09711835,0.20169145,962,19260.0,0.060991034,0.95,0.3,-1.2765801,96300.0
0.83845663,0.09713381,0.20168674,963,19280.0,0.060992066,0.7,0.33,-1.375901,96400.0
0.8384568,0.09714385,0.20168486,964,19300.0,0.06099299,0.85,0.41,-1.1603186,96500.0
0.8384605,0.09716147,0.20168933,965,19320.0,0.060997467,0.7,0.36,-1.2436004,96600.0
0.83846354,0.097170524,0.20169292,966,19340.0,0.060997352,0.75,0.25,-1.2693524,96700.0
0.83845776,0.09718575,0.20169263,967,19360.0,0.061001834,0.9,0.32,-1.262723,96800.0
0.83845943,0.09719452,0.20169628,968,19380.0,0.061002746,0.8,0.43,-1.3691014,96900.0
0.83845717,0.09720533,0.20169696,969,19400.0,0.06099896,0.8,0.37,-1.333401,97000.0
0.83845776,0.09721705,0.2016917,970,19420.0,0.060995165,0.75,0.42,-1.3993871,97100.0
0.83846575,0.09724521,0.20169632,971,19440.0,0.060997233,0.85,0.31,-1.2701542,97200.0
0.8384648,0.09726623,0.20169838,972,19460.0,0.060991492,0.95,0.42,-1.3301328,97300.0
0.83846974,0.09729156,0.2016974,973,19480.0,0.06098874,0.8,0.33,-1.3476768,97400.0
0.8384736,0.097311586,0.20170204,974,19500.0,0.060991034,0.85,0.42,-1.1331941,97500.0
0.83847094,0.09732005,0.20170012,975,19520.0,0.060992982,0.8,0.33,-1.2773888,97600.0
0.83846736,0.0973319,0.20169967,976,19540.0,0.060992513,0.85,0.33,-1.4413116,97700.0
0.83846563,0.09734453,0.20169777,977,19560.0,0.06099756,0.85,0.33,-1.1935408,97800.0
0.8384743,0.097360924,0.20170061,978,19580.0,0.06099963,0.9,0.4,-1.1603899,97900.0
0.8384717,0.09739008,0.20169632,979,19600.0,0.061000783,0.8,0.32,-1.3305621,98000.0
0.8384733,0.09740424,0.20169653,980,19620.0,0.061001588,0.95,0.34,-1.2415986,98100.0
0.8384688,0.09741157,0.20169479,981,19640.0,0.06099585,0.75,0.32,-1.2978936,98200.0
0.83847433,0.09742048,0.2016959,982,19660.0,0.060994133,0.9,0.36,-1.1534897,98300.0
0.8384715,0.09742537,0.20169781,983,19680.0,0.06099322,0.8,0.27,-1.3720134,98400.0
0.8384721,0.09743271,0.20169668,984,19700.0,0.060996085,0.8,0.43,-1.3589605,98500.0
0.8384747,0.09744117,0.20169696,985,19720.0,0.060998846,0.95,0.33,-1.1690315,98600.0
0.8384722,0.09745704,0.20169689,986,19740.0,0.060998037,0.9,0.34,-1.2318317,98700.0
0.83847475,0.09747775,0.20169333,987,19760.0,0.060998037,0.75,0.29,-1.234896,98800.0
0.8384741,0.09749082,0.20169225,988,19780.0,0.060995746,0.85,0.34,-1.2413927,98900.0
0.8384759,0.097505696,0.20169652,989,19800.0,0.060999993,0.8,0.36,-1.208721,99000.0
0.8384759,0.09751297,0.2016932,990,19820.0,0.060999308,0.95,0.35,-1.1476066,99100.0
0.8384755,0.09753509,0.20169279,991,19840.0,0.060997013,0.7,0.38,-0.9821905,99200.0
0.83847636,0.0975587,0.20169413,992,19860.0,0.060996216,0.65,0.35,-1.2902702,99300.0
0.83848315,0.09757499,0.20169489,993,19880.0,0.060999427,0.95,0.25,-1.2192147,99400.0
0.83848447,0.09758994,0.20169842,994,19900.0,0.06100057,0.7,0.33,-1.1155661,99500.0
0.83848244,0.0976028,0.20169783,995,19920.0,0.06100045,0.8,0.35,-1.2466027,99600.0
0.83847576,0.0976132,0.20169467,996,19940.0,0.061000224,0.75,0.33,-1.1154997,99700.0
0.8384752,0.097613245,0.20169108,997,19960.0,0.061003443,0.8,0.39,-1.0665591,99800.0
0.8384805,0.097627036,0.20169382,998,19980.0,0.061002746,0.95,0.37,-1.2034299,99900.0
0.83848405,0.09763904,0.20169593,999,20000.0,0.061003778,0.8,0.36,-1.0809711,100000.0
