test/success_rate,epoch,stats_o/mean,test/episode,train/success_rate,test/mean_Q,stats_o/std,stats_g/mean,train/episode,stats_g/std
0.0,0,0.20403236,20.0,0.04,-0.8217885,0.05381342,0.87235856,100.0,0.1043291
0.1,1,0.20422624,40.0,0.05,-1.1635627,0.056974873,0.87894934,200.0,0.10624667
0.05,2,0.20411578,60.0,0.04,-1.3632672,0.052736826,0.87834054,300.0,0.10641395
0.0,3,0.20455356,80.0,0.07,-2.4025784,0.04979677,0.8779939,400.0,0.10695664
0.05,4,0.2050118,100.0,0.02,-2.841518,0.04814638,0.8760731,500.0,0.10605515
0.0,5,0.20482317,120.0,0.04,-3.7024007,0.04890502,0.8776696,600.0,0.10620729
0.05,6,0.20459387,140.0,0.02,-3.805122,0.048364855,0.87985355,700.0,0.10621818
0.1,7,0.20458472,160.0,0.05,-3.5607362,0.047825336,0.87955517,800.0,0.10700655
0.1,8,0.20454498,180.0,0.01,-3.7475343,0.04683139,0.87898874,900.0,0.10605136
0.05,9,0.20445852,200.0,0.05,-3.8383129,0.04636289,0.8794933,1000.0,0.10588046
0.0,10,0.20456848,220.0,0.03,-4.980691,0.045732595,0.8795624,1100.0,0.106038116
0.0,11,0.20438325,240.0,0.01,-6.5182657,0.046623997,0.8795964,1200.0,0.1064204
0.0,12,0.20439346,260.0,0.04,-5.9174414,0.04611164,0.878969,1300.0,0.10596933
0.05,13,0.20435573,280.0,0.03,-5.711702,0.04568636,0.8793108,1400.0,0.10630628
0.15,14,0.20438719,300.0,0.02,-5.746938,0.045446623,0.8790572,1500.0,0.1063402
0.1,15,0.2043237,320.0,0.04,-6.9392853,0.045178413,0.87902623,1600.0,0.106298804
0.1,16,0.20431837,340.0,0.02,-6.3181868,0.045112997,0.8783517,1700.0,0.10614681
0.0,17,0.20424189,360.0,0.02,-6.7794166,0.044861827,0.87778205,1800.0,0.10632404
0.05,18,0.20414981,380.0,0.0,-7.3895745,0.044647545,0.87809414,1900.0,0.1064169
0.15,19,0.2040697,400.0,0.03,-7.15875,0.04436098,0.8779869,2000.0,0.106293894
0.05,20,0.20405549,420.0,0.06,-7.318654,0.044155177,0.87779063,2100.0,0.10624578
0.0,21,0.20410205,440.0,0.03,-7.4890275,0.04391996,0.8779146,2200.0,0.10646833
0.05,22,0.204075,460.0,0.03,-6.650266,0.04380643,0.87801117,2300.0,0.10659123
0.0,23,0.20407805,480.0,0.05,-8.246746,0.04372704,0.8779128,2400.0,0.10650871
0.0,24,0.20404595,500.0,0.02,-7.898027,0.044204913,0.87712175,2500.0,0.10622462
0.05,25,0.20403922,520.0,0.04,-8.638667,0.043992452,0.8772297,2600.0,0.106257744
0.0,26,0.20414211,540.0,0.05,-8.141584,0.04407991,0.8771058,2700.0,0.10630817
0.05,27,0.20416026,560.0,0.04,-8.374472,0.04407437,0.87681466,2800.0,0.1061719
0.1,28,0.20414582,580.0,0.02,-8.784414,0.043967605,0.8771279,2900.0,0.1062431
0.0,29,0.20414609,600.0,0.01,-8.815485,0.04382559,0.87716645,3000.0,0.10634041
0.05,30,0.20415516,620.0,0.02,-12.363885,0.043988958,0.877234,3100.0,0.10634462
0.05,31,0.20409317,640.0,0.04,-9.5566225,0.043862917,0.8769295,3200.0,0.10644555
0.0,32,0.20405401,660.0,0.04,-8.010415,0.043747477,0.8769091,3300.0,0.10637001
0.0,33,0.2041023,680.0,0.01,-10.01526,0.043593213,0.87662965,3400.0,0.10629624
0.05,34,0.2040913,700.0,0.05,-9.982244,0.04354531,0.8767536,3500.0,0.106321834
0.05,35,0.20408438,720.0,0.03,-10.093684,0.04351419,0.87675697,3600.0,0.10613066
0.05,36,0.20413208,740.0,0.07,-9.538455,0.043396078,0.8767166,3700.0,0.10615188
0.05,37,0.20409517,760.0,0.02,-9.952089,0.04331056,0.8768824,3800.0,0.106178105
0.0,38,0.20402811,780.0,0.02,-10.1321945,0.04348459,0.8768241,3900.0,0.10604474
0.1,39,0.20398998,800.0,0.03,-9.224745,0.043365594,0.876653,4000.0,0.10598885
0.05,40,0.20399743,820.0,0.05,-8.096744,0.04335101,0.8763766,4100.0,0.105917685
0.0,41,0.2040038,840.0,0.03,-8.4490185,0.04338117,0.8762621,4200.0,0.10581919
0.0,42,0.20403762,860.0,0.03,-10.126849,0.04354463,0.8760976,4300.0,0.10582926
0.0,43,0.20400682,880.0,0.01,-9.760778,0.043624006,0.87616396,4400.0,0.10580345
0.0,44,0.20398778,900.0,0.04,-10.302418,0.04354507,0.87611705,4500.0,0.10586157
0.1,45,0.20399725,920.0,0.07,-10.237436,0.04354433,0.87614805,4600.0,0.1058894
0.05,46,0.20398249,940.0,0.03,-11.928866,0.04359557,0.8762104,4700.0,0.10587702
0.05,47,0.20399784,960.0,0.02,-8.5415535,0.04366857,0.8759907,4800.0,0.10590892
0.05,48,0.204015,980.0,0.05,-9.67695,0.043585744,0.87604827,4900.0,0.10595602
0.0,49,0.20404075,1000.0,0.01,-12.64921,0.043499567,0.8760492,5000.0,0.10585018
0.05,50,0.20405,1020.0,0.05,-9.547462,0.04355517,0.875962,5100.0,0.10579624
0.05,51,0.20402792,1040.0,0.05,-11.2008505,0.043800417,0.87586325,5200.0,0.10581529
0.0,52,0.20404057,1060.0,0.0,-12.16095,0.043722097,0.8757398,5300.0,0.10579731
0.05,53,0.2040217,1080.0,0.04,-10.410311,0.04382314,0.87545794,5400.0,0.10574641
0.0,54,0.20399,1100.0,0.02,-10.914102,0.043780588,0.8753846,5500.0,0.10574869
0.0,55,0.2039944,1120.0,0.02,-11.063466,0.043904975,0.8752899,5600.0,0.105690695
0.0,56,0.20400973,1140.0,0.03,-10.631329,0.04388484,0.8752265,5700.0,0.105641305
0.0,57,0.20400637,1160.0,0.03,-10.925409,0.043835826,0.87520367,5800.0,0.10573117
0.05,58,0.20400883,1180.0,0.04,-9.822974,0.043791767,0.87524706,5900.0,0.105647884
0.0,59,0.20397617,1200.0,0.02,-10.664678,0.043807965,0.87528807,6000.0,0.105551064
0.1,60,0.20395325,1220.0,0.02,-9.303823,0.04402007,0.87526256,6100.0,0.10553483
0.05,61,0.2039404,1240.0,0.07,-11.159559,0.04413233,0.8753223,6200.0,0.105493166
0.0,62,0.20395488,1260.0,0.02,-9.14174,0.04456074,0.87559766,6300.0,0.10555833
0.05,63,0.2039586,1280.0,0.05,-10.136293,0.044496838,0.8755207,6400.0,0.10554103
0.0,64,0.20394546,1300.0,0.03,-8.066343,0.044439092,0.87551636,6500.0,0.105525754
0.0,65,0.20393635,1320.0,0.01,-9.749514,0.044605598,0.8755173,6600.0,0.10557745
0.0,66,0.20394687,1340.0,0.03,-10.920471,0.044648577,0.87549704,6700.0,0.10549805
0.05,67,0.20394802,1360.0,0.05,-11.848782,0.044610757,0.87545586,6800.0,0.10552987
0.0,68,0.20394225,1380.0,0.06,-12.248093,0.04459394,0.87533164,6900.0,0.10549479
0.1,69,0.20392282,1400.0,0.04,-10.679847,0.044579018,0.87548226,7000.0,0.105502844
0.0,70,0.203934,1420.0,0.03,-12.780678,0.044799954,0.8753963,7100.0,0.105427355
0.1,71,0.2039571,1440.0,0.06,-8.419944,0.044758383,0.87547636,7200.0,0.105644755
0.0,72,0.20396593,1460.0,0.02,-8.843421,0.044741154,0.8755633,7300.0,0.105639964
0.05,73,0.20396905,1480.0,0.02,-9.668202,0.044745464,0.8755906,7400.0,0.105669044
0.0,74,0.2039634,1500.0,0.04,-8.827304,0.04491915,0.87553596,7500.0,0.10568881
0.0,75,0.20396022,1520.0,0.06,-10.1674185,0.044858202,0.8754969,7600.0,0.10564589
0.05,76,0.20398358,1540.0,0.03,-9.087897,0.044954754,0.875403,7700.0,0.10562327
0.0,77,0.20397754,1560.0,0.04,-9.730677,0.04501535,0.8753801,7800.0,0.10562533
0.05,78,0.20395681,1580.0,0.04,-12.182705,0.045145765,0.875336,7900.0,0.10560766
0.1,79,0.2039575,1600.0,0.03,-10.348674,0.045487527,0.8754496,8000.0,0.10573999
0.0,80,0.20394927,1620.0,0.05,-8.755447,0.04552157,0.8754452,8100.0,0.10577152
0.05,81,0.2039912,1640.0,0.03,-10.381834,0.045588788,0.87546635,8200.0,0.10578806
0.0,82,0.20399606,1660.0,0.03,-9.698629,0.04559949,0.8753867,8300.0,0.105778635
0.0,83,0.2040007,1680.0,0.02,-11.059099,0.045531403,0.87537956,8400.0,0.10579362
0.05,84,0.20401466,1700.0,0.06,-10.097004,0.045548316,0.87551993,8500.0,0.1057986
0.0,85,0.2040209,1720.0,0.03,-10.518288,0.04558642,0.8754694,8600.0,0.10575821
0.05,86,0.20403785,1740.0,0.03,-10.502233,0.04592553,0.87540513,8700.0,0.10575547
0.0,87,0.20401439,1760.0,0.05,-9.602892,0.04589007,0.8754508,8800.0,0.10573155
0.0,88,0.20402534,1780.0,0.03,-9.896855,0.04588132,0.87547725,8900.0,0.10577073
0.05,89,0.20401262,1800.0,0.03,-11.5051365,0.045891233,0.8756096,9000.0,0.105831325
0.0,90,0.20404477,1820.0,0.03,-11.740156,0.04615871,0.8755849,9100.0,0.105843544
0.0,91,0.20406875,1840.0,0.05,-8.014864,0.04613463,0.87553763,9200.0,0.10588512
0.0,92,0.20406525,1860.0,0.02,-12.709839,0.046173647,0.8755474,9300.0,0.105870895
0.0,93,0.2040574,1880.0,0.03,-10.395693,0.0461386,0.8755102,9400.0,0.10587571
0.0,94,0.20400524,1900.0,0.05,-12.015725,0.04627604,0.87553334,9500.0,0.10589991
0.05,95,0.20402269,1920.0,0.02,-7.9763236,0.046339583,0.875477,9600.0,0.105878614
0.05,96,0.20399837,1940.0,0.01,-9.23742,0.04658837,0.8755703,9700.0,0.10592697
0.05,97,0.2040145,1960.0,0.05,-10.772725,0.04667136,0.8756849,9800.0,0.105919756
0.0,98,0.20401844,1980.0,0.05,-10.449242,0.046681132,0.87572646,9900.0,0.10591676
0.0,99,0.20402998,2000.0,0.04,-11.537596,0.046735544,0.8757093,10000.0,0.10593144
0.2,100,0.2040348,2020.0,0.01,-7.2819643,0.046909403,0.87565774,10100.0,0.1059226
0.05,101,0.20402566,2040.0,0.01,-10.949394,0.046976417,0.8756792,10200.0,0.10595576
0.0,102,0.20401709,2060.0,0.03,-12.147915,0.047062654,0.87568974,10300.0,0.10592753
0.05,103,0.20403016,2080.0,0.04,-10.455193,0.04704463,0.8756699,10400.0,0.10589681
0.1,104,0.20402175,2100.0,0.04,-8.2314205,0.04716624,0.8756976,10500.0,0.105887316
0.0,105,0.20402068,2120.0,0.09,-11.445696,0.04710576,0.87556475,10600.0,0.10586228
0.0,106,0.20401669,2140.0,0.05,-9.794268,0.047220424,0.87550974,10700.0,0.10586086
0.1,107,0.20402831,2160.0,0.06,-10.502941,0.047354784,0.8755994,10800.0,0.10585179
0.05,108,0.20402248,2180.0,0.07,-12.064527,0.047344923,0.8756201,10900.0,0.105902374
0.0,109,0.20401771,2200.0,0.08,-11.168139,0.047304858,0.87560827,11000.0,0.10584249
0.0,110,0.20402366,2220.0,0.06,-9.324338,0.047307514,0.87560064,11100.0,0.10580486
0.05,111,0.20403418,2240.0,0.03,-11.931769,0.047306094,0.87559444,11200.0,0.10586061
0.05,112,0.2040374,2260.0,0.01,-10.014963,0.047266334,0.87562245,11300.0,0.10586506
0.05,113,0.20404167,2280.0,0.01,-10.748922,0.04740005,0.8756525,11400.0,0.10588983
0.0,114,0.20405409,2300.0,0.04,-12.042573,0.047385927,0.87557024,11500.0,0.105850734
0.05,115,0.2040518,2320.0,0.02,-9.6373415,0.047446422,0.8755641,11600.0,0.10582274
0.05,116,0.20405018,2340.0,0.02,-10.831886,0.04761112,0.8755192,11700.0,0.105845846
0.05,117,0.20405754,2360.0,0.07,-10.142128,0.04759769,0.8755233,11800.0,0.10583172
0.1,118,0.2040671,2380.0,0.02,-10.807881,0.04765779,0.8755372,11900.0,0.10582232
0.0,119,0.20405924,2400.0,0.03,-9.877573,0.047737826,0.87555456,12000.0,0.105802506
0.0,120,0.20404972,2420.0,0.04,-9.800842,0.04780309,0.8756229,12100.0,0.1058295
0.0,121,0.2040617,2440.0,0.03,-8.724687,0.047809076,0.875725,12200.0,0.10584298
0.0,122,0.20405628,2460.0,0.02,-8.650535,0.047787372,0.875722,12300.0,0.10585406
0.05,123,0.20405693,2480.0,0.02,-8.886461,0.047758576,0.87576574,12400.0,0.105864085
0.1,124,0.20406309,2500.0,0.03,-9.480209,0.0477972,0.8757987,12500.0,0.10589051
0.05,125,0.20405322,2520.0,0.03,-10.31283,0.047894448,0.87585044,12600.0,0.10590118
0.0,126,0.20404182,2540.0,0.05,-9.809275,0.047921948,0.87589175,12700.0,0.10590541
0.05,127,0.20402893,2560.0,0.03,-9.3526325,0.04793634,0.8758888,12800.0,0.10590941
0.0,128,0.20402661,2580.0,0.02,-11.320579,0.047929376,0.8758426,12900.0,0.10592166
0.1,129,0.20402117,2600.0,0.04,-9.268263,0.047938716,0.87585753,13000.0,0.10594857
0.1,130,0.20401545,2620.0,0.06,-8.866911,0.047990087,0.8758053,13100.0,0.10593053
0.1,131,0.20401308,2640.0,0.05,-6.7082987,0.04805316,0.8757785,13200.0,0.105938554
0.05,132,0.20401683,2660.0,0.06,-10.3860855,0.04818833,0.8757856,13300.0,0.10595129
0.0,133,0.20401455,2680.0,0.03,-11.013687,0.048185933,0.875803,13400.0,0.1059496
0.0,134,0.204027,2700.0,0.03,-12.401972,0.04836859,0.8758443,13500.0,0.105951704
0.05,135,0.20400353,2720.0,0.04,-10.103225,0.048553213,0.8757928,13600.0,0.10595331
0.05,136,0.20401411,2740.0,0.0,-9.984235,0.048571777,0.8757195,13700.0,0.105921805
0.05,137,0.20401196,2760.0,0.04,-12.100909,0.04861255,0.8757169,13800.0,0.105936505
0.05,138,0.20401448,2780.0,0.02,-10.077851,0.048588295,0.87568617,13900.0,0.105937146
0.0,139,0.20401184,2800.0,0.05,-8.3474455,0.048619647,0.875614,14000.0,0.10595393
0.0,140,0.20402506,2820.0,0.04,-9.961542,0.04878422,0.8755617,14100.0,0.10594884
0.0,141,0.20402443,2840.0,0.04,-11.377811,0.04898172,0.87557054,14200.0,0.10597732
0.0,142,0.2040126,2860.0,0.01,-11.563065,0.04902158,0.8755894,14300.0,0.105957665
0.0,143,0.20401293,2880.0,0.04,-12.9216175,0.0490903,0.8756139,14400.0,0.1059499
0.1,144,0.20400113,2900.0,0.03,-10.455068,0.049114335,0.8756392,14500.0,0.10596412
0.05,145,0.2039985,2920.0,0.04,-9.873247,0.049153242,0.87567836,14600.0,0.10601878
0.0,146,0.204014,2940.0,0.06,-13.144669,0.049258143,0.87562895,14700.0,0.10598963
0.0,147,0.20401889,2960.0,0.02,-12.424408,0.0492452,0.87563926,14800.0,0.10597368
0.0,148,0.2040055,2980.0,0.04,-10.859869,0.04928558,0.87567204,14900.0,0.10599095
0.0,149,0.20399162,3000.0,0.07,-11.534433,0.049263045,0.87563473,15000.0,0.10597644
0.0,150,0.20400958,3020.0,0.05,-11.733291,0.049245883,0.875673,15100.0,0.10603746
0.0,151,0.20403214,3040.0,0.02,-10.540555,0.04923219,0.87565273,15200.0,0.1060155
0.0,152,0.20402992,3060.0,0.02,-9.8502655,0.04923107,0.8756387,15300.0,0.10599058
0.05,153,0.20401987,3080.0,0.05,-11.795857,0.049238786,0.8756714,15400.0,0.10599699
0.05,154,0.20400707,3100.0,0.05,-10.837995,0.04924958,0.87567776,15500.0,0.10601268
0.05,155,0.20400299,3120.0,0.04,-9.43711,0.049312707,0.8756793,15600.0,0.106006406
0.05,156,0.20400612,3140.0,0.03,-11.430114,0.04937179,0.8756676,15700.0,0.105990134
0.0,157,0.2039954,3160.0,0.06,-10.226432,0.049446654,0.8756733,15800.0,0.106013395
0.05,158,0.20400208,3180.0,0.02,-9.915379,0.049493484,0.8756881,15900.0,0.10601177
0.05,159,0.20400605,3200.0,0.04,-12.36873,0.049555983,0.875725,16000.0,0.10602313
0.0,160,0.20400135,3220.0,0.03,-10.429857,0.04959111,0.875721,16100.0,0.10603007
0.0,161,0.20399313,3240.0,0.02,-9.162654,0.049669113,0.87572044,16200.0,0.10603207
0.05,162,0.20399696,3260.0,0.02,-9.686987,0.049706362,0.8756847,16300.0,0.106009185
0.1,163,0.20398706,3280.0,0.06,-8.828757,0.049732424,0.8756879,16400.0,0.10601324
0.05,164,0.20398523,3300.0,0.05,-12.8975725,0.04974045,0.8756477,16500.0,0.10598129
0.0,165,0.20398682,3320.0,0.05,-9.48381,0.04973904,0.8756547,16600.0,0.10602913
0.0,166,0.20397681,3340.0,0.03,-11.385738,0.049788173,0.87569195,16700.0,0.10602825
0.0,167,0.20397209,3360.0,0.01,-12.393133,0.049896035,0.87576264,16800.0,0.10602445
0.05,168,0.20397174,3380.0,0.07,-7.433159,0.049890563,0.87579036,16900.0,0.10604591
0.0,169,0.20396076,3400.0,0.02,-11.561621,0.050022803,0.8757958,17000.0,0.10606036
0.0,170,0.20395927,3420.0,0.0,-12.819827,0.05004883,0.8758445,17100.0,0.10606139
0.1,171,0.2039497,3440.0,0.05,-9.580278,0.050063103,0.87585783,17200.0,0.10606382
0.05,172,0.20394287,3460.0,0.05,-12.551953,0.05011915,0.87586623,17300.0,0.10603038
0.0,173,0.20393713,3480.0,0.03,-10.248171,0.050116945,0.8758955,17400.0,0.10606555
0.1,174,0.20393099,3500.0,0.04,-10.86931,0.050111488,0.8758781,17500.0,0.10605285
0.1,175,0.20393209,3520.0,0.03,-10.037094,0.050233528,0.8758721,17600.0,0.106063105
0.05,176,0.20394225,3540.0,0.06,-8.754486,0.050258804,0.8758897,17700.0,0.10604566
0.05,177,0.2039348,3560.0,0.02,-8.478332,0.050343916,0.8759134,17800.0,0.10609516
0.0,178,0.20390543,3580.0,0.05,-11.333286,0.05051863,0.87591624,17900.0,0.10607943
0.0,179,0.20390445,3600.0,0.03,-9.8973675,0.050513893,0.8759138,18000.0,0.10607979
0.1,180,0.20390649,3620.0,0.04,-10.16938,0.05053246,0.8759208,18100.0,0.10603752
0.05,181,0.20390803,3640.0,0.05,-12.024498,0.05049797,0.8759435,18200.0,0.10600409
0.05,182,0.20390528,3660.0,0.02,-9.50216,0.050590597,0.87593716,18300.0,0.1059919
0.1,183,0.20389852,3680.0,0.06,-11.0134535,0.050558988,0.87593347,18400.0,0.10599559
0.05,184,0.20390202,3700.0,0.04,-11.238305,0.050532125,0.87584734,18500.0,0.10598645
0.0,185,0.20390901,3720.0,0.02,-11.076645,0.050510213,0.87583494,18600.0,0.10596409
0.05,186,0.20390245,3740.0,0.01,-10.44211,0.0505466,0.8758684,18700.0,0.1059647
0.0,187,0.2038985,3760.0,0.02,-10.653722,0.05055614,0.87582475,18800.0,0.10598088
0.05,188,0.20390409,3780.0,0.04,-12.405235,0.050698753,0.8758526,18900.0,0.10600382
0.0,189,0.20390223,3800.0,0.02,-10.944193,0.0506961,0.8758858,19000.0,0.1059983
0.0,190,0.20391397,3820.0,0.05,-12.518388,0.050746698,0.87586147,19100.0,0.106010996
0.05,191,0.20391545,3840.0,0.04,-8.133992,0.050805807,0.87588567,19200.0,0.106021784
0.05,192,0.20391771,3860.0,0.04,-9.716989,0.050779697,0.8759238,19300.0,0.10608534
0.0,193,0.20391198,3880.0,0.05,-10.735316,0.05082067,0.8759174,19400.0,0.10611551
0.0,194,0.20392124,3900.0,0.01,-10.120283,0.050776828,0.8759198,19500.0,0.10610804
0.0,195,0.20392914,3920.0,0.03,-11.972088,0.05078369,0.8759331,19600.0,0.10609398
0.05,196,0.20393243,3940.0,0.04,-9.716366,0.05085065,0.87594175,19700.0,0.10608212
0.0,197,0.20392859,3960.0,0.03,-10.046339,0.050826136,0.8759532,19800.0,0.1060854
0.0,198,0.20393571,3980.0,0.01,-13.300115,0.0508054,0.8759549,19900.0,0.1060822
0.1,199,0.20393686,4000.0,0.01,-9.12657,0.050773684,0.8759647,20000.0,0.106095694
0.0,200,0.20393299,4020.0,0.03,-11.519323,0.050799288,0.87595385,20100.0,0.10609809
0.05,201,0.20393747,4040.0,0.03,-11.028013,0.050752826,0.8759299,20200.0,0.10608205
0.05,202,0.20394318,4060.0,0.02,-9.642963,0.050811354,0.8759478,20300.0,0.10607318
0.0,203,0.20393836,4080.0,0.06,-10.322732,0.05081646,0.8759773,20400.0,0.10611439
0.15,204,0.20393638,4100.0,0.03,-10.795018,0.05078804,0.8759933,20500.0,0.106135465
0.0,205,0.20393486,4120.0,0.03,-12.535001,0.050773572,0.8759884,20600.0,0.10615029
0.05,206,0.20394644,4140.0,0.03,-10.247789,0.050742783,0.87599343,20700.0,0.106164224
0.0,207,0.20394883,4160.0,0.04,-11.016187,0.05074296,0.8760133,20800.0,0.10616219
0.1,208,0.20396519,4180.0,0.03,-11.98728,0.050770126,0.87603164,20900.0,0.10616604
0.0,209,0.20397379,4200.0,0.03,-10.553705,0.05075492,0.87604874,21000.0,0.106152885
0.0,210,0.203976,4220.0,0.02,-10.356231,0.050789937,0.87603945,21100.0,0.10617325
0.0,211,0.20397055,4240.0,0.03,-11.354398,0.050765928,0.87602067,21200.0,0.10616263
0.15,212,0.20396668,4260.0,0.05,-9.987765,0.050896283,0.87600404,21300.0,0.10617759
0.0,213,0.20396471,4280.0,0.07,-11.007837,0.050914694,0.87601644,21400.0,0.106173575
0.05,214,0.20397602,4300.0,0.03,-11.369733,0.05095453,0.875983,21500.0,0.10616899
0.05,215,0.20397316,4320.0,0.06,-12.349352,0.05093839,0.875997,21600.0,0.10618327
0.05,216,0.20398746,4340.0,0.03,-8.932425,0.050977737,0.8760275,21700.0,0.106192976
0.0,217,0.20397465,4360.0,0.04,-11.922607,0.05094397,0.87600344,21800.0,0.10618191
0.0,218,0.20397264,4380.0,0.02,-11.077452,0.050976954,0.8759534,21900.0,0.10617906
0.0,219,0.2039654,4400.0,0.04,-8.9321995,0.051021997,0.87593555,22000.0,0.10617313
0.0,220,0.20395267,4420.0,0.03,-11.450012,0.051019568,0.87597734,22100.0,0.10618272
0.0,221,0.20395309,4440.0,0.07,-10.232202,0.05102384,0.87593865,22200.0,0.106200345
0.1,222,0.20395607,4460.0,0.04,-10.742128,0.05099215,0.87594765,22300.0,0.106196575
0.05,223,0.20395482,4480.0,0.04,-9.506933,0.051001646,0.87595266,22400.0,0.1061999
0.05,224,0.20394237,4500.0,0.05,-11.11908,0.050965432,0.8759601,22500.0,0.106196724
0.15,225,0.20394422,4520.0,0.04,-9.101567,0.05094526,0.87598366,22600.0,0.106206365
0.05,226,0.20395279,4540.0,0.04,-11.303133,0.050988123,0.8760092,22700.0,0.106209315
0.05,227,0.20395571,4560.0,0.05,-10.871775,0.050968017,0.87603384,22800.0,0.106212415
0.05,228,0.20394725,4580.0,0.05,-10.435563,0.050984092,0.8760817,22900.0,0.10622027
0.05,229,0.20394854,4600.0,0.04,-9.425125,0.050966416,0.8760989,23000.0,0.10622221
0.0,230,0.2039541,4620.0,0.02,-9.224344,0.05096222,0.87605786,23100.0,0.10620973
0.0,231,0.20395796,4640.0,0.02,-9.904399,0.050939545,0.87604237,23200.0,0.10620767
0.1,232,0.20395622,4660.0,0.07,-11.132503,0.050921682,0.8760331,23300.0,0.10620435
0.0,233,0.20395912,4680.0,0.06,-12.858849,0.050921675,0.87609786,23400.0,0.106215395
0.05,234,0.20396191,4700.0,0.05,-11.158392,0.05096024,0.8760686,23500.0,0.106225066
0.05,235,0.2039556,4720.0,0.05,-7.670307,0.0509964,0.87607193,23600.0,0.106239595
0.0,236,0.2039591,4740.0,0.06,-8.50718,0.05099173,0.87606066,23700.0,0.106240086
0.0,237,0.20395803,4760.0,0.05,-10.717649,0.050993923,0.876043,23800.0,0.10624728
0.05,238,0.20396584,4780.0,0.05,-11.135244,0.050979353,0.87602186,23900.0,0.106247604
0.0,239,0.20395702,4800.0,0.09,-13.300545,0.050958104,0.876,24000.0,0.106244825
0.0,240,0.20395559,4820.0,0.04,-9.758026,0.051000524,0.8759565,24100.0,0.10623915
0.1,241,0.20395437,4840.0,0.02,-9.533346,0.05103109,0.87595344,24200.0,0.10623173
0.05,242,0.2039534,4860.0,0.05,-10.423521,0.051054455,0.8759249,24300.0,0.10623404
0.05,243,0.20395982,4880.0,0.06,-12.371814,0.05102813,0.87587327,24400.0,0.10621429
0.05,244,0.20396857,4900.0,0.05,-9.63603,0.05103718,0.8758159,24500.0,0.10620918
0.0,245,0.20396848,4920.0,0.05,-10.769642,0.051033802,0.87584656,24600.0,0.10621955
0.05,246,0.20396684,4940.0,0.02,-9.895686,0.051063918,0.8758727,24700.0,0.10624636
0.0,247,0.20396192,4960.0,0.06,-12.605412,0.051045965,0.8758934,24800.0,0.10624137
0.0,248,0.20396443,4980.0,0.05,-11.0958185,0.051011343,0.8758616,24900.0,0.10624304
0.0,249,0.2039607,5000.0,0.03,-11.275316,0.051112425,0.8758294,25000.0,0.106232785
0.05,250,0.20396525,5020.0,0.03,-7.761445,0.051092144,0.8758047,25100.0,0.106201895
0.0,251,0.20396504,5040.0,0.03,-12.010374,0.051122006,0.8758195,25200.0,0.10620135
0.05,252,0.20397384,5060.0,0.03,-8.847463,0.05110953,0.8758076,25300.0,0.10621808
0.05,253,0.20397562,5080.0,0.04,-11.25551,0.051119756,0.87578374,25400.0,0.106215514
0.1,254,0.20396212,5100.0,0.06,-9.645117,0.051217306,0.8757463,25500.0,0.106184565
0.0,255,0.20395462,5120.0,0.02,-11.340948,0.051198658,0.87579924,25600.0,0.106211185
0.15,256,0.2039496,5140.0,0.01,-8.485061,0.05117406,0.87580234,25700.0,0.10620884
0.05,257,0.2039413,5160.0,0.08,-8.927495,0.05120983,0.8757791,25800.0,0.10618945
0.05,258,0.2039433,5180.0,0.07,-10.625485,0.051231407,0.8757772,25900.0,0.106180765
0.05,259,0.20395319,5200.0,0.04,-10.608186,0.051241655,0.8757257,26000.0,0.10617551
0.0,260,0.20395444,5220.0,0.04,-11.54901,0.051277112,0.8757169,26100.0,0.10617765
0.0,261,0.2039419,5240.0,0.04,-10.130011,0.05131289,0.87571913,26200.0,0.10619625
0.0,262,0.20393728,5260.0,0.06,-12.900209,0.051383168,0.87566847,26300.0,0.106174506
0.0,263,0.20392995,5280.0,0.04,-10.419429,0.051493872,0.8756818,26400.0,0.10616457
0.0,264,0.20393571,5300.0,0.02,-8.83919,0.051556855,0.875655,26500.0,0.10616926
0.05,265,0.20393582,5320.0,0.01,-8.546643,0.05156025,0.8756868,26600.0,0.10619128
0.05,266,0.20392933,5340.0,0.03,-10.001116,0.05168925,0.8756818,26700.0,0.10616959
0.05,267,0.20392124,5360.0,0.04,-10.7055,0.05173267,0.8756959,26800.0,0.10614085
0.0,268,0.20391802,5380.0,0.02,-8.928781,0.05196345,0.87567544,26900.0,0.106132664
0.1,269,0.20391871,5400.0,0.01,-7.758995,0.052039113,0.875686,27000.0,0.10615001
0.05,270,0.20391844,5420.0,0.03,-7.990992,0.05218017,0.8757331,27100.0,0.10614792
0.0,271,0.2039224,5440.0,0.04,-11.134656,0.052229486,0.87572986,27200.0,0.10614217
0.0,272,0.20391196,5460.0,0.04,-9.063047,0.05230914,0.87573934,27300.0,0.106135905
0.0,273,0.20390967,5480.0,0.04,-9.902499,0.052347325,0.8756996,27400.0,0.10611389
0.05,274,0.20389885,5500.0,0.04,-10.120299,0.052484054,0.8756981,27500.0,0.10611694
0.0,275,0.20390719,5520.0,0.04,-11.1456585,0.05265205,0.8756733,27600.0,0.10610732
0.05,276,0.20390567,5540.0,0.03,-7.6005754,0.05271535,0.87572145,27700.0,0.10613316
0.0,277,0.20390613,5560.0,0.06,-6.483514,0.052750908,0.8757217,27800.0,0.10612679
0.0,278,0.20390311,5580.0,0.01,-12.418318,0.05280444,0.87575483,27900.0,0.10615512
0.0,279,0.20391394,5600.0,0.1,-11.224248,0.052882332,0.87572265,28000.0,0.10614558
0.0,280,0.20390871,5620.0,0.07,-10.835932,0.053031415,0.87568194,28100.0,0.10613775
0.05,281,0.20390838,5640.0,0.03,-7.872592,0.053081732,0.8756757,28200.0,0.10612575
0.0,282,0.20390993,5660.0,0.01,-10.41279,0.053153925,0.8756651,28300.0,0.106110275
0.0,283,0.2039091,5680.0,0.04,-11.803728,0.053245515,0.87567586,28400.0,0.106097996
0.05,284,0.20391567,5700.0,0.05,-10.15614,0.053290315,0.8756759,28500.0,0.10610517
0.0,285,0.20392218,5720.0,0.03,-10.973726,0.053316962,0.87569743,28600.0,0.10610888
0.0,286,0.20392634,5740.0,0.02,-9.625737,0.05340729,0.8757062,28700.0,0.10612003
0.1,287,0.20393077,5760.0,0.04,-11.103256,0.05344612,0.8757084,28800.0,0.1061221
0.0,288,0.20392777,5780.0,0.07,-10.348306,0.05348427,0.87568235,28900.0,0.10611498
0.05,289,0.20392065,5800.0,0.04,-11.468423,0.053572044,0.8757038,29000.0,0.10612234
0.0,290,0.20391347,5820.0,0.04,-10.10441,0.053600572,0.87572306,29100.0,0.106122755
0.05,291,0.20391211,5840.0,0.03,-9.575214,0.053623218,0.87573606,29200.0,0.10611547
0.1,292,0.20391606,5860.0,0.07,-7.232171,0.05363163,0.8757381,29300.0,0.10610954
0.05,293,0.20391446,5880.0,0.03,-11.088778,0.053647757,0.8757458,29400.0,0.10610217
0.0,294,0.20391928,5900.0,0.04,-9.111234,0.053680282,0.8757258,29500.0,0.10608697
0.05,295,0.20391746,5920.0,0.02,-9.228968,0.053753003,0.8757222,29600.0,0.106096305
0.0,296,0.20392247,5940.0,0.03,-9.884172,0.053770646,0.87577057,29700.0,0.106111445
0.0,297,0.20392323,5960.0,0.02,-9.838245,0.05377401,0.87577844,29800.0,0.10610857
0.05,298,0.20392519,5980.0,0.04,-8.3554325,0.053822573,0.87579554,29900.0,0.10610771
0.0,299,0.20390946,6000.0,0.04,-10.724981,0.05393563,0.8757389,30000.0,0.10608932
0.05,300,0.20391008,6020.0,0.02,-9.034454,0.05393763,0.8757679,30100.0,0.10610803
0.0,301,0.2039092,6040.0,0.05,-11.855137,0.054085117,0.87574863,30200.0,0.106102265
0.0,302,0.2039167,6060.0,0.03,-9.513903,0.05405944,0.87578756,30300.0,0.10610792
0.05,303,0.20392044,6080.0,0.04,-10.567228,0.05409432,0.875801,30400.0,0.10610166
0.0,304,0.20391646,6100.0,0.06,-9.848277,0.05411593,0.8758052,30500.0,0.10608452
0.05,305,0.20390975,6120.0,0.05,-9.322082,0.054213315,0.8758088,30600.0,0.106092475
0.1,306,0.2039104,6140.0,0.06,-10.320635,0.05430994,0.8758361,30700.0,0.10610214
0.0,307,0.20390093,6160.0,0.04,-10.504018,0.054446477,0.87586623,30800.0,0.10611075
0.1,308,0.20389539,6180.0,0.05,-8.288544,0.054536536,0.87587434,30900.0,0.10610812
0.05,309,0.20389648,6200.0,0.03,-10.816467,0.054645006,0.87589866,31000.0,0.10610942
0.05,310,0.20389688,6220.0,0.06,-13.671641,0.054758262,0.8759008,31100.0,0.106112204
0.0,311,0.20389108,6240.0,0.09,-9.877395,0.054900147,0.8759218,31200.0,0.10612699
0.05,312,0.20388542,6260.0,0.06,-11.577297,0.05501948,0.8759136,31300.0,0.10612893
0.0,313,0.20387644,6280.0,0.04,-8.157951,0.055139408,0.8758917,31400.0,0.10611582
0.0,314,0.20387958,6300.0,0.01,-10.748486,0.055190455,0.87590986,31500.0,0.106112815
0.15,315,0.20387392,6320.0,0.01,-8.294103,0.05524155,0.8759058,31600.0,0.106107734
0.0,316,0.20388223,6340.0,0.06,-8.589686,0.05525383,0.87589717,31700.0,0.10610384
0.05,317,0.20388481,6360.0,0.06,-9.416845,0.055267025,0.87591106,31800.0,0.10611435
0.0,318,0.20387651,6380.0,0.02,-9.058548,0.055333056,0.8759089,31900.0,0.10611859
0.0,319,0.20387685,6400.0,0.03,-10.992346,0.055345654,0.87590784,32000.0,0.106129676
0.05,320,0.20387602,6420.0,0.04,-10.0223675,0.055379175,0.87589455,32100.0,0.106128186
0.0,321,0.20387344,6440.0,0.07,-9.007453,0.05535645,0.87588835,32200.0,0.10613393
0.05,322,0.20387171,6460.0,0.02,-8.184847,0.055381224,0.87587625,32300.0,0.106129706
0.05,323,0.2038658,6480.0,0.02,-13.175842,0.05538661,0.87590504,32400.0,0.10614377
0.0,324,0.20386703,6500.0,0.04,-9.228425,0.055371936,0.8759245,32500.0,0.10614588
0.0,325,0.20386295,6520.0,0.03,-10.298245,0.055425115,0.875911,32600.0,0.10615409
0.05,326,0.20386274,6540.0,0.04,-12.4981985,0.05543167,0.87589264,32700.0,0.10614165
0.0,327,0.20385633,6560.0,0.03,-11.016577,0.05546101,0.87593555,32800.0,0.106144875
0.0,328,0.20385279,6580.0,0.03,-10.905989,0.055447686,0.8759451,32900.0,0.10615746
0.0,329,0.2038558,6600.0,0.07,-9.248453,0.05549805,0.87592435,33000.0,0.10614332
0.05,330,0.20385723,6620.0,0.04,-10.522597,0.05548731,0.87595147,33100.0,0.1061551
0.0,331,0.20385197,6640.0,0.04,-8.787202,0.055494275,0.8759536,33200.0,0.10616215
0.1,332,0.20384632,6660.0,0.03,-10.95205,0.055563394,0.87596536,33300.0,0.106170736
0.05,333,0.20384294,6680.0,0.04,-11.000806,0.05565553,0.8759749,33400.0,0.106196426
0.0,334,0.20384777,6700.0,0.03,-8.671088,0.05566197,0.8759702,33500.0,0.10618696
0.0,335,0.20384732,6720.0,0.03,-11.812093,0.05577452,0.8759649,33600.0,0.10616378
0.05,336,0.20384239,6740.0,0.04,-10.4044285,0.055860445,0.87598276,33700.0,0.106174074
0.05,337,0.20384435,6760.0,0.05,-9.745725,0.055970408,0.8759827,33800.0,0.1061852
0.15,338,0.20383814,6780.0,0.08,-9.782072,0.056030698,0.8760006,33900.0,0.10619555
0.0,339,0.20384043,6800.0,0.04,-8.828076,0.056068417,0.8759907,34000.0,0.10619402
0.05,340,0.20383711,6820.0,0.04,-10.481228,0.056052398,0.87598604,34100.0,0.10619507
0.0,341,0.203838,6840.0,0.03,-10.188793,0.056065224,0.8760074,34200.0,0.106200375
0.1,342,0.20383324,6860.0,0.03,-9.060885,0.05612501,0.876,34300.0,0.106209405
0.1,343,0.20382357,6880.0,0.06,-10.611805,0.05620195,0.87600756,34400.0,0.10621613
0.05,344,0.20381498,6900.0,0.07,-10.688166,0.056237675,0.8759777,34500.0,0.10621176
0.0,345,0.2038192,6920.0,0.0,-10.844972,0.056300797,0.87598974,34600.0,0.10620888
0.05,346,0.20382032,6940.0,0.06,-9.154606,0.056398284,0.8759921,34700.0,0.1062206
0.15,347,0.20382105,6960.0,0.02,-10.3731365,0.05645786,0.87598133,34800.0,0.10622612
0.0,348,0.20380543,6980.0,0.03,-10.380786,0.0565063,0.876002,34900.0,0.10622992
0.1,349,0.20380849,7000.0,0.02,-9.986219,0.056568526,0.8760178,35000.0,0.10625037
0.0,350,0.20381083,7020.0,0.05,-9.230668,0.05658117,0.87600845,35100.0,0.1062602
0.0,351,0.20381369,7040.0,0.04,-9.458879,0.05663148,0.87600535,35200.0,0.106254496
0.0,352,0.20381275,7060.0,0.03,-8.51568,0.056693353,0.875982,35300.0,0.10624724
0.05,353,0.20381871,7080.0,0.05,-11.046956,0.056720756,0.87594014,35400.0,0.106237434
0.1,354,0.20382002,7100.0,0.02,-8.305916,0.056750447,0.87596554,35500.0,0.10623001
0.1,355,0.20381042,7120.0,0.03,-10.137845,0.05682419,0.8759406,35600.0,0.10621958
0.0,356,0.203809,7140.0,0.03,-12.819208,0.05688069,0.87596816,35700.0,0.10621997
0.05,357,0.20380278,7160.0,0.06,-10.39417,0.056872204,0.8759451,35800.0,0.10621557
0.05,358,0.20380336,7180.0,0.02,-11.763627,0.056917917,0.87595433,35900.0,0.10620675
0.1,359,0.20379789,7200.0,0.04,-10.46681,0.05693747,0.8759443,36000.0,0.106200755
0.0,360,0.20379648,7220.0,0.06,-10.534437,0.05694895,0.8759306,36100.0,0.10619537
0.0,361,0.20379421,7240.0,0.04,-10.300454,0.056971308,0.8759146,36200.0,0.10619836
0.0,362,0.20378745,7260.0,0.03,-10.626431,0.057054564,0.8759129,36300.0,0.106193416
0.05,363,0.2037821,7280.0,0.05,-10.540471,0.05709168,0.8759157,36400.0,0.10618778
0.05,364,0.20377663,7300.0,0.03,-11.392195,0.05711872,0.8758965,36500.0,0.10618416
0.0,365,0.2037805,7320.0,0.05,-11.95977,0.057110485,0.8758903,36600.0,0.10618532
0.05,366,0.20378187,7340.0,0.01,-11.493367,0.05710595,0.87588406,36700.0,0.10616901
0.05,367,0.20378698,7360.0,0.05,-9.980403,0.057090677,0.87589616,36800.0,0.10616811
0.0,368,0.2037782,7380.0,0.01,-11.225263,0.057133425,0.87591434,36900.0,0.10616827
0.05,369,0.20377363,7400.0,0.03,-9.851137,0.057166666,0.8759168,37000.0,0.10616299
0.1,370,0.20377511,7420.0,0.03,-10.125384,0.05721772,0.87592846,37100.0,0.10618448
0.0,371,0.20377606,7440.0,0.04,-11.734772,0.057272263,0.8759143,37200.0,0.10618574
0.05,372,0.203771,7460.0,0.02,-9.595062,0.05731227,0.87592155,37300.0,0.10618479
0.0,373,0.20376681,7480.0,0.07,-9.57971,0.05733533,0.87592906,37400.0,0.106197394
0.05,374,0.20376533,7500.0,0.07,-10.136194,0.057352796,0.8759294,37500.0,0.10619483
0.1,375,0.20375906,7520.0,0.04,-9.7718725,0.057393227,0.8759279,37600.0,0.10619793
0.05,376,0.20375553,7540.0,0.04,-7.5384917,0.057509284,0.875935,37700.0,0.10620364
0.0,377,0.20375858,7560.0,0.03,-11.174835,0.057552557,0.87591505,37800.0,0.10618931
0.1,378,0.20375152,7580.0,0.03,-8.46615,0.0576491,0.8759211,37900.0,0.10619395
0.0,379,0.20375356,7600.0,0.04,-9.508571,0.057685193,0.8759152,38000.0,0.10619225
0.0,380,0.2037524,7620.0,0.04,-9.885294,0.05772626,0.8758936,38100.0,0.10618546
0.05,381,0.20374632,7640.0,0.06,-8.415213,0.05780582,0.87586236,38200.0,0.10617653
0.0,382,0.2037463,7660.0,0.03,-9.287411,0.057831675,0.87587374,38300.0,0.10617179
0.0,383,0.20375264,7680.0,0.05,-7.881027,0.057871226,0.8758574,38400.0,0.10617285
0.05,384,0.2037588,7700.0,0.02,-8.8402605,0.057973918,0.8758495,38500.0,0.10616078
0.0,385,0.20375377,7720.0,0.04,-9.458647,0.05802715,0.875851,38600.0,0.10615694
0.0,386,0.20375118,7740.0,0.06,-10.045371,0.058100022,0.8758495,38700.0,0.10615373
0.1,387,0.20375131,7760.0,0.02,-9.497071,0.058166552,0.8758761,38800.0,0.10617322
0.15,388,0.20375186,7780.0,0.06,-8.671672,0.05822728,0.8758703,38900.0,0.10616928
0.0,389,0.20375387,7800.0,0.03,-8.780063,0.05837005,0.8758474,39000.0,0.10616169
0.0,390,0.20375556,7820.0,0.03,-9.939914,0.05846263,0.87585264,39100.0,0.106166035
0.1,391,0.20374699,7840.0,0.03,-7.167456,0.058588948,0.87580156,39200.0,0.106154144
0.1,392,0.20374489,7860.0,0.06,-7.732418,0.058711804,0.87579685,39300.0,0.106143914
0.05,393,0.2037412,7880.0,0.1,-7.533155,0.05886067,0.8757887,39400.0,0.106143326
0.05,394,0.20373486,7900.0,0.03,-7.986989,0.059089974,0.87578624,39500.0,0.10613666
0.0,395,0.20372766,7920.0,0.04,-9.588557,0.059231,0.8757883,39600.0,0.106133245
0.05,396,0.20373349,7940.0,0.05,-11.614029,0.059495505,0.8758168,39700.0,0.10613733
0.05,397,0.20373146,7960.0,0.03,-10.663821,0.059757136,0.87584263,39800.0,0.10614564
0.05,398,0.20373388,7980.0,0.03,-7.5298223,0.059891388,0.8758397,39900.0,0.106144466
0.0,399,0.20373537,8000.0,0.02,-10.244825,0.060066447,0.8758306,40000.0,0.10614282
0.0,400,0.20372929,8020.0,0.1,-9.268285,0.060183067,0.87581474,40100.0,0.10614183
0.1,401,0.20372967,8040.0,0.03,-8.6007395,0.06031999,0.87581724,40200.0,0.10613948
0.05,402,0.20373206,8060.0,0.03,-10.216736,0.060440846,0.87583715,40300.0,0.10615516
0.1,403,0.20374401,8080.0,0.02,-8.140945,0.06062165,0.875843,40400.0,0.106149755
0.0,404,0.2037415,8100.0,0.04,-9.771479,0.06082591,0.87583613,40500.0,0.106152445
0.05,405,0.20373769,8120.0,0.03,-9.407841,0.061005097,0.8758629,40600.0,0.10615627
0.05,406,0.20374188,8140.0,0.05,-8.054189,0.061159626,0.87585354,40700.0,0.10616225
0.0,407,0.20373705,8160.0,0.03,-10.667478,0.061340567,0.8758745,40800.0,0.10617647
0.0,408,0.20374237,8180.0,0.03,-7.3003554,0.06151605,0.875892,40900.0,0.106181085
0.05,409,0.20373814,8200.0,0.03,-10.624964,0.061638474,0.875897,41000.0,0.10617491
0.05,410,0.2037364,8220.0,0.03,-9.956193,0.061721474,0.87588054,41100.0,0.10616494
0.0,411,0.2037346,8240.0,0.05,-7.2785354,0.06183888,0.8758867,41200.0,0.106164
0.05,412,0.20372514,8260.0,0.01,-7.9405274,0.061940547,0.87591076,41300.0,0.10617436
0.0,413,0.20372204,8280.0,0.04,-9.503569,0.062045332,0.875911,41400.0,0.106172085
0.1,414,0.2037244,8300.0,0.05,-6.273,0.062093254,0.8758874,41500.0,0.106173635
0.0,415,0.20372017,8320.0,0.05,-9.416198,0.06214031,0.8758931,41600.0,0.10617587
0.05,416,0.20372003,8340.0,0.03,-7.556031,0.062223975,0.8759063,41700.0,0.10618522
0.0,417,0.2037245,8360.0,0.06,-9.556893,0.06227888,0.8758912,41800.0,0.1061937
0.05,418,0.20372877,8380.0,0.05,-8.762241,0.06237713,0.87590367,41900.0,0.10618254
0.0,419,0.20372753,8400.0,0.05,-10.091613,0.06242948,0.8759137,42000.0,0.10617771
0.05,420,0.20372267,8420.0,0.03,-11.214574,0.06245687,0.8759365,42100.0,0.10619665
0.1,421,0.2037334,8440.0,0.06,-7.726702,0.062472977,0.87593985,42200.0,0.106200635
0.05,422,0.20373453,8460.0,0.02,-9.759094,0.06250777,0.875936,42300.0,0.10619896
0.0,423,0.20373873,8480.0,0.04,-9.909728,0.06255,0.87595415,42400.0,0.10618042
0.1,424,0.20373774,8500.0,0.05,-9.985258,0.06257017,0.875967,42500.0,0.106170595
0.05,425,0.20374006,8520.0,0.03,-9.098163,0.06260256,0.8759591,42600.0,0.10616293
0.05,426,0.2037412,8540.0,0.04,-9.031513,0.062612526,0.87595296,42700.0,0.10616645
0.0,427,0.20374456,8560.0,0.01,-10.249399,0.06265435,0.87592477,42800.0,0.106165625
0.1,428,0.20374787,8580.0,0.02,-8.69766,0.062698156,0.8759208,42900.0,0.10617554
0.0,429,0.20374556,8600.0,0.05,-9.879973,0.06271014,0.87593985,43000.0,0.10619017
0.05,430,0.20374557,8620.0,0.06,-11.224006,0.06278807,0.87596804,43100.0,0.1062
0.05,431,0.20374355,8640.0,0.04,-10.007075,0.06284818,0.8759711,43200.0,0.10619065
0.05,432,0.20374376,8660.0,0.05,-7.612563,0.06287651,0.87595326,43300.0,0.10617354
0.0,433,0.20374005,8680.0,0.02,-10.638085,0.06291053,0.8759696,43400.0,0.10618025
0.0,434,0.2037414,8700.0,0.02,-9.088367,0.06294037,0.8759945,43500.0,0.10619833
0.0,435,0.20373854,8720.0,0.04,-10.996454,0.06301746,0.87596756,43600.0,0.10619354
0.05,436,0.20373565,8740.0,0.01,-9.729994,0.06302172,0.8759642,43700.0,0.10618043
0.05,437,0.20373672,8760.0,0.03,-10.319163,0.06300744,0.8759718,43800.0,0.106182694
0.15,438,0.20373438,8780.0,0.11,-8.385846,0.06301272,0.8759506,43900.0,0.106173836
0.0,439,0.20372938,8800.0,0.05,-9.858709,0.063070364,0.8759605,44000.0,0.10618063
0.05,440,0.20372438,8820.0,0.02,-14.052419,0.063158765,0.8759559,44100.0,0.10617057
0.05,441,0.20372681,8840.0,0.02,-10.000746,0.06320455,0.8759814,44200.0,0.10616214
0.05,442,0.20373245,8860.0,0.02,-10.99001,0.06318205,0.87598306,44300.0,0.10615644
0.0,443,0.20372596,8880.0,0.03,-12.1008,0.06318792,0.875989,44400.0,0.10615834
0.0,444,0.20373127,8900.0,0.07,-10.403334,0.06320481,0.8759961,44500.0,0.10614792
0.0,445,0.20373438,8920.0,0.0,-12.183995,0.06325852,0.87600803,44600.0,0.10615047
0.1,446,0.20373507,8940.0,0.03,-8.777361,0.06325182,0.87599653,44700.0,0.106131576
0.05,447,0.20373431,8960.0,0.06,-10.410173,0.063294284,0.8759853,44800.0,0.1061292
0.0,448,0.20373213,8980.0,0.05,-11.190538,0.0633167,0.8759651,44900.0,0.106117584
0.05,449,0.20372754,9000.0,0.03,-12.235555,0.06334533,0.8759811,45000.0,0.10613138
0.0,450,0.20373446,9020.0,0.03,-10.138552,0.06339076,0.87601846,45100.0,0.10614165
0.0,451,0.20373581,9040.0,0.05,-10.153684,0.06342388,0.87603116,45200.0,0.10614189
0.05,452,0.20373431,9060.0,0.03,-10.90719,0.063425615,0.8760319,45300.0,0.106134
0.05,453,0.20373365,9080.0,0.03,-9.015132,0.06351439,0.8760361,45400.0,0.10613567
0.1,454,0.2037363,9100.0,0.03,-9.721045,0.06356334,0.8760317,45500.0,0.10613028
0.0,455,0.20373018,9120.0,0.02,-9.5550785,0.06358897,0.8760422,45600.0,0.10613328
0.0,456,0.20373271,9140.0,0.05,-8.309716,0.06361468,0.8760445,45700.0,0.10613605
0.0,457,0.20372841,9160.0,0.04,-10.575959,0.06361955,0.87605596,45800.0,0.10614302
0.2,458,0.20373134,9180.0,0.08,-8.057298,0.0636275,0.8760186,45900.0,0.106128216
0.05,459,0.20373052,9200.0,0.0,-11.015017,0.06364956,0.87601644,46000.0,0.1061239
0.0,460,0.20372716,9220.0,0.05,-10.393123,0.063688666,0.8760093,46100.0,0.10611857
0.0,461,0.20372601,9240.0,0.04,-11.746586,0.06373647,0.8759928,46200.0,0.10612526
0.05,462,0.20371933,9260.0,0.02,-8.951752,0.06373895,0.8759938,46300.0,0.10612472
0.05,463,0.20372409,9280.0,0.02,-8.640648,0.063762076,0.87599593,46400.0,0.10612031
0.0,464,0.20372063,9300.0,0.03,-9.694479,0.06377246,0.87598974,46500.0,0.10611659
0.1,465,0.20372322,9320.0,0.01,-7.6935196,0.06379536,0.8759732,46600.0,0.10611232
0.05,466,0.20372233,9340.0,0.03,-9.465311,0.063802816,0.875962,46700.0,0.10610733
0.0,467,0.20371921,9360.0,0.02,-9.122466,0.063826166,0.8759672,46800.0,0.106118254
0.0,468,0.20371836,9380.0,0.04,-10.249847,0.06384442,0.87595886,46900.0,0.10612291
0.0,469,0.20371735,9400.0,0.03,-10.299331,0.0639128,0.87597173,47000.0,0.10612861
0.0,470,0.20371124,9420.0,0.06,-9.165392,0.06393076,0.875968,47100.0,0.106138
0.1,471,0.20370883,9440.0,0.02,-11.130129,0.063949525,0.8759828,47200.0,0.10614676
0.1,472,0.20371197,9460.0,0.02,-9.12968,0.06403119,0.8759802,47300.0,0.10614661
0.0,473,0.20370622,9480.0,0.04,-11.456168,0.06403773,0.8760028,47400.0,0.106162645
0.05,474,0.20369297,9500.0,0.03,-11.047195,0.064096704,0.8759988,47500.0,0.106170356
0.05,475,0.20369728,9520.0,0.01,-12.492994,0.06413469,0.87600183,47600.0,0.10617421
0.05,476,0.20370062,9540.0,0.02,-9.933642,0.06417761,0.8760225,47700.0,0.10617862
0.0,477,0.20370167,9560.0,0.09,-8.427386,0.06422518,0.87600607,47800.0,0.10618401
0.05,478,0.20369612,9580.0,0.03,-10.592992,0.064287044,0.8760118,47900.0,0.10617403
0.05,479,0.20369387,9600.0,0.04,-10.261002,0.06433637,0.8760341,48000.0,0.10618493
0.0,480,0.20369777,9620.0,0.06,-12.029863,0.06442149,0.8760443,48100.0,0.10618127
0.05,481,0.20369428,9640.0,0.0,-10.115576,0.06444782,0.8760465,48200.0,0.10617811
0.0,482,0.20368993,9660.0,0.01,-11.777313,0.06452535,0.8760538,48300.0,0.1061761
0.0,483,0.20369586,9680.0,0.05,-10.081976,0.06454315,0.8760622,48400.0,0.106178306
0.0,484,0.2036983,9700.0,0.06,-9.776989,0.06459053,0.8761042,48500.0,0.106192864
0.1,485,0.20368575,9720.0,0.02,-10.851465,0.06466616,0.876086,48600.0,0.10618963
0.0,486,0.2036904,9740.0,0.03,-11.232511,0.064713344,0.8760969,48700.0,0.10619279
0.05,487,0.20368342,9760.0,0.04,-9.139368,0.06475074,0.87608606,48800.0,0.106185324
0.1,488,0.20369291,9780.0,0.07,-11.002665,0.06481847,0.8760895,48900.0,0.10618061
0.0,489,0.2036893,9800.0,0.07,-9.315695,0.0648839,0.8760943,49000.0,0.10618401
0.0,490,0.20369607,9820.0,0.03,-10.443243,0.06490916,0.87609106,49100.0,0.106182374
0.05,491,0.20370185,9840.0,0.02,-10.551769,0.06495175,0.8761123,49200.0,0.10619128
0.1,492,0.20369714,9860.0,0.04,-8.958469,0.06499039,0.8761065,49300.0,0.106191956
0.05,493,0.20369339,9880.0,0.04,-8.067503,0.065007776,0.8760936,49400.0,0.10618403
0.05,494,0.20369133,9900.0,0.05,-7.416659,0.06501599,0.87609106,49500.0,0.10618228
0.05,495,0.20369993,9920.0,0.01,-8.52091,0.0650311,0.8760999,49600.0,0.10617676
0.05,496,0.20369871,9940.0,0.02,-6.6025267,0.06503781,0.8760967,49700.0,0.10617892
0.0,497,0.2036996,9960.0,0.03,-9.434135,0.065053605,0.8760848,49800.0,0.10616688
0.0,498,0.20369755,9980.0,0.0,-8.905699,0.06504252,0.8760813,49900.0,0.1061646
0.05,499,0.20369631,10000.0,0.01,-8.78666,0.06507285,0.87608856,50000.0,0.106170714
0.05,500,0.20369317,10020.0,0.05,-7.874846,0.06509782,0.8760856,50100.0,0.10617697
0.0,501,0.20369071,10040.0,0.01,-9.079817,0.06511343,0.876108,50200.0,0.10618377
0.0,502,0.2036923,10060.0,0.02,-9.763613,0.06510169,0.8761197,50300.0,0.10619215
0.0,503,0.2036928,10080.0,0.04,-7.4924,0.06511603,0.8761234,50400.0,0.10619607
0.0,504,0.20368943,10100.0,0.03,-7.7253942,0.0651375,0.87612516,50500.0,0.10619352
0.0,505,0.2036897,10120.0,0.07,-11.315148,0.06514957,0.8761173,50600.0,0.106192864
0.0,506,0.20369428,10140.0,0.0,-9.623007,0.065152735,0.8761036,50700.0,0.10618213
0.0,507,0.20369136,10160.0,0.04,-8.715586,0.06516049,0.87608725,50800.0,0.106179185
0.05,508,0.20369488,10180.0,0.03,-8.281308,0.065184645,0.8760831,50900.0,0.10618272
0.0,509,0.203692,10200.0,0.04,-11.6464815,0.06521251,0.87606364,51000.0,0.106170855
0.05,510,0.20368882,10220.0,0.0,-8.096232,0.06522798,0.87607193,51100.0,0.10617354
0.0,511,0.20368642,10240.0,0.03,-9.003253,0.06524132,0.87606263,51200.0,0.10617244
0.05,512,0.20368725,10260.0,0.07,-9.2624,0.06525123,0.8760548,51300.0,0.10617139
0.05,513,0.20369135,10280.0,0.06,-5.869347,0.065246426,0.8760285,51400.0,0.10616361
0.0,514,0.20369393,10300.0,0.01,-9.207371,0.06529739,0.8760562,51500.0,0.10616765
0.15,515,0.20369032,10320.0,0.02,-6.095287,0.065343745,0.87606627,51600.0,0.10616472
0.0,516,0.20369788,10340.0,0.04,-7.474021,0.06538842,0.87606555,51700.0,0.10616361
0.0,517,0.20370607,10360.0,0.04,-9.911926,0.065404564,0.87606573,51800.0,0.10616684
0.05,518,0.20370501,10380.0,0.06,-7.6197767,0.065427236,0.87606853,51900.0,0.106167816
0.0,519,0.20370375,10400.0,0.04,-9.807309,0.065436974,0.8760729,52000.0,0.10616966
0.1,520,0.20370393,10420.0,0.04,-6.439576,0.06544452,0.87609214,52100.0,0.1061751
0.0,521,0.203706,10440.0,0.02,-7.5164657,0.065493405,0.87608224,52200.0,0.10617397
0.05,522,0.20370437,10460.0,0.04,-10.804593,0.06550329,0.8760815,52300.0,0.10617859
0.05,523,0.20370537,10480.0,0.07,-8.066918,0.06549942,0.87607354,52400.0,0.10617515
0.0,524,0.2037023,10500.0,0.07,-7.82427,0.06549601,0.8760783,52500.0,0.1061675
0.1,525,0.20370203,10520.0,0.05,-7.686142,0.06552016,0.87608546,52600.0,0.1061606
0.15,526,0.20370275,10540.0,0.06,-6.2241325,0.065516695,0.87608665,52700.0,0.10615339
0.1,527,0.2037023,10560.0,0.06,-6.541645,0.06553268,0.87609005,52800.0,0.106158376
0.1,528,0.20370103,10580.0,0.01,-7.502707,0.06553687,0.8760944,52900.0,0.106164314
0.0,529,0.20370393,10600.0,0.05,-10.653273,0.06556064,0.87609726,53000.0,0.10615928
0.05,530,0.20371287,10620.0,0.05,-9.491611,0.06556195,0.8761065,53100.0,0.10615611
0.0,531,0.20370945,10640.0,0.04,-6.8575797,0.06558183,0.8761087,53200.0,0.1061571
0.05,532,0.20370713,10660.0,0.11,-8.537788,0.06558305,0.876101,53300.0,0.10614409
0.05,533,0.2037081,10680.0,0.03,-8.711464,0.06557334,0.87608576,53400.0,0.106137596
0.1,534,0.20370825,10700.0,0.07,-7.024144,0.06558411,0.87610453,53500.0,0.106143914
0.15,535,0.20370583,10720.0,0.03,-7.5351157,0.065586574,0.87610173,53600.0,0.106134355
0.1,536,0.20370421,10740.0,0.06,-7.55542,0.065576784,0.8761182,53700.0,0.10614896
0.05,537,0.2037027,10760.0,0.04,-6.4906883,0.06558051,0.8761101,53800.0,0.10614892
0.0,538,0.20369647,10780.0,0.05,-7.1373086,0.06559863,0.87609833,53900.0,0.10614141
0.0,539,0.20369592,10800.0,0.03,-10.542751,0.06560453,0.8761093,54000.0,0.106148124
0.1,540,0.20369555,10820.0,0.03,-7.983838,0.065608054,0.87610817,54100.0,0.106151484
0.1,541,0.20369679,10840.0,0.07,-7.2431755,0.06559625,0.8761008,54200.0,0.1061494
0.1,542,0.2036973,10860.0,0.01,-6.779977,0.065601245,0.87609696,54300.0,0.106139936
0.05,543,0.20369838,10880.0,0.04,-7.163368,0.06560255,0.8760867,54400.0,0.106140815
0.1,544,0.20370007,10900.0,0.03,-8.251299,0.06559045,0.87608624,54500.0,0.106143825
0.05,545,0.20370075,10920.0,0.03,-7.631349,0.06557362,0.876087,54600.0,0.10613821
0.1,546,0.20369859,10940.0,0.04,-8.712965,0.06556865,0.876095,54700.0,0.1061481
0.0,547,0.20370474,10960.0,0.05,-8.480097,0.06555255,0.87608653,54800.0,0.10614791
0.1,548,0.2037068,10980.0,0.05,-6.41722,0.065557905,0.8761041,54900.0,0.10614067
0.15,549,0.20370755,11000.0,0.03,-7.2977686,0.065541856,0.8761111,55000.0,0.10615007
0.05,550,0.20371293,11020.0,0.04,-8.769636,0.06555809,0.8761144,55100.0,0.10615548
0.0,551,0.20371531,11040.0,0.02,-8.158491,0.065571286,0.87610435,55200.0,0.10615051
0.0,552,0.20371984,11060.0,0.02,-7.1588416,0.06556098,0.87610465,55300.0,0.106157504
0.25,553,0.20371763,11080.0,0.04,-8.159895,0.06555876,0.87611264,55400.0,0.10616686
0.05,554,0.20371494,11100.0,0.04,-7.450699,0.06554623,0.87611526,55500.0,0.1061632
0.0,555,0.20371886,11120.0,0.05,-11.0788,0.06553178,0.87610644,55600.0,0.106157295
0.0,556,0.20371814,11140.0,0.03,-8.647918,0.0655241,0.8760918,55700.0,0.106148265
0.0,557,0.20372297,11160.0,0.06,-8.362472,0.065523684,0.87608653,55800.0,0.10614725
0.05,558,0.2037271,11180.0,0.02,-8.476955,0.06551978,0.8760722,55900.0,0.10614733
0.1,559,0.20373107,11200.0,0.04,-9.577501,0.065500624,0.87607867,56000.0,0.10615367
0.0,560,0.20373169,11220.0,0.03,-10.188067,0.06549606,0.8760826,56100.0,0.10615248
0.0,561,0.20372945,11240.0,0.02,-9.985948,0.06550584,0.8760867,56200.0,0.10615498
0.05,562,0.20372872,11260.0,0.05,-8.207613,0.06551448,0.87609035,56300.0,0.106155336
0.0,563,0.20373043,11280.0,0.03,-9.102262,0.06550072,0.87610024,56400.0,0.10615847
0.0,564,0.20372999,11300.0,0.04,-8.647438,0.06549346,0.8761118,56500.0,0.10615555
0.0,565,0.20372587,11320.0,0.11,-8.562811,0.065476134,0.8761077,56600.0,0.10615399
0.0,566,0.20371957,11340.0,0.04,-10.917247,0.065475985,0.87610465,56700.0,0.106148355
0.0,567,0.2037191,11360.0,0.05,-9.917872,0.065465465,0.8761137,56800.0,0.10615156
0.05,568,0.20371851,11380.0,0.04,-9.484253,0.065451354,0.87609917,56900.0,0.106149994
0.0,569,0.2037212,11400.0,0.03,-9.181559,0.06545025,0.87609005,57000.0,0.10615295
0.15,570,0.20372379,11420.0,0.07,-8.677343,0.065471806,0.8760906,57100.0,0.10615019
0.0,571,0.20372236,11440.0,0.06,-9.580222,0.06547367,0.87609524,57200.0,0.10615331
0.05,572,0.20372307,11460.0,0.08,-8.981784,0.06545525,0.87609094,57300.0,0.10615331
0.0,573,0.20372637,11480.0,0.04,-8.287014,0.065458916,0.87608904,57400.0,0.106152765
0.0,574,0.20372622,11500.0,0.02,-9.7614155,0.065448,0.8760907,57500.0,0.106158376
0.0,575,0.20372799,11520.0,0.04,-8.680699,0.06544098,0.87610096,57600.0,0.1061564
0.05,576,0.20372465,11540.0,0.04,-7.9407983,0.06542088,0.8760999,57700.0,0.10615847
0.0,577,0.20371921,11560.0,0.05,-10.12191,0.06540042,0.8760863,57800.0,0.106153965
0.0,578,0.20371827,11580.0,0.02,-11.030536,0.06538334,0.8760836,57900.0,0.106152296
0.05,579,0.20372075,11600.0,0.03,-8.132105,0.065359995,0.87607616,58000.0,0.106154166
0.05,580,0.2037261,11620.0,0.02,-10.294504,0.06533116,0.87608284,58100.0,0.106154025
0.0,581,0.20372553,11640.0,0.01,-9.567453,0.06530453,0.87608814,58200.0,0.106145225
0.0,582,0.20372118,11660.0,0.05,-11.171385,0.065294944,0.8761039,58300.0,0.106151246
0.05,583,0.2037212,11680.0,0.06,-10.140465,0.06526955,0.8761179,58400.0,0.10615901
0.0,584,0.20372148,11700.0,0.05,-8.590456,0.06524967,0.87612647,58500.0,0.106157206
0.1,585,0.20372419,11720.0,0.05,-9.07607,0.06522769,0.8761172,58600.0,0.10615634
0.05,586,0.20372595,11740.0,0.02,-10.747947,0.0652108,0.87610626,58700.0,0.106158994
0.05,587,0.20372729,11760.0,0.05,-9.176997,0.06519868,0.87610024,58800.0,0.10615001
0.05,588,0.20372917,11780.0,0.02,-7.4038267,0.06518296,0.8761118,58900.0,0.106157474
0.1,589,0.20372647,11800.0,0.05,-9.75075,0.06516003,0.87611985,59000.0,0.10614913
0.0,590,0.20372859,11820.0,0.03,-9.59737,0.06515451,0.8761175,59100.0,0.106146276
0.05,591,0.2037304,11840.0,0.05,-5.9231353,0.06515238,0.8761091,59200.0,0.106137544
0.0,592,0.20373473,11860.0,0.04,-10.637352,0.06514264,0.8760877,59300.0,0.10612864
0.05,593,0.20373392,11880.0,0.05,-9.408918,0.065126255,0.8760769,59400.0,0.10612178
0.0,594,0.20373613,11900.0,0.01,-8.276652,0.065123275,0.87605304,59500.0,0.106119655
0.0,595,0.20373718,11920.0,0.03,-9.424204,0.06510487,0.87606287,59600.0,0.106120564
0.1,596,0.20373826,11940.0,0.02,-6.9351873,0.06509002,0.876065,59700.0,0.106129825
0.05,597,0.20373677,11960.0,0.04,-8.879487,0.06508427,0.8760553,59800.0,0.10611669
0.0,598,0.20373851,11980.0,0.05,-9.473435,0.06506548,0.8760576,59900.0,0.10611168
0.0,599,0.20374109,12000.0,0.06,-9.674609,0.06505171,0.8760515,60000.0,0.106110536
0.05,600,0.20374319,12020.0,0.01,-11.611099,0.06504263,0.87605006,60100.0,0.10611048
0.0,601,0.20374532,12040.0,0.02,-10.173383,0.06503136,0.8760355,60200.0,0.10609937
0.0,602,0.20374364,12060.0,0.02,-8.714216,0.06501703,0.8760508,60300.0,0.1061063
0.1,603,0.20374633,12080.0,0.03,-9.798125,0.065001234,0.87607354,60400.0,0.10610777
0.05,604,0.20375086,12100.0,0.05,-9.550035,0.06498701,0.8760721,60500.0,0.106117226
0.05,605,0.20375213,12120.0,0.04,-9.825483,0.06497914,0.8760648,60600.0,0.106109954
0.0,606,0.20375252,12140.0,0.01,-8.773921,0.06496174,0.8760626,60700.0,0.10611347
0.0,607,0.20375451,12160.0,0.04,-11.238985,0.06494757,0.8760469,60800.0,0.10610944
0.05,608,0.20375443,12180.0,0.05,-10.823242,0.06494002,0.8760302,60900.0,0.10611069
0.05,609,0.2037524,12200.0,0.03,-10.442926,0.06492306,0.87603027,61000.0,0.10612016
0.05,610,0.20374914,12220.0,0.04,-8.876665,0.06491625,0.87604123,61100.0,0.106130086
0.0,611,0.20374927,12240.0,0.04,-9.963215,0.06490129,0.87603647,61200.0,0.1061309
0.05,612,0.20375282,12260.0,0.05,-9.483263,0.06490186,0.87603474,61300.0,0.10613433
0.0,613,0.20375454,12280.0,0.06,-12.476146,0.064884216,0.87601733,61400.0,0.106125616
0.0,614,0.20375274,12300.0,0.04,-8.06497,0.0648697,0.87601495,61500.0,0.10612023
0.05,615,0.20375669,12320.0,0.01,-9.514036,0.064854205,0.87601155,61600.0,0.10612138
0.0,616,0.20375688,12340.0,0.05,-8.346608,0.06484605,0.8760237,61700.0,0.10611713
0.05,617,0.20375708,12360.0,0.0,-9.575849,0.0648279,0.87602204,61800.0,0.1061067
0.0,618,0.20376314,12380.0,0.07,-9.543549,0.06480829,0.8760236,61900.0,0.10610541
0.0,619,0.2037648,12400.0,0.05,-10.511655,0.06479211,0.87601095,62000.0,0.10610998
0.05,620,0.20376527,12420.0,0.04,-10.424093,0.06477163,0.8760054,62100.0,0.106110476
0.0,621,0.20376146,12440.0,0.03,-10.889204,0.06475013,0.87600493,62200.0,0.106102586
0.05,622,0.20376408,12460.0,0.02,-8.829294,0.06472734,0.87601566,62300.0,0.10610926
0.0,623,0.20376343,12480.0,0.08,-11.900132,0.06470682,0.8760078,62400.0,0.10611089
0.05,624,0.20376387,12500.0,0.04,-8.742355,0.06471043,0.87601596,62500.0,0.106116824
0.0,625,0.20376423,12520.0,0.04,-8.925608,0.064697124,0.8759977,62600.0,0.10611206
0.05,626,0.203765,12540.0,0.04,-10.033747,0.06468934,0.87598246,62700.0,0.10610589
0.05,627,0.203766,12560.0,0.06,-9.901762,0.0646767,0.87598497,62800.0,0.10610763
0.05,628,0.20376173,12580.0,0.02,-10.907334,0.06466153,0.8759864,62900.0,0.1061103
0.05,629,0.20376396,12600.0,0.04,-8.212898,0.064662516,0.8759942,63000.0,0.10611075
0.0,630,0.20376246,12620.0,0.05,-11.724538,0.0646705,0.8759809,63100.0,0.10610888
0.1,631,0.20376524,12640.0,0.03,-9.306835,0.06465081,0.87598366,63200.0,0.10610855
0.15,632,0.20376654,12660.0,0.06,-8.227162,0.06463745,0.875964,63300.0,0.10610279
0.0,633,0.20376207,12680.0,0.06,-11.354619,0.06462028,0.8759803,63400.0,0.10610336
0.0,634,0.20375817,12700.0,0.04,-11.578977,0.06460283,0.87599427,63500.0,0.10610784
0.0,635,0.20375884,12720.0,0.01,-9.581909,0.064586975,0.87601227,63600.0,0.10611943
0.05,636,0.20375885,12740.0,0.06,-9.66948,0.06456691,0.8760054,63700.0,0.10611981
0.0,637,0.20376153,12760.0,0.02,-9.497235,0.06456493,0.8760109,63800.0,0.10612339
0.05,638,0.20376207,12780.0,0.03,-14.154927,0.06457137,0.8760269,63900.0,0.10611871
0.05,639,0.20376319,12800.0,0.05,-10.481433,0.06455688,0.87602395,64000.0,0.10611827
0.0,640,0.20375901,12820.0,0.05,-10.182067,0.06455438,0.876014,64100.0,0.1061211
0.0,641,0.2037596,12840.0,0.01,-10.967817,0.064535335,0.87603205,64200.0,0.106133215
0.05,642,0.20376109,12860.0,0.06,-8.853656,0.06453081,0.8760275,64300.0,0.1061311
0.0,643,0.20376223,12880.0,0.06,-10.647581,0.064541176,0.8760237,64400.0,0.10612679
0.05,644,0.20376551,12900.0,0.03,-10.17871,0.06453903,0.8760188,64500.0,0.10613219
0.05,645,0.2037661,12920.0,0.02,-8.816565,0.064542204,0.87602216,64600.0,0.10612938
0.1,646,0.20376301,12940.0,0.02,-8.691014,0.06454191,0.8760248,64700.0,0.1061332
0.0,647,0.20376247,12960.0,0.02,-10.084827,0.064528175,0.8760214,64800.0,0.10612986
0.0,648,0.2037634,12980.0,0.07,-9.4217205,0.064530894,0.8760371,64900.0,0.10613393
0.05,649,0.20376429,13000.0,0.06,-10.031292,0.06451821,0.87603664,65000.0,0.10613509
0.0,650,0.20376742,13020.0,0.01,-9.30263,0.064499594,0.87603575,65100.0,0.1061365
0.15,651,0.20376669,13040.0,0.01,-8.521004,0.064478405,0.8760421,65200.0,0.10613354
0.0,652,0.2037677,13060.0,0.03,-10.563322,0.06446849,0.8760555,65300.0,0.10614109
0.05,653,0.20376946,13080.0,0.04,-7.9024763,0.06444718,0.8760504,65400.0,0.10614344
0.1,654,0.20376821,13100.0,0.04,-9.4799795,0.06444791,0.8760426,65500.0,0.10614208
0.0,655,0.20376867,13120.0,0.04,-11.161092,0.06444178,0.87605166,65600.0,0.10614035
0.05,656,0.20376886,13140.0,0.04,-7.8443017,0.06442025,0.8760504,65700.0,0.106133126
0.15,657,0.20377082,13160.0,0.04,-9.696934,0.06441829,0.8760607,65800.0,0.10613086
0.0,658,0.20377165,13180.0,0.03,-9.846156,0.064397775,0.8760584,65900.0,0.10612359
0.05,659,0.20377211,13200.0,0.05,-10.039156,0.06437926,0.8760593,66000.0,0.10612074
0.1,660,0.2037707,13220.0,0.03,-11.745844,0.0643719,0.87606645,66100.0,0.10611997
0.05,661,0.20377344,13240.0,0.0,-8.439215,0.064357944,0.8760619,66200.0,0.10611426
0.0,662,0.20377193,13260.0,0.04,-10.534058,0.064337,0.8760476,66300.0,0.10611185
0.0,663,0.20377363,13280.0,0.03,-9.909331,0.06432279,0.8760521,66400.0,0.106108874
0.1,664,0.20377627,13300.0,0.05,-8.501828,0.06430904,0.8760713,66500.0,0.106111646
0.05,665,0.20377874,13320.0,0.03,-10.393194,0.064286426,0.8760845,66600.0,0.10611861
0.0,666,0.20377865,13340.0,0.02,-10.128603,0.064272515,0.8760857,66700.0,0.106126934
0.05,667,0.20378207,13360.0,0.05,-11.056517,0.06426351,0.8760698,66800.0,0.106130324
0.1,668,0.20378394,13380.0,0.01,-10.13281,0.064263724,0.8760671,66900.0,0.10613471
0.0,669,0.20378488,13400.0,0.04,-10.069262,0.06426926,0.8760579,67000.0,0.10613177
0.0,670,0.20378694,13420.0,0.03,-9.931073,0.064259596,0.8760729,67100.0,0.106136404
0.05,671,0.2037862,13440.0,0.04,-9.727987,0.064280055,0.87606645,67200.0,0.106137365
0.0,672,0.20378745,13460.0,0.05,-11.807202,0.064269565,0.87606436,67300.0,0.106146075
0.0,673,0.20378819,13480.0,0.0,-12.650192,0.06427607,0.8760478,67400.0,0.10613433
0.15,674,0.20378447,13500.0,0.01,-6.261072,0.064270355,0.87604785,67500.0,0.106141426
0.0,675,0.20378499,13520.0,0.06,-9.623223,0.06425221,0.8760567,67600.0,0.10614779
0.1,676,0.2037861,13540.0,0.03,-10.08306,0.064244464,0.87604696,67700.0,0.10613649
0.0,677,0.20378618,13560.0,0.03,-10.506575,0.06423011,0.8760511,67800.0,0.10614253
0.05,678,0.20378679,13580.0,0.02,-8.517376,0.0642278,0.8760426,67900.0,0.10614041
0.05,679,0.20378785,13600.0,0.05,-9.721119,0.06421402,0.8760292,68000.0,0.10613024
0.0,680,0.20379142,13620.0,0.03,-8.14248,0.06422958,0.8760328,68100.0,0.10613798
0.0,681,0.20379284,13640.0,0.02,-10.869157,0.06423686,0.8760322,68200.0,0.10612744
0.0,682,0.2037919,13660.0,0.03,-8.905892,0.06424637,0.8760438,68300.0,0.10612818
0.0,683,0.20379421,13680.0,0.03,-11.836051,0.06424286,0.876038,68400.0,0.10612299
0.0,684,0.20379648,13700.0,0.03,-9.237901,0.064239375,0.8760419,68500.0,0.10612922
0.1,685,0.20380081,13720.0,0.03,-8.087291,0.06423955,0.8760271,68600.0,0.10613207
0.0,686,0.20380424,13740.0,0.03,-8.515863,0.064262666,0.8760304,68700.0,0.10612601
0.05,687,0.20381014,13760.0,0.05,-9.214517,0.06428877,0.87604403,68800.0,0.10612766
0.0,688,0.20380396,13780.0,0.03,-11.697584,0.06431979,0.8760488,68900.0,0.106133334
0.05,689,0.20380852,13800.0,0.04,-8.468581,0.06430857,0.8760581,69000.0,0.10613006
0.05,690,0.20380516,13820.0,0.0,-10.866739,0.06429664,0.8760681,69100.0,0.106133044
0.0,691,0.20380361,13840.0,0.05,-9.969414,0.06429331,0.87606746,69200.0,0.106125206
0.0,692,0.2038035,13860.0,0.02,-10.000228,0.06428461,0.87608415,69300.0,0.106136106
0.0,693,0.20380591,13880.0,0.03,-10.726968,0.064284705,0.876086,69400.0,0.10613794
0.05,694,0.20380516,13900.0,0.05,-9.615766,0.06430598,0.87608105,69500.0,0.106134675
0.0,695,0.20380792,13920.0,0.05,-8.534974,0.064299434,0.8760833,69600.0,0.10613036
0.05,696,0.20380878,13940.0,0.0,-9.698801,0.064324655,0.87607175,69700.0,0.10612217
0.0,697,0.20380755,13960.0,0.05,-11.392609,0.06432807,0.8760546,69800.0,0.10611582
0.15,698,0.20380484,13980.0,0.05,-11.02891,0.06433286,0.87605906,69900.0,0.106117405
0.05,699,0.20379966,14000.0,0.02,-10.209318,0.06435983,0.87605745,70000.0,0.10611138
0.1,700,0.20379965,14020.0,0.02,-10.397615,0.064370975,0.87605745,70100.0,0.10610821
0.0,701,0.20379895,14040.0,0.07,-9.36812,0.06436808,0.8760573,70200.0,0.10610952
0.1,702,0.20379794,14060.0,0.01,-6.355907,0.06437134,0.876055,70300.0,0.1061048
0.0,703,0.20380142,14080.0,0.04,-9.419264,0.064388536,0.87603956,70400.0,0.106104575
0.05,704,0.2038023,14100.0,0.03,-8.682044,0.06438384,0.8760348,70500.0,0.106092304
0.0,705,0.20380268,14120.0,0.03,-10.016977,0.06438458,0.8760411,70600.0,0.10608559
0.05,706,0.2038047,14140.0,0.03,-8.967239,0.06438187,0.8760386,70700.0,0.10608464
0.05,707,0.20380764,14160.0,0.05,-8.690124,0.06437717,0.8760333,70800.0,0.10608975
0.0,708,0.20380315,14180.0,0.09,-9.437014,0.064367935,0.8760254,70900.0,0.106086046
0.05,709,0.2038038,14200.0,0.01,-9.94062,0.06435468,0.87602216,71000.0,0.1060795
0.05,710,0.2038035,14220.0,0.04,-7.964429,0.06434264,0.8760276,71100.0,0.1060788
0.0,711,0.20380402,14240.0,0.03,-9.213749,0.06433155,0.8760275,71200.0,0.10607618
0.0,712,0.20380355,14260.0,0.06,-7.413396,0.064313725,0.87602687,71300.0,0.10608115
0.0,713,0.20380545,14280.0,0.06,-9.398405,0.064298585,0.87602663,71400.0,0.1060764
0.0,714,0.20380564,14300.0,0.01,-7.4504485,0.064285785,0.87602,71500.0,0.1060707
0.05,715,0.20380947,14320.0,0.01,-8.081475,0.06428485,0.8760374,71600.0,0.106082015
0.05,716,0.20380734,14340.0,0.03,-10.095587,0.06427766,0.87604505,71700.0,0.10609233
0.05,717,0.20380914,14360.0,0.03,-8.73301,0.06425882,0.87606144,71800.0,0.10610581
0.0,718,0.20380634,14380.0,0.02,-10.351625,0.064265825,0.8760564,71900.0,0.10610404
0.05,719,0.20380586,14400.0,0.06,-6.6505356,0.06424927,0.8760591,72000.0,0.10611302
0.05,720,0.20380661,14420.0,0.02,-11.184652,0.06423939,0.87605006,72100.0,0.10611568
0.0,721,0.20380706,14440.0,0.01,-10.960798,0.0642255,0.8760345,72200.0,0.10610973
0.05,722,0.20380594,14460.0,0.03,-9.686312,0.064207494,0.8760381,72300.0,0.10611088
0.0,723,0.20380653,14480.0,0.07,-8.742311,0.064194776,0.8760414,72400.0,0.10611255
0.05,724,0.20380883,14500.0,0.04,-6.921402,0.06418353,0.87604123,72500.0,0.10611573
0.05,725,0.20380583,14520.0,0.05,-9.928079,0.06416846,0.87602884,72600.0,0.10611061
0.0,726,0.20380063,14540.0,0.04,-10.683504,0.06416193,0.8760214,72700.0,0.106105804
0.05,727,0.20379837,14560.0,0.06,-9.177787,0.06415772,0.8760126,72800.0,0.10609824
0.1,728,0.20379236,14580.0,0.02,-8.168807,0.06416645,0.8760016,72900.0,0.10610092
0.0,729,0.2037951,14600.0,0.03,-12.264955,0.064165786,0.8760092,73000.0,0.10610511
0.05,730,0.2037979,14620.0,0.05,-8.332506,0.06416878,0.8759963,73100.0,0.10610383
0.0,731,0.20379807,14640.0,0.02,-11.883856,0.06415822,0.87601066,73200.0,0.106106676
0.0,732,0.20379646,14660.0,0.03,-7.757066,0.064155154,0.87599665,73300.0,0.106100924
0.1,733,0.20379564,14680.0,0.05,-9.822873,0.064146854,0.87599736,73400.0,0.106101595
0.1,734,0.20379895,14700.0,0.03,-9.073732,0.06414599,0.87599236,73500.0,0.10610268
0.0,735,0.2038009,14720.0,0.03,-9.457483,0.06412901,0.8760082,73600.0,0.1061121
0.05,736,0.20380108,14740.0,0.02,-10.350879,0.06412119,0.8760071,73700.0,0.1061118
0.0,737,0.20379719,14760.0,0.07,-11.463803,0.06411842,0.8760006,73800.0,0.10611701
0.0,738,0.20379803,14780.0,0.03,-8.377301,0.06411524,0.8760147,73900.0,0.10612682
0.05,739,0.20379837,14800.0,0.04,-10.455221,0.06410884,0.87600756,74000.0,0.10611882
0.05,740,0.20380022,14820.0,0.04,-13.039314,0.064093955,0.8759928,74100.0,0.10611004
0.05,741,0.20380306,14840.0,0.04,-11.422056,0.06409637,0.8759784,74200.0,0.10610768
0.05,742,0.20380273,14860.0,0.02,-7.522429,0.06410071,0.87597483,74300.0,0.106107205
0.05,743,0.20380366,14880.0,0.07,-9.182148,0.06409945,0.87598276,74400.0,0.10611418
0.0,744,0.20380288,14900.0,0.04,-12.536857,0.0640981,0.87597513,74500.0,0.106107496
0.05,745,0.2038007,14920.0,0.03,-9.930055,0.06411636,0.87597495,74600.0,0.10610914
0.15,746,0.20380244,14940.0,0.04,-8.4111,0.06411126,0.875969,74700.0,0.10610662
0.0,747,0.20380233,14960.0,0.03,-9.374287,0.06413997,0.87596893,74800.0,0.10610396
0.05,748,0.20379478,14980.0,0.03,-7.8053765,0.06417674,0.8759616,74900.0,0.106104575
0.1,749,0.20379618,15000.0,0.03,-9.781008,0.06418216,0.8759697,75000.0,0.10610186
0.05,750,0.20379815,15020.0,0.01,-11.170609,0.06420065,0.87596494,75100.0,0.10609474
0.05,751,0.20379688,15040.0,0.02,-12.1551,0.0641991,0.8759759,75200.0,0.106096126
0.05,752,0.20379436,15060.0,0.04,-10.119525,0.06421447,0.87597924,75300.0,0.10609264
0.05,753,0.20379491,15080.0,0.04,-13.101239,0.06421046,0.8759789,75400.0,0.10609138
0.05,754,0.20379752,15100.0,0.04,-12.266722,0.06423186,0.87597376,75500.0,0.10609334
0.0,755,0.20379518,15120.0,0.0,-11.46365,0.06425253,0.8759635,75600.0,0.106090166
0.0,756,0.20379366,15140.0,0.01,-12.294607,0.064262226,0.87596107,75700.0,0.10608669
0.05,757,0.20379284,15160.0,0.04,-9.464159,0.06428248,0.8759684,75800.0,0.10608989
0.05,758,0.20379522,15180.0,0.01,-8.3146305,0.064279586,0.8759663,75900.0,0.106087446
0.0,759,0.20379578,15200.0,0.05,-11.062923,0.06427171,0.87597245,76000.0,0.106084265
0.05,760,0.20379709,15220.0,0.06,-10.155119,0.06427898,0.87596136,76100.0,0.106081724
0.05,761,0.20379345,15240.0,0.02,-9.912567,0.064280935,0.8759659,76200.0,0.10608057
0.0,762,0.20379497,15260.0,0.07,-10.439899,0.06429837,0.8759601,76300.0,0.106081694
0.0,763,0.20379439,15280.0,0.02,-9.098062,0.064296246,0.87595636,76400.0,0.106077045
0.0,764,0.203791,15300.0,0.03,-9.460321,0.06431742,0.8759484,76500.0,0.1060734
0.0,765,0.20379251,15320.0,0.05,-10.74135,0.06431446,0.8759535,76600.0,0.10606372
0.1,766,0.20379053,15340.0,0.04,-9.997935,0.06431673,0.8759723,76700.0,0.10607141
0.05,767,0.20379214,15360.0,0.05,-10.459481,0.06432694,0.87596846,76800.0,0.106066525
0.0,768,0.20379265,15380.0,0.03,-13.003923,0.06432755,0.8759611,76900.0,0.10606164
0.1,769,0.20379592,15400.0,0.03,-9.731224,0.064338535,0.8759613,77000.0,0.10606227
0.15,770,0.20379774,15420.0,0.0,-10.411924,0.06434653,0.8759637,77100.0,0.10606128
0.0,771,0.20379916,15440.0,0.03,-8.871442,0.064357884,0.8759566,77200.0,0.10605394
0.05,772,0.2037979,15460.0,0.03,-8.66199,0.06436383,0.8759534,77300.0,0.10605041
0.0,773,0.20379409,15480.0,0.02,-10.569326,0.064373486,0.875966,77400.0,0.10606297
0.05,774,0.20379385,15500.0,0.04,-11.863632,0.06437948,0.8759718,77500.0,0.106061816
0.2,775,0.20379265,15520.0,0.02,-7.425372,0.06438471,0.87598276,77600.0,0.10606519
0.0,776,0.20379023,15540.0,0.05,-12.6403675,0.0643959,0.8759856,77700.0,0.10606519
0.0,777,0.20378858,15560.0,0.04,-12.457228,0.06440401,0.8759751,77800.0,0.10605956
0.0,778,0.20378837,15580.0,0.03,-9.467249,0.064415924,0.87598276,77900.0,0.106060505
0.0,779,0.20378728,15600.0,0.01,-11.032305,0.06444418,0.87598926,78000.0,0.10605329
0.0,780,0.20379049,15620.0,0.03,-9.597192,0.06443328,0.87599605,78100.0,0.106057025
0.05,781,0.2037936,15640.0,0.05,-10.665149,0.06443094,0.8759952,78200.0,0.106060386
0.05,782,0.20379293,15660.0,0.02,-10.125322,0.06443995,0.8759993,78300.0,0.10605565
0.0,783,0.20379426,15680.0,0.01,-9.691644,0.064436935,0.8759918,78400.0,0.10605361
0.05,784,0.20379244,15700.0,0.04,-11.380514,0.0644455,0.87599534,78500.0,0.106058836
0.05,785,0.20379262,15720.0,0.02,-12.973185,0.0644381,0.87600136,78600.0,0.10605659
0.0,786,0.20379296,15740.0,0.04,-8.942812,0.06443447,0.8760071,78700.0,0.106051944
0.05,787,0.20379372,15760.0,0.02,-11.989642,0.06442541,0.87601614,78800.0,0.10605153
0.1,788,0.20379536,15780.0,0.05,-9.2638855,0.064418726,0.87600654,78900.0,0.10604439
0.1,789,0.20379314,15800.0,0.01,-8.671008,0.06441811,0.8760068,79000.0,0.10604892
0.0,790,0.20379569,15820.0,0.01,-10.495366,0.064422555,0.8760035,79100.0,0.10605381
0.05,791,0.20379834,15840.0,0.04,-11.327563,0.06441815,0.87599343,79200.0,0.10605353
0.0,792,0.20379849,15860.0,0.05,-10.840742,0.06441832,0.8759916,79300.0,0.10605347
0.05,793,0.20379946,15880.0,0.03,-11.602664,0.06441245,0.87599015,79400.0,0.106049694
0.0,794,0.2037991,15900.0,0.02,-12.800647,0.06442915,0.87599164,79500.0,0.10604998
0.05,795,0.20379572,15920.0,0.04,-8.742203,0.064440005,0.8760016,79600.0,0.10604477
0.05,796,0.20379515,15940.0,0.02,-11.129969,0.06443602,0.8760047,79700.0,0.10604509
0.05,797,0.20379591,15960.0,0.04,-10.629873,0.06442755,0.8760119,79800.0,0.10604384
0.0,798,0.20379418,15980.0,0.02,-13.825246,0.0644438,0.8760268,79900.0,0.10605147
0.05,799,0.20379348,16000.0,0.02,-10.098932,0.064446084,0.8760293,80000.0,0.1060533
0.05,800,0.2037976,16020.0,0.03,-8.700483,0.06443955,0.87603337,80100.0,0.106053196
0.05,801,0.20379624,16040.0,0.03,-9.281641,0.06443942,0.87603456,80200.0,0.10604916
0.0,802,0.20379825,16060.0,0.05,-10.725396,0.06444869,0.8760266,80300.0,0.10604814
0.05,803,0.20379645,16080.0,0.05,-11.632692,0.06443849,0.8760093,80400.0,0.106044054
0.0,804,0.20379259,16100.0,0.04,-10.083785,0.06446205,0.8760152,80500.0,0.10604628
0.05,805,0.20379235,16120.0,0.07,-10.678751,0.0644551,0.8760087,80600.0,0.10604278
0.0,806,0.20379318,16140.0,0.01,-12.237817,0.06445842,0.8760081,80700.0,0.106036104
0.0,807,0.20379463,16160.0,0.0,-10.29934,0.06447499,0.8760147,80800.0,0.10603898
0.05,808,0.20379551,16180.0,0.01,-10.315097,0.06447695,0.87600803,80900.0,0.10603374
0.0,809,0.2037931,16200.0,0.05,-11.956342,0.06448399,0.87600636,81000.0,0.10603362
0.05,810,0.20379578,16220.0,0.07,-9.115507,0.06449561,0.87600374,81100.0,0.10603007
0.05,811,0.20379795,16240.0,0.02,-10.683523,0.064509496,0.87599975,81200.0,0.10603192
0.0,812,0.20379202,16260.0,0.01,-9.077171,0.06451342,0.8760099,81300.0,0.10602909
0.0,813,0.20379187,16280.0,0.02,-8.657381,0.06451044,0.87602407,81400.0,0.10603311
0.0,814,0.20379344,16300.0,0.11,-10.251893,0.06450689,0.8760256,81500.0,0.10603282
0.1,815,0.20379291,16320.0,0.05,-8.780588,0.06450113,0.87603325,81600.0,0.10603815
0.05,816,0.20379099,16340.0,0.03,-7.121783,0.06450438,0.8760357,81700.0,0.10604129
0.1,817,0.20378616,16360.0,0.06,-8.672969,0.06452752,0.87603253,81800.0,0.106036045
0.05,818,0.2037812,16380.0,0.04,-8.834587,0.06453692,0.8760224,81900.0,0.10603372
0.0,819,0.2037837,16400.0,0.03,-11.230692,0.06454244,0.87602735,82000.0,0.10603366
0.05,820,0.20378126,16420.0,0.03,-6.9799414,0.06454787,0.87602144,82100.0,0.106030904
0.0,821,0.2037799,16440.0,0.02,-8.671232,0.06454756,0.8760188,82200.0,0.106027745
0.05,822,0.20378059,16460.0,0.02,-9.3189745,0.06453648,0.87601835,82300.0,0.1060339
0.2,823,0.20378166,16480.0,0.03,-7.4193754,0.064542614,0.8760163,82400.0,0.10603162
0.0,824,0.20378304,16500.0,0.04,-10.471829,0.06455473,0.87600356,82500.0,0.10603112
0.0,825,0.20378186,16520.0,0.01,-9.672266,0.06458244,0.8760124,82600.0,0.10602555
0.2,826,0.20378439,16540.0,0.03,-7.4709167,0.0646031,0.87600327,82700.0,0.10601872
0.0,827,0.20378748,16560.0,0.05,-9.757315,0.064609334,0.87600404,82800.0,0.10601753
0.0,828,0.20378867,16580.0,0.05,-13.804141,0.064614795,0.8760064,82900.0,0.106014095
0.05,829,0.20378868,16600.0,0.03,-9.389158,0.0646187,0.8760055,83000.0,0.106009044
0.05,830,0.20378625,16620.0,0.05,-9.438408,0.06461423,0.8760121,83100.0,0.1060094
0.0,831,0.20378608,16640.0,0.04,-9.472296,0.06461573,0.87601167,83200.0,0.10600698
0.1,832,0.20378466,16660.0,0.05,-10.831296,0.06460926,0.87601,83300.0,0.106005155
0.0,833,0.20378584,16680.0,0.03,-11.721145,0.06459996,0.87601835,83400.0,0.1060073
0.0,834,0.20378345,16700.0,0.03,-10.462596,0.06459275,0.8760088,83500.0,0.10600599
0.0,835,0.2037849,16720.0,0.06,-10.66731,0.06457532,0.876012,83600.0,0.10600531
0.0,836,0.20378432,16740.0,0.03,-8.892954,0.06456263,0.87600255,83700.0,0.10599827
0.0,837,0.20378567,16760.0,0.08,-9.89136,0.064572334,0.8759992,83800.0,0.10599395
0.0,838,0.20378646,16780.0,0.1,-9.538715,0.06455755,0.87598866,83900.0,0.10598928
0.05,839,0.20378508,16800.0,0.03,-9.89558,0.06454479,0.87599283,84000.0,0.105988495
0.1,840,0.20378456,16820.0,0.05,-11.958958,0.06453515,0.87599725,84100.0,0.105992906
0.15,841,0.20378487,16840.0,0.05,-9.673225,0.06453796,0.87599343,84200.0,0.105993904
0.05,842,0.20378374,16860.0,0.01,-9.765979,0.06452802,0.87600785,84300.0,0.1059981
0.0,843,0.20378529,16880.0,0.04,-8.599976,0.064513355,0.8760038,84400.0,0.1059894
0.05,844,0.20378435,16900.0,0.07,-9.287614,0.064502165,0.876,84500.0,0.10598577
0.05,845,0.2037835,16920.0,0.03,-9.492274,0.06448628,0.876004,84600.0,0.105989315
0.05,846,0.2037866,16940.0,0.06,-10.254545,0.064482614,0.8760068,84700.0,0.105991475
0.0,847,0.20378794,16960.0,0.04,-9.537606,0.06448079,0.87601036,84800.0,0.105992794
0.0,848,0.20378676,16980.0,0.02,-11.875284,0.06447655,0.87601304,84900.0,0.1059883
0.0,849,0.20378894,17000.0,0.02,-12.104048,0.06446406,0.87600493,85000.0,0.10599052
0.0,850,0.20378876,17020.0,0.04,-10.1706295,0.06445707,0.8760045,85100.0,0.105987184
0.0,851,0.20378985,17040.0,0.05,-10.233252,0.064456895,0.8760049,85200.0,0.10598799
0.0,852,0.20378932,17060.0,0.05,-12.531675,0.06444871,0.8760058,85300.0,0.10598961
0.0,853,0.20379195,17080.0,0.0,-10.39662,0.06444135,0.87600416,85400.0,0.105994724
0.0,854,0.20379539,17100.0,0.03,-10.650646,0.0644398,0.8760044,85500.0,0.10599136
0.05,855,0.20379262,17120.0,0.05,-10.3342705,0.06444666,0.8760023,85600.0,0.105991505
0.1,856,0.20379096,17140.0,0.03,-10.250247,0.06445056,0.8759999,85700.0,0.10598817
0.0,857,0.20379223,17160.0,0.08,-8.276236,0.06444764,0.875993,85800.0,0.1059934
0.05,858,0.2037929,17180.0,0.04,-9.936758,0.06446455,0.8759882,85900.0,0.1059868
0.05,859,0.2037897,17200.0,0.04,-12.700655,0.06447688,0.87597924,86000.0,0.105978824
0.0,860,0.20379162,17220.0,0.08,-11.751156,0.064472005,0.8759742,86100.0,0.10598276
0.15,861,0.20379436,17240.0,0.03,-9.1341505,0.06446912,0.8759796,86200.0,0.1059851
0.0,862,0.20379055,17260.0,0.04,-10.574854,0.06446418,0.87597775,86300.0,0.105981685
0.1,863,0.20379348,17280.0,0.01,-8.985184,0.064471185,0.87598175,86400.0,0.10597944
0.0,864,0.20379227,17300.0,0.03,-10.455029,0.06447303,0.87599725,86500.0,0.10597996
0.1,865,0.20378976,17320.0,0.02,-10.929735,0.06446952,0.87601495,86600.0,0.105983615
0.05,866,0.20379339,17340.0,0.03,-9.846637,0.06447793,0.87602264,86700.0,0.10598449
0.0,867,0.20379543,17360.0,0.01,-11.411696,0.06450068,0.876029,86800.0,0.105986275
0.0,868,0.2037983,17380.0,0.04,-11.880109,0.064505905,0.8760298,86900.0,0.105991066
0.0,869,0.20379898,17400.0,0.03,-10.293001,0.06450446,0.8760343,87000.0,0.10599228
0.05,870,0.20379886,17420.0,0.05,-10.181126,0.06452517,0.87602633,87100.0,0.10599246
0.1,871,0.20380451,17440.0,0.06,-11.604853,0.0645326,0.876023,87200.0,0.1059924
0.0,872,0.20380524,17460.0,0.08,-8.185671,0.0645608,0.8760109,87300.0,0.10599329
0.0,873,0.20380959,17480.0,0.04,-10.258514,0.06456031,0.8760114,87400.0,0.10599538
0.05,874,0.2038117,17500.0,0.06,-10.307566,0.06457866,0.8760062,87500.0,0.10598504
0.0,875,0.20381255,17520.0,0.0,-9.781195,0.06458406,0.8760006,87600.0,0.10598513
0.0,876,0.20381296,17540.0,0.04,-10.387674,0.06458908,0.87599754,87700.0,0.10598358
0.05,877,0.20381622,17560.0,0.06,-11.051783,0.064596,0.87599903,87800.0,0.105980836
0.1,878,0.20381579,17580.0,0.01,-9.683484,0.06460419,0.8760044,87900.0,0.105977125
0.0,879,0.20381404,17600.0,0.07,-10.435875,0.06461784,0.8760225,88000.0,0.1059829
0.05,880,0.20381373,17620.0,0.03,-9.17081,0.064620554,0.8760285,88100.0,0.10598689
0.05,881,0.2038163,17640.0,0.07,-13.774408,0.06462412,0.8760225,88200.0,0.10598895
0.1,882,0.20381667,17660.0,0.04,-7.326712,0.064611495,0.87601656,88300.0,0.10598764
0.05,883,0.20381542,17680.0,0.06,-9.904129,0.0646072,0.8760293,88400.0,0.10599197
0.05,884,0.20381662,17700.0,0.03,-10.521185,0.064607345,0.8760267,88500.0,0.10599426
0.0,885,0.2038173,17720.0,0.04,-14.199806,0.06462281,0.87602997,88600.0,0.105988584
0.0,886,0.20381796,17740.0,0.01,-9.224189,0.064628474,0.8760355,88700.0,0.105994046
0.0,887,0.20381792,17760.0,0.0,-12.771847,0.06462132,0.8760379,88800.0,0.105999134
0.05,888,0.20381585,17780.0,0.04,-12.087849,0.064625494,0.8760395,88900.0,0.10599577
0.05,889,0.203816,17800.0,0.03,-9.607912,0.06463854,0.8760516,89000.0,0.10600426
0.05,890,0.20381445,17820.0,0.04,-10.99868,0.064631365,0.8760531,89100.0,0.10600448
0.1,891,0.20381531,17840.0,0.05,-7.096095,0.06463392,0.87604666,89200.0,0.105997205
0.0,892,0.20381723,17860.0,0.01,-12.348457,0.064647935,0.87603927,89300.0,0.10599748
0.05,893,0.20381957,17880.0,0.01,-11.055629,0.06465893,0.8760486,89400.0,0.10600513
0.05,894,0.20381771,17900.0,0.07,-8.999571,0.064655624,0.8760441,89500.0,0.10600349
0.0,895,0.20381741,17920.0,0.02,-8.927894,0.06466919,0.8760438,89600.0,0.10600247
0.05,896,0.20381537,17940.0,0.06,-10.732951,0.06467476,0.87605065,89700.0,0.10600352
0.05,897,0.20381524,17960.0,0.01,-7.7957115,0.06467052,0.8760535,89800.0,0.10600576
0.0,898,0.20381534,17980.0,0.05,-9.144875,0.06467776,0.8760578,89900.0,0.10600541
0.05,899,0.20381367,18000.0,0.08,-11.775171,0.06470902,0.87605476,90000.0,0.1060012
0.05,900,0.20381525,18020.0,0.01,-9.021528,0.064721614,0.8760659,90100.0,0.106003664
0.05,901,0.20381403,18040.0,0.04,-9.69345,0.06473766,0.8760653,90200.0,0.106001794
0.0,902,0.20381108,18060.0,0.04,-8.97075,0.06473312,0.8760662,90300.0,0.106001236
0.05,903,0.20381205,18080.0,0.03,-8.689665,0.06473265,0.8760707,90400.0,0.10600164
0.05,904,0.20381485,18100.0,0.02,-8.481759,0.06475591,0.8760858,90500.0,0.106002994
0.05,905,0.20381649,18120.0,0.03,-7.5540175,0.0647616,0.87607783,90600.0,0.106000684
0.05,906,0.20381773,18140.0,0.03,-8.080912,0.06476636,0.8760803,90700.0,0.10600015
0.0,907,0.20381664,18160.0,0.04,-12.573857,0.064763926,0.87607074,90800.0,0.10599407
0.05,908,0.20381752,18180.0,0.04,-9.183691,0.06477034,0.8760781,90900.0,0.10600108
0.1,909,0.20381764,18200.0,0.04,-9.473309,0.064789645,0.87608653,91000.0,0.1059994
0.05,910,0.20381737,18220.0,0.06,-9.454599,0.06479106,0.87608546,91100.0,0.106005885
0.0,911,0.20381594,18240.0,0.03,-7.6151595,0.064791605,0.87607807,91200.0,0.106013976
0.05,912,0.20381504,18260.0,0.01,-10.465215,0.06479267,0.876074,91300.0,0.10600561
0.0,913,0.20381384,18280.0,0.07,-8.45302,0.0647936,0.8760714,91400.0,0.1060056
0.0,914,0.20381323,18300.0,0.04,-10.649733,0.064793676,0.87606335,91500.0,0.10599777
0.05,915,0.20381442,18320.0,0.04,-8.212568,0.06483367,0.8760688,91600.0,0.10600581
0.15,916,0.2038152,18340.0,0.04,-10.83427,0.064844616,0.87607163,91700.0,0.10601007
0.05,917,0.20381445,18360.0,0.03,-8.314162,0.06484569,0.8760729,91800.0,0.10600694
0.05,918,0.20381749,18380.0,0.03,-9.218361,0.064875506,0.87607837,91900.0,0.10601151
0.0,919,0.20381807,18400.0,0.05,-8.761185,0.064867675,0.8760855,92000.0,0.106018305
0.1,920,0.20381723,18420.0,0.02,-9.800684,0.064858526,0.87608486,92100.0,0.10601697
0.0,921,0.20381825,18440.0,0.02,-10.8738575,0.064850815,0.8760795,92200.0,0.10601431
0.0,922,0.20382103,18460.0,0.02,-9.176147,0.06484892,0.87609434,92300.0,0.10601682
0.1,923,0.20382127,18480.0,0.03,-7.6099153,0.06484538,0.87609607,92400.0,0.106016
0.0,924,0.20381983,18500.0,0.06,-9.508009,0.064849064,0.8761018,92500.0,0.106020354
0.0,925,0.20382085,18520.0,0.03,-8.767605,0.06484948,0.87610245,92600.0,0.10601755
0.1,926,0.20382304,18540.0,0.0,-8.893854,0.06485414,0.8761094,92700.0,0.10601505
0.0,927,0.20382255,18560.0,0.03,-10.57474,0.064859085,0.87611103,92800.0,0.106022514
0.0,928,0.20382038,18580.0,0.05,-9.882716,0.064872816,0.8761099,92900.0,0.106023096
0.0,929,0.20382218,18600.0,0.04,-9.232012,0.06486409,0.87610847,93000.0,0.10603171
0.05,930,0.20382209,18620.0,0.04,-9.129759,0.06486622,0.8761086,93100.0,0.10603249
0.0,931,0.20382488,18640.0,0.02,-10.631019,0.064866394,0.87610596,93200.0,0.106029235
0.0,932,0.20382349,18660.0,0.03,-11.508172,0.064862005,0.87610656,93300.0,0.10603251
0.0,933,0.20382744,18680.0,0.04,-8.450884,0.06487757,0.8761015,93400.0,0.106032886
0.0,934,0.20382576,18700.0,0.01,-9.649011,0.06490891,0.8761101,93500.0,0.10603271
0.0,935,0.20382555,18720.0,0.05,-8.60428,0.0649143,0.8761113,93600.0,0.10603184
0.0,936,0.20382185,18740.0,0.04,-10.10135,0.06491413,0.8761079,93700.0,0.10603105
0.05,937,0.20382443,18760.0,0.03,-11.130246,0.06491339,0.8761041,93800.0,0.10602301
0.05,938,0.20382494,18780.0,0.06,-9.412401,0.06490489,0.8760933,93900.0,0.10602418
0.0,939,0.20382376,18800.0,0.03,-9.683696,0.064904206,0.8761034,94000.0,0.106034316
0.05,940,0.20382549,18820.0,0.03,-7.482942,0.064903066,0.8761091,94100.0,0.10603025
0.05,941,0.20382853,18840.0,0.05,-10.274778,0.06491392,0.87611145,94200.0,0.10602876
0.0,942,0.20382841,18860.0,0.05,-12.238019,0.06492267,0.8761077,94300.0,0.10602716
0.05,943,0.20382959,18880.0,0.05,-10.868174,0.064926185,0.87611055,94400.0,0.10602224
0.05,944,0.20383258,18900.0,0.02,-10.416664,0.064937316,0.87611896,94500.0,0.10602364
0.0,945,0.20383257,18920.0,0.04,-8.893592,0.06495949,0.8761142,94600.0,0.10601964
0.0,946,0.20383085,18940.0,0.05,-10.668659,0.064978935,0.87611026,94700.0,0.106015444
0.0,947,0.20383152,18960.0,0.03,-10.048212,0.064991295,0.8761113,94800.0,0.10600855
0.1,948,0.2038311,18980.0,0.04,-11.043297,0.06499949,0.8761074,94900.0,0.106012546
0.0,949,0.20383196,19000.0,0.03,-11.301915,0.06501101,0.8761177,95000.0,0.10601369
0.0,950,0.203826,19020.0,0.02,-10.061464,0.06502691,0.8761139,95100.0,0.10600916
0.05,951,0.20382491,19040.0,0.08,-7.8354354,0.065049246,0.876105,95200.0,0.1060115
0.05,952,0.20382471,19060.0,0.06,-11.848638,0.06506116,0.8761065,95300.0,0.10601124
0.1,953,0.20382178,19080.0,0.02,-9.109727,0.06505976,0.87611485,95400.0,0.10601664
0.05,954,0.20382297,19100.0,0.02,-10.524671,0.06505421,0.8761098,95500.0,0.10601433
0.0,955,0.20382185,19120.0,0.02,-9.952913,0.065071024,0.8761061,95600.0,0.106015384
0.05,956,0.2038229,19140.0,0.02,-10.775175,0.065075986,0.87609243,95700.0,0.106010936
0.0,957,0.20381942,19160.0,0.01,-11.9884,0.0650758,0.87608665,95800.0,0.106011145
0.1,958,0.20382069,19180.0,0.06,-7.80845,0.06507873,0.876091,95900.0,0.10601097
0.05,959,0.20382288,19200.0,0.03,-9.992335,0.06507939,0.87609464,96000.0,0.10601628
0.0,960,0.20382304,19220.0,0.05,-6.8333526,0.06507477,0.876097,96100.0,0.10601753
0.0,961,0.20382395,19240.0,0.05,-13.264537,0.06506612,0.876105,96200.0,0.106018305
0.0,962,0.20381905,19260.0,0.05,-13.870321,0.06506546,0.87610906,96300.0,0.1060163
0.1,963,0.20381914,19280.0,0.02,-10.636934,0.0650689,0.8761175,96400.0,0.10601614
0.1,964,0.2038196,19300.0,0.05,-11.509838,0.065070234,0.8761149,96500.0,0.106016755
0.05,965,0.20382044,19320.0,0.01,-11.161787,0.06506534,0.8761247,96600.0,0.10601666
0.1,966,0.20381905,19340.0,0.04,-9.548095,0.06505665,0.8761189,96700.0,0.10601238
0.0,967,0.2038181,19360.0,0.05,-10.949978,0.065039255,0.87612385,96800.0,0.10601246
0.1,968,0.20381586,19380.0,0.01,-10.263972,0.06502789,0.8761189,96900.0,0.10601246
0.0,969,0.20381537,19400.0,0.03,-11.236277,0.06501946,0.8761298,97000.0,0.10601681
0.0,970,0.20381571,19420.0,0.09,-9.6807995,0.06501444,0.8761301,97100.0,0.10602436
0.0,971,0.2038165,19440.0,0.07,-8.109127,0.06501523,0.8761349,97200.0,0.10602025
0.05,972,0.2038181,19460.0,0.05,-9.268961,0.06500432,0.87612486,97300.0,0.10601386
0.0,973,0.20381844,19480.0,0.03,-12.339975,0.065002896,0.87611765,97400.0,0.10601302
0.0,974,0.20381881,19500.0,0.06,-11.140696,0.0649929,0.8761042,97500.0,0.10600734
0.05,975,0.20381893,19520.0,0.02,-10.324923,0.064989306,0.8761113,97600.0,0.10601006
0.05,976,0.20382221,19540.0,0.03,-10.270672,0.06498588,0.8761132,97700.0,0.10601523
0.0,977,0.20382492,19560.0,0.02,-10.246774,0.064980276,0.8761175,97800.0,0.106018305
0.0,978,0.20382485,19580.0,0.01,-10.2444725,0.06497513,0.8761182,97900.0,0.1060132
0.05,979,0.20382576,19600.0,0.03,-9.5342655,0.064972,0.8761223,98000.0,0.106014974
0.05,980,0.20382391,19620.0,0.05,-9.873702,0.06497707,0.87612414,98100.0,0.106011115
0.0,981,0.20382297,19640.0,0.0,-9.153372,0.0649743,0.87612534,98200.0,0.10601163
0.05,982,0.20382425,19660.0,0.04,-8.863642,0.06497374,0.87613344,98300.0,0.10601264
0.0,983,0.20382316,19680.0,0.08,-10.0824795,0.064972624,0.8761317,98400.0,0.106013514
0.15,984,0.20382209,19700.0,0.04,-8.422336,0.06496587,0.8761311,98500.0,0.10601363
0.05,985,0.20382051,19720.0,0.04,-9.746027,0.06497334,0.87612706,98600.0,0.10601318
0.0,986,0.20381962,19740.0,0.05,-11.204522,0.06497593,0.87612057,98700.0,0.10601294
0.1,987,0.20381807,19760.0,0.04,-8.469336,0.06497722,0.8761177,98800.0,0.10600694
0.0,988,0.20381668,19780.0,0.07,-10.9447155,0.065000795,0.8761274,98900.0,0.10601157
0.05,989,0.20381793,19800.0,0.02,-9.624468,0.06500446,0.8761371,99000.0,0.10601438
0.0,990,0.2038162,19820.0,0.05,-8.310703,0.065004334,0.8761427,99100.0,0.106014885
0.0,991,0.2038133,19840.0,0.06,-11.995494,0.06500755,0.8761463,99200.0,0.10601691
0.0,992,0.20381165,19860.0,0.02,-10.676116,0.0650116,0.8761539,99300.0,0.10601774
0.0,993,0.20381029,19880.0,0.04,-8.766567,0.06502027,0.8761561,99400.0,0.106016375
0.05,994,0.20381108,19900.0,0.04,-9.459202,0.06501939,0.876158,99500.0,0.10601691
0.05,995,0.20381194,19920.0,0.05,-9.712135,0.06500819,0.876157,99600.0,0.10601481
0.0,996,0.20381051,19940.0,0.03,-7.8639555,0.06500972,0.8761632,99700.0,0.10601733
0.0,997,0.2038092,19960.0,0.03,-9.986801,0.06501474,0.8761611,99800.0,0.10601439
0.0,998,0.20380959,19980.0,0.0,-8.633401,0.065019086,0.87615925,99900.0,0.106015086
0.0,999,0.20381138,20000.0,0.0,-11.289268,0.06503193,0.8761618,100000.0,0.10601703
